<?xml version='1.0' encoding='UTF-8' standalone='yes' ?>
<gpx version="1.1" creator="OsmAnd 5.4.6" xmlns="http://www.topografix.com/GPX/1/1" xmlns:osmand="https://osmand.net/docs/technical/osmand-file-formats/osmand-gpx" xmlns:gpxtpx="https://www8.garmin.com/xmlschemas/TrackPointExtensionv1.xsd" xmlns:xsi="http://www.w3.org/2001/XMLSchema-instance" xsi:schemaLocation="http://www.topografix.com/GPX/1/1 https://www.topografix.com/GPX/1/1/gpx.xsd">
  <metadata>
    <name>2026-10-04_06-24_Sun</name>
    <time>2026-10-04T09:19:06Z</time>
  </metadata>
  <trk>
    <trkseg>
      <trkpt lat="51.3270049" lon="12.3230849">
        <ele>116.4</ele>
        <time>2026-10-04T04:28:28Z</time>
        <hdop>4.6</hdop>
        <extensions>
          <osmand:speed>2.8</osmand:speed>
        </extensions>
      </trkpt>
      <trkpt lat="51.3268082" lon="12.322971">
        <ele>116.4</ele>
        <time>2026-10-04T04:28:33Z</time>
        <hdop>4.6</hdop>
        <extensions>
          <osmand:speed>3.6</osmand:speed>
        </extensions>
      </trkpt>
      <trkpt lat="51.326587" lon="12.3228914">
        <ele>116.7</ele>
        <time>2026-10-04T04:28:38Z</time>
        <hdop>4.6</hdop>
        <extensions>
          <osmand:speed>3.9</osmand:speed>
        </extensions>
      </trkpt>
      <trkpt lat="51.3263279" lon="12.3228366">
        <ele>116.6</ele>
        <time>2026-10-04T04:28:44Z</time>
        <hdop>4.7</hdop>
        <extensions>
          <osmand:speed>4.2</osmand:speed>
        </extensions>
      </trkpt>
      <trkpt lat="51.3260344" lon="12.3227673">
        <ele>116.8</ele>
        <time>2026-10-04T04:28:50Z</time>
        <hdop>4.8</hdop>
        <extensions>
          <osmand:speed>4.9</osmand:speed>
        </extensions>
      </trkpt>
      <trkpt lat="51.3257517" lon="12.3226809">
        <ele>117.1</ele>
        <time>2026-10-04T04:28:56Z</time>
        <hdop>5.8</hdop>
        <extensions>
          <osmand:speed>5.1</osmand:speed>
        </extensions>
      </trkpt>
      <trkpt lat="51.3254654" lon="12.3226033">
        <ele>116.6</ele>
        <time>2026-10-04T04:29:02Z</time>
        <hdop>5.8</hdop>
        <extensions>
          <osmand:speed>5.4</osmand:speed>
        </extensions>
      </trkpt>
      <trkpt lat="51.3251742" lon="12.3225292">
        <ele>116.6</ele>
        <time>2026-10-04T04:29:08Z</time>
        <hdop>5.5</hdop>
        <extensions>
          <osmand:speed>5.3</osmand:speed>
        </extensions>
      </trkpt>
      <trkpt lat="51.3248719" lon="12.3224508">
        <ele>116.9</ele>
        <time>2026-10-04T04:29:14Z</time>
        <hdop>5.7</hdop>
        <extensions>
          <osmand:speed>5.5</osmand:speed>
        </extensions>
      </trkpt>
      <trkpt lat="51.3245939" lon="12.3223797">
        <ele>116.7</ele>
        <time>2026-10-04T04:29:20Z</time>
        <hdop>5.5</hdop>
        <extensions>
          <osmand:speed>5.2</osmand:speed>
        </extensions>
      </trkpt>
      <trkpt lat="51.3243578" lon="12.3223117">
        <ele>117</ele>
        <time>2026-10-04T04:29:25Z</time>
        <hdop>5.5</hdop>
        <extensions>
          <osmand:speed>5.2</osmand:speed>
        </extensions>
      </trkpt>
      <trkpt lat="51.324074" lon="12.3222288">
        <ele>117.2</ele>
        <time>2026-10-04T04:29:31Z</time>
        <hdop>6</hdop>
        <extensions>
          <osmand:speed>5.4</osmand:speed>
        </extensions>
      </trkpt>
      <trkpt lat="51.3238364" lon="12.3221771">
        <ele>117.2</ele>
        <time>2026-10-04T04:29:36Z</time>
        <hdop>5.7</hdop>
        <extensions>
          <osmand:speed>5.4</osmand:speed>
        </extensions>
      </trkpt>
      <trkpt lat="51.3235367" lon="12.3220907">
        <ele>117.1</ele>
        <time>2026-10-04T04:29:42Z</time>
        <hdop>5.5</hdop>
        <extensions>
          <osmand:speed>5.5</osmand:speed>
        </extensions>
      </trkpt>
      <trkpt lat="51.323253" lon="12.322026">
        <ele>117.5</ele>
        <time>2026-10-04T04:29:48Z</time>
        <hdop>5.6</hdop>
        <extensions>
          <osmand:speed>5.2</osmand:speed>
        </extensions>
      </trkpt>
      <trkpt lat="51.3229565" lon="12.32195">
        <ele>117.2</ele>
        <time>2026-10-04T04:29:54Z</time>
        <hdop>5.4</hdop>
        <extensions>
          <osmand:speed>5.4</osmand:speed>
        </extensions>
      </trkpt>
      <trkpt lat="51.3227348" lon="12.3218908">
        <ele>117.1</ele>
        <time>2026-10-04T04:29:59Z</time>
        <hdop>5.6</hdop>
        <extensions>
          <osmand:speed>4.8</osmand:speed>
        </extensions>
      </trkpt>
      <trkpt lat="51.3225143" lon="12.3218353">
        <ele>117.2</ele>
        <time>2026-10-04T04:30:05Z</time>
        <hdop>6.3</hdop>
        <extensions>
          <osmand:speed>3.9</osmand:speed>
        </extensions>
      </trkpt>
      <trkpt lat="51.3223206" lon="12.3217599">
        <ele>117.3</ele>
        <time>2026-10-04T04:30:10Z</time>
        <hdop>5.3</hdop>
        <extensions>
          <osmand:speed>3.4</osmand:speed>
        </extensions>
      </trkpt>
      <trkpt lat="51.3222933" lon="12.3219837">
        <ele>117.1</ele>
        <time>2026-10-04T04:30:15Z</time>
        <hdop>3.8</hdop>
        <extensions>
          <osmand:speed>3.3</osmand:speed>
        </extensions>
      </trkpt>
      <trkpt lat="51.3224003" lon="12.3222994">
        <ele>117.4</ele>
        <time>2026-10-04T04:30:20Z</time>
        <hdop>4.3</hdop>
        <extensions>
          <osmand:speed>3.7</osmand:speed>
        </extensions>
      </trkpt>
      <trkpt lat="51.322452" lon="12.3225728">
        <ele>117.4</ele>
        <time>2026-10-04T04:30:26Z</time>
        <hdop>4</hdop>
        <extensions>
          <osmand:speed>3</osmand:speed>
        </extensions>
      </trkpt>
      <trkpt lat="51.3223" lon="12.3225774">
        <ele>117.7</ele>
        <time>2026-10-04T04:30:31Z</time>
        <hdop>4</hdop>
        <extensions>
          <osmand:speed>3.1</osmand:speed>
        </extensions>
      </trkpt>
      <trkpt lat="51.3220894" lon="12.3224866">
        <ele>117.9</ele>
        <time>2026-10-04T04:30:36Z</time>
        <hdop>4.2</hdop>
        <extensions>
          <osmand:speed>3.7</osmand:speed>
        </extensions>
      </trkpt>
      <trkpt lat="51.3217668" lon="12.3224255">
        <ele>117.6</ele>
        <time>2026-10-04T04:30:42Z</time>
        <hdop>6.3</hdop>
        <extensions>
          <osmand:speed>5.1</osmand:speed>
        </extensions>
      </trkpt>
      <trkpt lat="51.3215409" lon="12.3223673">
        <ele>117.8</ele>
        <time>2026-10-04T04:30:47Z</time>
        <hdop>6.5</hdop>
        <extensions>
          <osmand:speed>5.1</osmand:speed>
        </extensions>
      </trkpt>
      <trkpt lat="51.321324" lon="12.322315">
        <ele>118</ele>
        <time>2026-10-04T04:30:52Z</time>
        <hdop>6.1</hdop>
        <extensions>
          <osmand:speed>4.8</osmand:speed>
        </extensions>
      </trkpt>
      <trkpt lat="51.3210889" lon="12.3222533">
        <ele>117.9</ele>
        <time>2026-10-04T04:30:57Z</time>
        <hdop>6</hdop>
        <extensions>
          <osmand:speed>5.2</osmand:speed>
        </extensions>
      </trkpt>
      <trkpt lat="51.3208033" lon="12.3221709">
        <ele>117.7</ele>
        <time>2026-10-04T04:31:03Z</time>
        <hdop>6.1</hdop>
        <extensions>
          <osmand:speed>5.4</osmand:speed>
        </extensions>
      </trkpt>
      <trkpt lat="51.3205001" lon="12.3220612">
        <ele>117.9</ele>
        <time>2026-10-04T04:31:09Z</time>
        <hdop>6</hdop>
        <extensions>
          <osmand:speed>5.6</osmand:speed>
        </extensions>
      </trkpt>
      <trkpt lat="51.320193" lon="12.3219742">
        <ele>117.3</ele>
        <time>2026-10-04T04:31:15Z</time>
        <hdop>9</hdop>
        <extensions>
          <osmand:speed>5.7</osmand:speed>
        </extensions>
      </trkpt>
      <trkpt lat="51.3199241" lon="12.3218905">
        <ele>117.3</ele>
        <time>2026-10-04T04:31:21Z</time>
        <hdop>7.5</hdop>
        <extensions>
          <osmand:speed>5.5</osmand:speed>
        </extensions>
      </trkpt>
      <trkpt lat="51.3196952" lon="12.3219001">
        <ele>117.6</ele>
        <time>2026-10-04T04:31:27Z</time>
        <hdop>9.6</hdop>
        <extensions>
          <osmand:speed>4.7</osmand:speed>
        </extensions>
      </trkpt>
      <trkpt lat="51.319359" lon="12.3217598">
        <ele>117.8</ele>
        <time>2026-10-04T04:31:33Z</time>
        <hdop>6.6</hdop>
        <extensions>
          <osmand:speed>5.5</osmand:speed>
        </extensions>
      </trkpt>
      <trkpt lat="51.3190609" lon="12.3216947">
        <ele>117.7</ele>
        <time>2026-10-04T04:31:39Z</time>
        <hdop>7.2</hdop>
        <extensions>
          <osmand:speed>5.6</osmand:speed>
        </extensions>
      </trkpt>
      <trkpt lat="51.3187571" lon="12.321631">
        <ele>117.7</ele>
        <time>2026-10-04T04:31:45Z</time>
        <hdop>6.7</hdop>
        <extensions>
          <osmand:speed>5.7</osmand:speed>
        </extensions>
      </trkpt>
      <trkpt lat="51.3184849" lon="12.3215623">
        <ele>117.6</ele>
        <time>2026-10-04T04:31:50Z</time>
        <hdop>6.3</hdop>
        <extensions>
          <osmand:speed>6</osmand:speed>
        </extensions>
      </trkpt>
      <trkpt lat="51.3181597" lon="12.3214922">
        <ele>117.7</ele>
        <time>2026-10-04T04:31:56Z</time>
        <hdop>7.1</hdop>
        <extensions>
          <osmand:speed>5.9</osmand:speed>
        </extensions>
      </trkpt>
      <trkpt lat="51.3178983" lon="12.3214308">
        <ele>117.7</ele>
        <time>2026-10-04T04:32:01Z</time>
        <hdop>7.3</hdop>
        <extensions>
          <osmand:speed>5.9</osmand:speed>
        </extensions>
      </trkpt>
      <trkpt lat="51.3175761" lon="12.3213514">
        <ele>117.5</ele>
        <time>2026-10-04T04:32:07Z</time>
        <hdop>6.4</hdop>
        <extensions>
          <osmand:speed>6</osmand:speed>
        </extensions>
      </trkpt>
      <trkpt lat="51.3173168" lon="12.321289">
        <ele>117.8</ele>
        <time>2026-10-04T04:32:12Z</time>
        <hdop>6.4</hdop>
        <extensions>
          <osmand:speed>5.9</osmand:speed>
        </extensions>
      </trkpt>
      <trkpt lat="51.3170475" lon="12.3212425">
        <ele>117.6</ele>
        <time>2026-10-04T04:32:17Z</time>
        <hdop>6.5</hdop>
        <extensions>
          <osmand:speed>6</osmand:speed>
        </extensions>
      </trkpt>
      <trkpt lat="51.3167323" lon="12.3211925">
        <ele>117.5</ele>
        <time>2026-10-04T04:32:23Z</time>
        <hdop>6.5</hdop>
        <extensions>
          <osmand:speed>5.9</osmand:speed>
        </extensions>
      </trkpt>
      <trkpt lat="51.3164991" lon="12.3211713">
        <ele>117.6</ele>
        <time>2026-10-04T04:32:28Z</time>
        <hdop>6.5</hdop>
        <extensions>
          <osmand:speed>5</osmand:speed>
        </extensions>
      </trkpt>
      <trkpt lat="51.3163187" lon="12.321118">
        <ele>117.5</ele>
        <time>2026-10-04T04:32:34Z</time>
        <hdop>7.3</hdop>
        <extensions>
          <osmand:speed>3.7</osmand:speed>
        </extensions>
      </trkpt>
      <trkpt lat="51.3160855" lon="12.3211506">
        <ele>117.6</ele>
        <time>2026-10-04T04:32:39Z</time>
        <hdop>5.7</hdop>
        <extensions>
          <osmand:speed>4</osmand:speed>
        </extensions>
      </trkpt>
      <trkpt lat="51.3158119" lon="12.321237">
        <ele>117.9</ele>
        <time>2026-10-04T04:32:44Z</time>
        <hdop>5.1</hdop>
        <extensions>
          <osmand:speed>4.2</osmand:speed>
        </extensions>
      </trkpt>
      <trkpt lat="51.3154793" lon="12.321346">
        <ele>117.5</ele>
        <time>2026-10-04T04:32:50Z</time>
        <hdop>7.2</hdop>
        <extensions>
          <osmand:speed>4.9</osmand:speed>
        </extensions>
      </trkpt>
      <trkpt lat="51.3153138" lon="12.3214317">
        <ele>118.1</ele>
        <time>2026-10-04T04:32:55Z</time>
        <hdop>9.3</hdop>
        <extensions>
          <osmand:speed>5.7</osmand:speed>
        </extensions>
      </trkpt>
      <trkpt lat="51.3149995" lon="12.3214423">
        <ele>118</ele>
        <time>2026-10-04T04:33:01Z</time>
        <hdop>7.3</hdop>
        <extensions>
          <osmand:speed>4.9</osmand:speed>
        </extensions>
      </trkpt>
      <trkpt lat="51.3146775" lon="12.3215358">
        <ele>117.6</ele>
        <time>2026-10-04T04:33:07Z</time>
        <hdop>7.7</hdop>
        <extensions>
          <osmand:speed>5.4</osmand:speed>
        </extensions>
      </trkpt>
      <trkpt lat="51.3143973" lon="12.3216515">
        <ele>116.7</ele>
        <time>2026-10-04T04:33:13Z</time>
        <hdop>7.6</hdop>
        <extensions>
          <osmand:speed>5.1</osmand:speed>
        </extensions>
      </trkpt>
      <trkpt lat="51.3141532" lon="12.3217716">
        <ele>116.6</ele>
        <time>2026-10-04T04:33:18Z</time>
        <hdop>7.2</hdop>
        <extensions>
          <osmand:speed>5.2</osmand:speed>
        </extensions>
      </trkpt>
      <trkpt lat="51.3138614" lon="12.3218366">
        <ele>116.4</ele>
        <time>2026-10-04T04:33:24Z</time>
        <hdop>9.5</hdop>
        <extensions>
          <osmand:speed>5.4</osmand:speed>
        </extensions>
      </trkpt>
      <trkpt lat="51.3135545" lon="12.322039">
        <ele>116.2</ele>
        <time>2026-10-04T04:33:30Z</time>
        <hdop>7.7</hdop>
        <extensions>
          <osmand:speed>6.1</osmand:speed>
        </extensions>
      </trkpt>
      <trkpt lat="51.3132899" lon="12.3221846">
        <ele>116.1</ele>
        <time>2026-10-04T04:33:36Z</time>
        <hdop>7.1</hdop>
        <extensions>
          <osmand:speed>5</osmand:speed>
        </extensions>
      </trkpt>
      <trkpt lat="51.3129729" lon="12.3223486">
        <ele>115.9</ele>
        <time>2026-10-04T04:33:42Z</time>
        <hdop>7.9</hdop>
        <extensions>
          <osmand:speed>5.7</osmand:speed>
        </extensions>
      </trkpt>
      <trkpt lat="51.3127413" lon="12.3225299">
        <ele>115.8</ele>
        <time>2026-10-04T04:33:47Z</time>
        <hdop>7.6</hdop>
        <extensions>
          <osmand:speed>5.7</osmand:speed>
        </extensions>
      </trkpt>
      <trkpt lat="51.3125038" lon="12.3227981">
        <ele>116.2</ele>
        <time>2026-10-04T04:33:53Z</time>
        <hdop>6.6</hdop>
        <extensions>
          <osmand:speed>5.2</osmand:speed>
        </extensions>
      </trkpt>
      <trkpt lat="51.3123181" lon="12.3229678">
        <ele>116.4</ele>
        <time>2026-10-04T04:33:58Z</time>
        <hdop>6.2</hdop>
        <extensions>
          <osmand:speed>4.9</osmand:speed>
        </extensions>
      </trkpt>
      <trkpt lat="51.312012" lon="12.3231128">
        <ele>116.2</ele>
        <time>2026-10-04T04:34:04Z</time>
        <hdop>7.9</hdop>
        <extensions>
          <osmand:speed>5.5</osmand:speed>
        </extensions>
      </trkpt>
      <trkpt lat="51.3119326" lon="12.3232333">
        <ele>116.6</ele>
        <time>2026-10-04T04:34:09Z</time>
        <hdop>8.1</hdop>
        <extensions>
          <osmand:speed>1.9</osmand:speed>
        </extensions>
      </trkpt>
      <trkpt lat="51.3117873" lon="12.3233219">
        <ele>116.6</ele>
        <time>2026-10-04T04:34:14Z</time>
        <hdop>6</hdop>
        <extensions>
          <osmand:speed>2.5</osmand:speed>
        </extensions>
      </trkpt>
      <trkpt lat="51.3117258" lon="12.3234146">
        <ele>116.4</ele>
        <time>2026-10-04T04:34:20Z</time>
        <hdop>4.5</hdop>
        <extensions>
          <osmand:speed>2</osmand:speed>
        </extensions>
      </trkpt>
      <trkpt lat="51.3117182" lon="12.3236217">
        <ele>116.4</ele>
        <time>2026-10-04T04:34:25Z</time>
        <hdop>5.4</hdop>
        <extensions>
          <osmand:speed>2.5</osmand:speed>
        </extensions>
      </trkpt>
      <trkpt lat="51.3117061" lon="12.3239857">
        <ele>116.7</ele>
        <time>2026-10-04T04:34:31Z</time>
        <hdop>5.7</hdop>
        <extensions>
          <osmand:speed>3.4</osmand:speed>
        </extensions>
      </trkpt>
      <trkpt lat="51.311691" lon="12.3243753">
        <ele>117.8</ele>
        <time>2026-10-04T04:34:36Z</time>
        <hdop>4.9</hdop>
        <extensions>
          <osmand:speed>4</osmand:speed>
        </extensions>
      </trkpt>
      <trkpt lat="51.3117027" lon="12.3247282">
        <ele>116.9</ele>
        <time>2026-10-04T04:34:41Z</time>
        <hdop>4.7</hdop>
        <extensions>
          <osmand:speed>4</osmand:speed>
        </extensions>
      </trkpt>
      <trkpt lat="51.3117171" lon="12.3250911">
        <ele>116.4</ele>
        <time>2026-10-04T04:34:46Z</time>
        <hdop>4.9</hdop>
        <extensions>
          <osmand:speed>3.8</osmand:speed>
        </extensions>
      </trkpt>
      <trkpt lat="51.311708" lon="12.3254382">
        <ele>115.7</ele>
        <time>2026-10-04T04:34:52Z</time>
        <hdop>4.8</hdop>
        <extensions>
          <osmand:speed>3.8</osmand:speed>
        </extensions>
      </trkpt>
      <trkpt lat="51.3116945" lon="12.3257305">
        <ele>115.8</ele>
        <time>2026-10-04T04:34:57Z</time>
        <hdop>4.2</hdop>
        <extensions>
          <osmand:speed>3.1</osmand:speed>
        </extensions>
      </trkpt>
      <trkpt lat="51.3114016" lon="12.3257486">
        <ele>115.7</ele>
        <time>2026-10-04T04:35:03Z</time>
        <hdop>4.6</hdop>
        <extensions>
          <osmand:speed>4.8</osmand:speed>
        </extensions>
      </trkpt>
      <trkpt lat="51.3110895" lon="12.3258301">
        <ele>115.6</ele>
        <time>2026-10-04T04:35:08Z</time>
        <hdop>6.3</hdop>
        <extensions>
          <osmand:speed>6.4</osmand:speed>
        </extensions>
      </trkpt>
      <trkpt lat="51.3107888" lon="12.3258781">
        <ele>115.6</ele>
        <time>2026-10-04T04:35:13Z</time>
        <hdop>5.9</hdop>
        <extensions>
          <osmand:speed>6.7</osmand:speed>
        </extensions>
      </trkpt>
      <trkpt lat="51.3104788" lon="12.3259538">
        <ele>115.5</ele>
        <time>2026-10-04T04:35:18Z</time>
        <hdop>5.7</hdop>
        <extensions>
          <osmand:speed>6.9</osmand:speed>
        </extensions>
      </trkpt>
      <trkpt lat="51.3101161" lon="12.3260748">
        <ele>115.1</ele>
        <time>2026-10-04T04:35:24Z</time>
        <hdop>5.5</hdop>
        <extensions>
          <osmand:speed>7</osmand:speed>
        </extensions>
      </trkpt>
      <trkpt lat="51.309783" lon="12.3261508">
        <ele>114.6</ele>
        <time>2026-10-04T04:35:29Z</time>
        <hdop>5.4</hdop>
        <extensions>
          <osmand:speed>7.3</osmand:speed>
        </extensions>
      </trkpt>
      <trkpt lat="51.3094469" lon="12.3262283">
        <ele>114.5</ele>
        <time>2026-10-04T04:35:34Z</time>
        <hdop>5.5</hdop>
        <extensions>
          <osmand:speed>7.3</osmand:speed>
        </extensions>
      </trkpt>
      <trkpt lat="51.3090557" lon="12.3263209">
        <ele>113.8</ele>
        <time>2026-10-04T04:35:40Z</time>
        <hdop>5.6</hdop>
        <extensions>
          <osmand:speed>7.4</osmand:speed>
        </extensions>
      </trkpt>
      <trkpt lat="51.3087327" lon="12.3263919">
        <ele>113.4</ele>
        <time>2026-10-04T04:35:45Z</time>
        <hdop>5.9</hdop>
        <extensions>
          <osmand:speed>7</osmand:speed>
        </extensions>
      </trkpt>
      <trkpt lat="51.3083431" lon="12.326423">
        <ele>113.7</ele>
        <time>2026-10-04T04:35:51Z</time>
        <hdop>6.5</hdop>
        <extensions>
          <osmand:speed>7.2</osmand:speed>
        </extensions>
      </trkpt>
      <trkpt lat="51.3079944" lon="12.3264086">
        <ele>114.5</ele>
        <time>2026-10-04T04:35:57Z</time>
        <hdop>5.7</hdop>
        <extensions>
          <osmand:speed>6.4</osmand:speed>
        </extensions>
      </trkpt>
      <trkpt lat="51.3076582" lon="12.3262875">
        <ele>114.6</ele>
        <time>2026-10-04T04:36:03Z</time>
        <hdop>5.3</hdop>
        <extensions>
          <osmand:speed>6.1</osmand:speed>
        </extensions>
      </trkpt>
      <trkpt lat="51.307408" lon="12.3261176">
        <ele>115.2</ele>
        <time>2026-10-04T04:36:08Z</time>
        <hdop>6.2</hdop>
        <extensions>
          <osmand:speed>5.8</osmand:speed>
        </extensions>
      </trkpt>
      <trkpt lat="51.307132" lon="12.3258726">
        <ele>116.3</ele>
        <time>2026-10-04T04:36:14Z</time>
        <hdop>6.2</hdop>
        <extensions>
          <osmand:speed>5.7</osmand:speed>
        </extensions>
      </trkpt>
      <trkpt lat="51.3068678" lon="12.3256156">
        <ele>117.5</ele>
        <time>2026-10-04T04:36:20Z</time>
        <hdop>5.8</hdop>
        <extensions>
          <osmand:speed>5.6</osmand:speed>
        </extensions>
      </trkpt>
      <trkpt lat="51.3065974" lon="12.3253148">
        <ele>117.8</ele>
        <time>2026-10-04T04:36:26Z</time>
        <hdop>6.6</hdop>
        <extensions>
          <osmand:speed>5.9</osmand:speed>
        </extensions>
      </trkpt>
      <trkpt lat="51.3063362" lon="12.324986">
        <ele>117.9</ele>
        <time>2026-10-04T04:36:32Z</time>
        <hdop>6.6</hdop>
        <extensions>
          <osmand:speed>6</osmand:speed>
        </extensions>
      </trkpt>
      <trkpt lat="51.3060694" lon="12.3246513">
        <ele>118.4</ele>
        <time>2026-10-04T04:36:38Z</time>
        <hdop>6.2</hdop>
        <extensions>
          <osmand:speed>6.3</osmand:speed>
        </extensions>
      </trkpt>
      <trkpt lat="51.3057977" lon="12.3243083">
        <ele>118.3</ele>
        <time>2026-10-04T04:36:44Z</time>
        <hdop>6.1</hdop>
        <extensions>
          <osmand:speed>6.3</osmand:speed>
        </extensions>
      </trkpt>
      <trkpt lat="51.3055305" lon="12.3239937">
        <ele>118.6</ele>
        <time>2026-10-04T04:36:50Z</time>
        <hdop>5.7</hdop>
        <extensions>
          <osmand:speed>6</osmand:speed>
        </extensions>
      </trkpt>
      <trkpt lat="51.3052575" lon="12.323646">
        <ele>119.3</ele>
        <time>2026-10-04T04:36:56Z</time>
        <hdop>5.7</hdop>
        <extensions>
          <osmand:speed>6.3</osmand:speed>
        </extensions>
      </trkpt>
      <trkpt lat="51.3050284" lon="12.3233584">
        <ele>119.6</ele>
        <time>2026-10-04T04:37:01Z</time>
        <hdop>5.7</hdop>
        <extensions>
          <osmand:speed>6.3</osmand:speed>
        </extensions>
      </trkpt>
      <trkpt lat="51.3047584" lon="12.323016">
        <ele>119.3</ele>
        <time>2026-10-04T04:37:07Z</time>
        <hdop>5.5</hdop>
        <extensions>
          <osmand:speed>6.3</osmand:speed>
        </extensions>
      </trkpt>
      <trkpt lat="51.3044918" lon="12.3226838">
        <ele>119.7</ele>
        <time>2026-10-04T04:37:13Z</time>
        <hdop>5.5</hdop>
        <extensions>
          <osmand:speed>6</osmand:speed>
        </extensions>
      </trkpt>
      <trkpt lat="51.3042054" lon="12.3223526">
        <ele>120.8</ele>
        <time>2026-10-04T04:37:19Z</time>
        <hdop>5.8</hdop>
        <extensions>
          <osmand:speed>6.5</osmand:speed>
        </extensions>
      </trkpt>
      <trkpt lat="51.3039791" lon="12.3220651">
        <ele>120.5</ele>
        <time>2026-10-04T04:37:24Z</time>
        <hdop>5.7</hdop>
        <extensions>
          <osmand:speed>6.3</osmand:speed>
        </extensions>
      </trkpt>
      <trkpt lat="51.3037029" lon="12.3217221">
        <ele>120.6</ele>
        <time>2026-10-04T04:37:30Z</time>
        <hdop>5.8</hdop>
        <extensions>
          <osmand:speed>6.4</osmand:speed>
        </extensions>
      </trkpt>
      <trkpt lat="51.3034639" lon="12.3214681">
        <ele>121.2</ele>
        <time>2026-10-04T04:37:35Z</time>
        <hdop>6.1</hdop>
        <extensions>
          <osmand:speed>6.4</osmand:speed>
        </extensions>
      </trkpt>
      <trkpt lat="51.303155" lon="12.3211912">
        <ele>121.4</ele>
        <time>2026-10-04T04:37:41Z</time>
        <hdop>6.6</hdop>
        <extensions>
          <osmand:speed>6.5</osmand:speed>
        </extensions>
      </trkpt>
      <trkpt lat="51.3028335" lon="12.3209686">
        <ele>121.5</ele>
        <time>2026-10-04T04:37:47Z</time>
        <hdop>5.8</hdop>
        <extensions>
          <osmand:speed>6.5</osmand:speed>
        </extensions>
      </trkpt>
      <trkpt lat="51.3024862" lon="12.3208137">
        <ele>121.8</ele>
        <time>2026-10-04T04:37:53Z</time>
        <hdop>5.7</hdop>
        <extensions>
          <osmand:speed>6.6</osmand:speed>
        </extensions>
      </trkpt>
      <trkpt lat="51.3021384" lon="12.3207006">
        <ele>122</ele>
        <time>2026-10-04T04:37:59Z</time>
        <hdop>5.7</hdop>
        <extensions>
          <osmand:speed>6.6</osmand:speed>
        </extensions>
      </trkpt>
      <trkpt lat="51.3017606" lon="12.3206251">
        <ele>121.9</ele>
        <time>2026-10-04T04:38:05Z</time>
        <hdop>5.5</hdop>
        <extensions>
          <osmand:speed>6.9</osmand:speed>
        </extensions>
      </trkpt>
      <trkpt lat="51.3014642" lon="12.3205723">
        <ele>121.8</ele>
        <time>2026-10-04T04:38:10Z</time>
        <hdop>5.7</hdop>
        <extensions>
          <osmand:speed>6.5</osmand:speed>
        </extensions>
      </trkpt>
      <trkpt lat="51.3011676" lon="12.3205113">
        <ele>122</ele>
        <time>2026-10-04T04:38:15Z</time>
        <hdop>5.8</hdop>
        <extensions>
          <osmand:speed>6.6</osmand:speed>
        </extensions>
      </trkpt>
      <trkpt lat="51.3008244" lon="12.3204554">
        <ele>122.2</ele>
        <time>2026-10-04T04:38:21Z</time>
        <hdop>6.1</hdop>
        <extensions>
          <osmand:speed>6.4</osmand:speed>
        </extensions>
      </trkpt>
      <trkpt lat="51.3005126" lon="12.3204116">
        <ele>122.2</ele>
        <time>2026-10-04T04:38:27Z</time>
        <hdop>6.1</hdop>
        <extensions>
          <osmand:speed>5.4</osmand:speed>
        </extensions>
      </trkpt>
      <trkpt lat="51.3004166" lon="12.3203974">
        <ele>121.7</ele>
        <time>2026-10-04T04:38:33Z</time>
        <hdop>6.1</hdop>
        <extensions>
          <osmand:speed>0.1</osmand:speed>
        </extensions>
      </trkpt>
      <trkpt lat="51.3003696" lon="12.3203818">
        <ele>122</ele>
        <time>2026-10-04T04:39:01Z</time>
        <hdop>5.9</hdop>
        <extensions>
          <osmand:speed>3.6</osmand:speed>
        </extensions>
      </trkpt>
      <trkpt lat="51.3001883" lon="12.3206851">
        <ele>121.9</ele>
        <time>2026-10-04T04:39:07Z</time>
        <hdop>6.6</hdop>
        <extensions>
          <osmand:speed>5</osmand:speed>
        </extensions>
      </trkpt>
      <trkpt lat="51.3001537" lon="12.3211733">
        <ele>121.7</ele>
        <time>2026-10-04T04:39:12Z</time>
        <hdop>6.1</hdop>
        <extensions>
          <osmand:speed>6.4</osmand:speed>
        </extensions>
      </trkpt>
      <trkpt lat="51.3000083" lon="12.3214142">
        <ele>121.7</ele>
        <time>2026-10-04T04:39:18Z</time>
        <hdop>6</hdop>
        <extensions>
          <osmand:speed>3.3</osmand:speed>
        </extensions>
      </trkpt>
      <trkpt lat="51.2997524" lon="12.3213188">
        <ele>121.9</ele>
        <time>2026-10-04T04:39:24Z</time>
        <hdop>6.7</hdop>
        <extensions>
          <osmand:speed>4.8</osmand:speed>
        </extensions>
      </trkpt>
      <trkpt lat="51.2995063" lon="12.3212366">
        <ele>121.2</ele>
        <time>2026-10-04T04:39:30Z</time>
        <hdop>5.7</hdop>
        <extensions>
          <osmand:speed>3.7</osmand:speed>
        </extensions>
      </trkpt>
      <trkpt lat="51.2994296" lon="12.321379">
        <ele>121.4</ele>
        <time>2026-10-04T04:39:35Z</time>
        <hdop>6.6</hdop>
        <extensions>
          <osmand:speed>2.8</osmand:speed>
        </extensions>
      </trkpt>
      <trkpt lat="51.2992354" lon="12.3213196">
        <ele>121.3</ele>
        <time>2026-10-04T04:39:40Z</time>
        <hdop>5</hdop>
        <extensions>
          <osmand:speed>3.3</osmand:speed>
        </extensions>
      </trkpt>
      <trkpt lat="51.2989005" lon="12.3212136">
        <ele>120.9</ele>
        <time>2026-10-04T04:39:46Z</time>
        <hdop>6.4</hdop>
        <extensions>
          <osmand:speed>5.5</osmand:speed>
        </extensions>
      </trkpt>
      <trkpt lat="51.2986109" lon="12.3211183">
        <ele>120.5</ele>
        <time>2026-10-04T04:39:51Z</time>
        <hdop>5.8</hdop>
        <extensions>
          <osmand:speed>6.6</osmand:speed>
        </extensions>
      </trkpt>
      <trkpt lat="51.2982529" lon="12.3210171">
        <ele>120</ele>
        <time>2026-10-04T04:39:57Z</time>
        <hdop>5.9</hdop>
        <extensions>
          <osmand:speed>6.7</osmand:speed>
        </extensions>
      </trkpt>
      <trkpt lat="51.2978898" lon="12.32092">
        <ele>119.2</ele>
        <time>2026-10-04T04:40:03Z</time>
        <hdop>7.4</hdop>
        <extensions>
          <osmand:speed>6.7</osmand:speed>
        </extensions>
      </trkpt>
      <trkpt lat="51.2975039" lon="12.3207979">
        <ele>118.7</ele>
        <time>2026-10-04T04:40:09Z</time>
        <hdop>7.3</hdop>
        <extensions>
          <osmand:speed>6.8</osmand:speed>
        </extensions>
      </trkpt>
      <trkpt lat="51.2971509" lon="12.3206818">
        <ele>118.1</ele>
        <time>2026-10-04T04:40:15Z</time>
        <hdop>6.9</hdop>
        <extensions>
          <osmand:speed>6.7</osmand:speed>
        </extensions>
      </trkpt>
      <trkpt lat="51.2967498" lon="12.3205711">
        <ele>117.3</ele>
        <time>2026-10-04T04:40:21Z</time>
        <hdop>7</hdop>
        <extensions>
          <osmand:speed>7.1</osmand:speed>
        </extensions>
      </trkpt>
      <trkpt lat="51.2963569" lon="12.3204745">
        <ele>116.9</ele>
        <time>2026-10-04T04:40:27Z</time>
        <hdop>7.2</hdop>
        <extensions>
          <osmand:speed>6.9</osmand:speed>
        </extensions>
      </trkpt>
      <trkpt lat="51.2959705" lon="12.3203395">
        <ele>116.8</ele>
        <time>2026-10-04T04:40:33Z</time>
        <hdop>7.2</hdop>
        <extensions>
          <osmand:speed>6.9</osmand:speed>
        </extensions>
      </trkpt>
      <trkpt lat="51.295607" lon="12.3202414">
        <ele>116.8</ele>
        <time>2026-10-04T04:40:39Z</time>
        <hdop>6.9</hdop>
        <extensions>
          <osmand:speed>6.9</osmand:speed>
        </extensions>
      </trkpt>
      <trkpt lat="51.2952753" lon="12.3201551">
        <ele>117</ele>
        <time>2026-10-04T04:40:44Z</time>
        <hdop>6.9</hdop>
        <extensions>
          <osmand:speed>7.1</osmand:speed>
        </extensions>
      </trkpt>
      <trkpt lat="51.2948903" lon="12.3200229">
        <ele>116.8</ele>
        <time>2026-10-04T04:40:50Z</time>
        <hdop>7.8</hdop>
        <extensions>
          <osmand:speed>7.3</osmand:speed>
        </extensions>
      </trkpt>
      <trkpt lat="51.2945817" lon="12.3199212">
        <ele>116.6</ele>
        <time>2026-10-04T04:40:55Z</time>
        <hdop>7.8</hdop>
        <extensions>
          <osmand:speed>6.6</osmand:speed>
        </extensions>
      </trkpt>
      <trkpt lat="51.2942342" lon="12.3198268">
        <ele>116.5</ele>
        <time>2026-10-04T04:41:01Z</time>
        <hdop>6.9</hdop>
        <extensions>
          <osmand:speed>6.6</osmand:speed>
        </extensions>
      </trkpt>
      <trkpt lat="51.2939963" lon="12.3197481">
        <ele>116.3</ele>
        <time>2026-10-04T04:41:06Z</time>
        <hdop>6.3</hdop>
        <extensions>
          <osmand:speed>4.9</osmand:speed>
        </extensions>
      </trkpt>
      <trkpt lat="51.2937649" lon="12.3195483">
        <ele>116.4</ele>
        <time>2026-10-04T04:41:12Z</time>
        <hdop>5.9</hdop>
        <extensions>
          <osmand:speed>5.3</osmand:speed>
        </extensions>
      </trkpt>
      <trkpt lat="51.2935" lon="12.3194826">
        <ele>116.1</ele>
        <time>2026-10-04T04:41:17Z</time>
        <hdop>5.8</hdop>
        <extensions>
          <osmand:speed>6</osmand:speed>
        </extensions>
      </trkpt>
      <trkpt lat="51.2932082" lon="12.3193927">
        <ele>115.9</ele>
        <time>2026-10-04T04:41:22Z</time>
        <hdop>5.6</hdop>
        <extensions>
          <osmand:speed>6.6</osmand:speed>
        </extensions>
      </trkpt>
      <trkpt lat="51.2928479" lon="12.3192958">
        <ele>115.8</ele>
        <time>2026-10-04T04:41:28Z</time>
        <hdop>5.9</hdop>
        <extensions>
          <osmand:speed>6.6</osmand:speed>
        </extensions>
      </trkpt>
      <trkpt lat="51.2924922" lon="12.3191984">
        <ele>114.7</ele>
        <time>2026-10-04T04:41:34Z</time>
        <hdop>5.9</hdop>
        <extensions>
          <osmand:speed>6.6</osmand:speed>
        </extensions>
      </trkpt>
      <trkpt lat="51.2922006" lon="12.3191142">
        <ele>114.2</ele>
        <time>2026-10-04T04:41:39Z</time>
        <hdop>5.8</hdop>
        <extensions>
          <osmand:speed>6.4</osmand:speed>
        </extensions>
      </trkpt>
      <trkpt lat="51.291849" lon="12.3191649">
        <ele>113.4</ele>
        <time>2026-10-04T04:41:45Z</time>
        <hdop>6.3</hdop>
        <extensions>
          <osmand:speed>6.5</osmand:speed>
        </extensions>
      </trkpt>
      <trkpt lat="51.2914992" lon="12.3191121">
        <ele>113.3</ele>
        <time>2026-10-04T04:41:51Z</time>
        <hdop>6.1</hdop>
        <extensions>
          <osmand:speed>6.4</osmand:speed>
        </extensions>
      </trkpt>
      <trkpt lat="51.2911598" lon="12.3189169">
        <ele>113.9</ele>
        <time>2026-10-04T04:41:57Z</time>
        <hdop>6</hdop>
        <extensions>
          <osmand:speed>6.6</osmand:speed>
        </extensions>
      </trkpt>
      <trkpt lat="51.2908339" lon="12.3187067">
        <ele>114.2</ele>
        <time>2026-10-04T04:42:03Z</time>
        <hdop>6.3</hdop>
        <extensions>
          <osmand:speed>6.4</osmand:speed>
        </extensions>
      </trkpt>
      <trkpt lat="51.2905162" lon="12.3184864">
        <ele>115.4</ele>
        <time>2026-10-04T04:42:09Z</time>
        <hdop>6.4</hdop>
        <extensions>
          <osmand:speed>6.4</osmand:speed>
        </extensions>
      </trkpt>
      <trkpt lat="51.290255" lon="12.3182001">
        <ele>115.2</ele>
        <time>2026-10-04T04:42:14Z</time>
        <hdop>6.8</hdop>
        <extensions>
          <osmand:speed>6.9</osmand:speed>
        </extensions>
      </trkpt>
      <trkpt lat="51.2900411" lon="12.3178943">
        <ele>115.3</ele>
        <time>2026-10-04T04:42:19Z</time>
        <hdop>6.2</hdop>
        <extensions>
          <osmand:speed>6.5</osmand:speed>
        </extensions>
      </trkpt>
      <trkpt lat="51.2897857" lon="12.3175478">
        <ele>115.6</ele>
        <time>2026-10-04T04:42:25Z</time>
        <hdop>5.9</hdop>
        <extensions>
          <osmand:speed>6.1</osmand:speed>
        </extensions>
      </trkpt>
      <trkpt lat="51.2895658" lon="12.3172607">
        <ele>115.6</ele>
        <time>2026-10-04T04:42:30Z</time>
        <hdop>6.1</hdop>
        <extensions>
          <osmand:speed>6.2</osmand:speed>
        </extensions>
      </trkpt>
      <trkpt lat="51.2893307" lon="12.3169978">
        <ele>116.1</ele>
        <time>2026-10-04T04:42:35Z</time>
        <hdop>5.9</hdop>
        <extensions>
          <osmand:speed>6.1</osmand:speed>
        </extensions>
      </trkpt>
      <trkpt lat="51.2890842" lon="12.3167153">
        <ele>116.1</ele>
        <time>2026-10-04T04:42:40Z</time>
        <hdop>5.7</hdop>
        <extensions>
          <osmand:speed>6.7</osmand:speed>
        </extensions>
      </trkpt>
      <trkpt lat="51.2887822" lon="12.3163723">
        <ele>116.2</ele>
        <time>2026-10-04T04:42:46Z</time>
        <hdop>5.8</hdop>
        <extensions>
          <osmand:speed>6.8</osmand:speed>
        </extensions>
      </trkpt>
      <trkpt lat="51.288481" lon="12.3160071">
        <ele>116</ele>
        <time>2026-10-04T04:42:52Z</time>
        <hdop>5.9</hdop>
        <extensions>
          <osmand:speed>7</osmand:speed>
        </extensions>
      </trkpt>
      <trkpt lat="51.2882225" lon="12.3157472">
        <ele>116</ele>
        <time>2026-10-04T04:42:57Z</time>
        <hdop>6</hdop>
        <extensions>
          <osmand:speed>6.7</osmand:speed>
        </extensions>
      </trkpt>
      <trkpt lat="51.2879259" lon="12.3154013">
        <ele>116.2</ele>
        <time>2026-10-04T04:43:03Z</time>
        <hdop>5.9</hdop>
        <extensions>
          <osmand:speed>6.8</osmand:speed>
        </extensions>
      </trkpt>
      <trkpt lat="51.2876798" lon="12.3151182">
        <ele>115.9</ele>
        <time>2026-10-04T04:43:08Z</time>
        <hdop>5.9</hdop>
        <extensions>
          <osmand:speed>6.8</osmand:speed>
        </extensions>
      </trkpt>
      <trkpt lat="51.2874226" lon="12.3148138">
        <ele>116.5</ele>
        <time>2026-10-04T04:43:13Z</time>
        <hdop>5.9</hdop>
        <extensions>
          <osmand:speed>7.1</osmand:speed>
        </extensions>
      </trkpt>
      <trkpt lat="51.2871787" lon="12.314339">
        <ele>116.3</ele>
        <time>2026-10-04T04:43:19Z</time>
        <hdop>6.3</hdop>
        <extensions>
          <osmand:speed>7</osmand:speed>
        </extensions>
      </trkpt>
      <trkpt lat="51.2869571" lon="12.3139098">
        <ele>116</ele>
        <time>2026-10-04T04:43:25Z</time>
        <hdop>6.7</hdop>
        <extensions>
          <osmand:speed>6.4</osmand:speed>
        </extensions>
      </trkpt>
      <trkpt lat="51.286756" lon="12.3135381">
        <ele>115.9</ele>
        <time>2026-10-04T04:43:30Z</time>
        <hdop>6.6</hdop>
        <extensions>
          <osmand:speed>6.7</osmand:speed>
        </extensions>
      </trkpt>
      <trkpt lat="51.2865608" lon="12.3131883">
        <ele>116.3</ele>
        <time>2026-10-04T04:43:35Z</time>
        <hdop>6</hdop>
        <extensions>
          <osmand:speed>6.5</osmand:speed>
        </extensions>
      </trkpt>
      <trkpt lat="51.2863449" lon="12.3127556">
        <ele>116.9</ele>
        <time>2026-10-04T04:43:41Z</time>
        <hdop>6.6</hdop>
        <extensions>
          <osmand:speed>6.4</osmand:speed>
        </extensions>
      </trkpt>
      <trkpt lat="51.2861279" lon="12.3123825">
        <ele>117.1</ele>
        <time>2026-10-04T04:43:46Z</time>
        <hdop>5.9</hdop>
        <extensions>
          <osmand:speed>6.6</osmand:speed>
        </extensions>
      </trkpt>
      <trkpt lat="51.2858454" lon="12.3120744">
        <ele>117.5</ele>
        <time>2026-10-04T04:43:52Z</time>
        <hdop>5.9</hdop>
        <extensions>
          <osmand:speed>6.5</osmand:speed>
        </extensions>
      </trkpt>
      <trkpt lat="51.285555" lon="12.3119502">
        <ele>117.3</ele>
        <time>2026-10-04T04:43:57Z</time>
        <hdop>6</hdop>
        <extensions>
          <osmand:speed>6.6</osmand:speed>
        </extensions>
      </trkpt>
      <trkpt lat="51.2852124" lon="12.3117778">
        <ele>117.7</ele>
        <time>2026-10-04T04:44:03Z</time>
        <hdop>6.6</hdop>
        <extensions>
          <osmand:speed>6.5</osmand:speed>
        </extensions>
      </trkpt>
      <trkpt lat="51.284933" lon="12.3116352">
        <ele>118.1</ele>
        <time>2026-10-04T04:44:08Z</time>
        <hdop>6.2</hdop>
        <extensions>
          <osmand:speed>6.4</osmand:speed>
        </extensions>
      </trkpt>
      <trkpt lat="51.2846001" lon="12.3114776">
        <ele>118.8</ele>
        <time>2026-10-04T04:44:14Z</time>
        <hdop>5.9</hdop>
        <extensions>
          <osmand:speed>6.4</osmand:speed>
        </extensions>
      </trkpt>
      <trkpt lat="51.2842923" lon="12.3113935">
        <ele>118.7</ele>
        <time>2026-10-04T04:44:19Z</time>
        <hdop>6.3</hdop>
        <extensions>
          <osmand:speed>6.9</osmand:speed>
        </extensions>
      </trkpt>
      <trkpt lat="51.2839059" lon="12.3112851">
        <ele>118.5</ele>
        <time>2026-10-04T04:44:25Z</time>
        <hdop>6.1</hdop>
        <extensions>
          <osmand:speed>7.1</osmand:speed>
        </extensions>
      </trkpt>
      <trkpt lat="51.2835139" lon="12.3111939">
        <ele>118.1</ele>
        <time>2026-10-04T04:44:31Z</time>
        <hdop>6.5</hdop>
        <extensions>
          <osmand:speed>7.3</osmand:speed>
        </extensions>
      </trkpt>
      <trkpt lat="51.283206" lon="12.3110752">
        <ele>118.1</ele>
        <time>2026-10-04T04:44:36Z</time>
        <hdop>6.7</hdop>
        <extensions>
          <osmand:speed>7.1</osmand:speed>
        </extensions>
      </trkpt>
      <trkpt lat="51.282831" lon="12.3109095">
        <ele>117.8</ele>
        <time>2026-10-04T04:44:42Z</time>
        <hdop>6</hdop>
        <extensions>
          <osmand:speed>7</osmand:speed>
        </extensions>
      </trkpt>
      <trkpt lat="51.2825259" lon="12.3107775">
        <ele>117.3</ele>
        <time>2026-10-04T04:44:47Z</time>
        <hdop>5.8</hdop>
        <extensions>
          <osmand:speed>6.8</osmand:speed>
        </extensions>
      </trkpt>
      <trkpt lat="51.282217" lon="12.3106498">
        <ele>117.6</ele>
        <time>2026-10-04T04:44:52Z</time>
        <hdop>6.1</hdop>
        <extensions>
          <osmand:speed>6.9</osmand:speed>
        </extensions>
      </trkpt>
      <trkpt lat="51.2818582" lon="12.3104805">
        <ele>118.5</ele>
        <time>2026-10-04T04:44:58Z</time>
        <hdop>6.3</hdop>
        <extensions>
          <osmand:speed>6.9</osmand:speed>
        </extensions>
      </trkpt>
      <trkpt lat="51.2814819" lon="12.3104202">
        <ele>119.1</ele>
        <time>2026-10-04T04:45:04Z</time>
        <hdop>6</hdop>
        <extensions>
          <osmand:speed>6.8</osmand:speed>
        </extensions>
      </trkpt>
      <trkpt lat="51.2811007" lon="12.3103605">
        <ele>119</ele>
        <time>2026-10-04T04:45:10Z</time>
        <hdop>6</hdop>
        <extensions>
          <osmand:speed>6.9</osmand:speed>
        </extensions>
      </trkpt>
      <trkpt lat="51.2808004" lon="12.3102941">
        <ele>119.1</ele>
        <time>2026-10-04T04:45:15Z</time>
        <hdop>5.8</hdop>
        <extensions>
          <osmand:speed>6.9</osmand:speed>
        </extensions>
      </trkpt>
      <trkpt lat="51.2804099" lon="12.310237">
        <ele>118.7</ele>
        <time>2026-10-04T04:45:21Z</time>
        <hdop>6</hdop>
        <extensions>
          <osmand:speed>7.2</osmand:speed>
        </extensions>
      </trkpt>
      <trkpt lat="51.2800227" lon="12.3101984">
        <ele>118.5</ele>
        <time>2026-10-04T04:45:27Z</time>
        <hdop>6.2</hdop>
        <extensions>
          <osmand:speed>7</osmand:speed>
        </extensions>
      </trkpt>
      <trkpt lat="51.2796948" lon="12.3101345">
        <ele>118.3</ele>
        <time>2026-10-04T04:45:32Z</time>
        <hdop>6.1</hdop>
        <extensions>
          <osmand:speed>7.1</osmand:speed>
        </extensions>
      </trkpt>
      <trkpt lat="51.2793037" lon="12.3100515">
        <ele>118.3</ele>
        <time>2026-10-04T04:45:38Z</time>
        <hdop>5.9</hdop>
        <extensions>
          <osmand:speed>7.3</osmand:speed>
        </extensions>
      </trkpt>
      <trkpt lat="51.278973" lon="12.3100177">
        <ele>118</ele>
        <time>2026-10-04T04:45:43Z</time>
        <hdop>6.4</hdop>
        <extensions>
          <osmand:speed>7.4</osmand:speed>
        </extensions>
      </trkpt>
      <trkpt lat="51.2786564" lon="12.3099369">
        <ele>117.3</ele>
        <time>2026-10-04T04:45:48Z</time>
        <hdop>6.2</hdop>
        <extensions>
          <osmand:speed>7.2</osmand:speed>
        </extensions>
      </trkpt>
      <trkpt lat="51.2782646" lon="12.3098854">
        <ele>117.9</ele>
        <time>2026-10-04T04:45:54Z</time>
        <hdop>5.8</hdop>
        <extensions>
          <osmand:speed>7.3</osmand:speed>
        </extensions>
      </trkpt>
      <trkpt lat="51.2779184" lon="12.3098343">
        <ele>117.7</ele>
        <time>2026-10-04T04:45:59Z</time>
        <hdop>6.1</hdop>
        <extensions>
          <osmand:speed>7.4</osmand:speed>
        </extensions>
      </trkpt>
      <trkpt lat="51.2775492" lon="12.3097863">
        <ele>117.7</ele>
        <time>2026-10-04T04:46:05Z</time>
        <hdop>6</hdop>
        <extensions>
          <osmand:speed>7</osmand:speed>
        </extensions>
      </trkpt>
      <trkpt lat="51.2772431" lon="12.3097288">
        <ele>117.9</ele>
        <time>2026-10-04T04:46:10Z</time>
        <hdop>6.4</hdop>
        <extensions>
          <osmand:speed>6.7</osmand:speed>
        </extensions>
      </trkpt>
      <trkpt lat="51.2768781" lon="12.3096352">
        <ele>118.3</ele>
        <time>2026-10-04T04:46:16Z</time>
        <hdop>6.1</hdop>
        <extensions>
          <osmand:speed>6.8</osmand:speed>
        </extensions>
      </trkpt>
      <trkpt lat="51.2765773" lon="12.3095637">
        <ele>118.4</ele>
        <time>2026-10-04T04:46:21Z</time>
        <hdop>5.6</hdop>
        <extensions>
          <osmand:speed>6.9</osmand:speed>
        </extensions>
      </trkpt>
      <trkpt lat="51.2762662" lon="12.309459">
        <ele>119.3</ele>
        <time>2026-10-04T04:46:26Z</time>
        <hdop>5.4</hdop>
        <extensions>
          <osmand:speed>6.8</osmand:speed>
        </extensions>
      </trkpt>
      <trkpt lat="51.275894" lon="12.3093309">
        <ele>119.1</ele>
        <time>2026-10-04T04:46:32Z</time>
        <hdop>6.1</hdop>
        <extensions>
          <osmand:speed>6.9</osmand:speed>
        </extensions>
      </trkpt>
      <trkpt lat="51.2755486" lon="12.3091321">
        <ele>118.6</ele>
        <time>2026-10-04T04:46:38Z</time>
        <hdop>6.1</hdop>
        <extensions>
          <osmand:speed>6.9</osmand:speed>
        </extensions>
      </trkpt>
      <trkpt lat="51.2752553" lon="12.3089604">
        <ele>119.1</ele>
        <time>2026-10-04T04:46:43Z</time>
        <hdop>5.7</hdop>
        <extensions>
          <osmand:speed>6.8</osmand:speed>
        </extensions>
      </trkpt>
      <trkpt lat="51.2749073" lon="12.3087891">
        <ele>119.5</ele>
        <time>2026-10-04T04:46:49Z</time>
        <hdop>6.1</hdop>
        <extensions>
          <osmand:speed>6.7</osmand:speed>
        </extensions>
      </trkpt>
      <trkpt lat="51.2746003" lon="12.3086351">
        <ele>119.4</ele>
        <time>2026-10-04T04:46:54Z</time>
        <hdop>6.1</hdop>
        <extensions>
          <osmand:speed>7</osmand:speed>
        </extensions>
      </trkpt>
      <trkpt lat="51.274249" lon="12.3084588">
        <ele>119.3</ele>
        <time>2026-10-04T04:47:00Z</time>
        <hdop>6</hdop>
        <extensions>
          <osmand:speed>6.8</osmand:speed>
        </extensions>
      </trkpt>
      <trkpt lat="51.2740312" lon="12.3082447">
        <ele>119.2</ele>
        <time>2026-10-04T04:47:05Z</time>
        <hdop>5.7</hdop>
        <extensions>
          <osmand:speed>5.3</osmand:speed>
        </extensions>
      </trkpt>
      <trkpt lat="51.2740741" lon="12.3077894">
        <ele>119.1</ele>
        <time>2026-10-04T04:47:10Z</time>
        <hdop>5.5</hdop>
        <extensions>
          <osmand:speed>6.2</osmand:speed>
        </extensions>
      </trkpt>
      <trkpt lat="51.2740939" lon="12.3072813">
        <ele>119.4</ele>
        <time>2026-10-04T04:47:16Z</time>
        <hdop>5.7</hdop>
        <extensions>
          <osmand:speed>5.8</osmand:speed>
        </extensions>
      </trkpt>
      <trkpt lat="51.2741108" lon="12.3067593">
        <ele>120.5</ele>
        <time>2026-10-04T04:47:22Z</time>
        <hdop>6</hdop>
        <extensions>
          <osmand:speed>5.9</osmand:speed>
        </extensions>
      </trkpt>
      <trkpt lat="51.2741234" lon="12.3063286">
        <ele>130.6</ele>
        <time>2026-10-04T04:47:27Z</time>
        <hdop>6</hdop>
        <extensions>
          <osmand:speed>5.9</osmand:speed>
        </extensions>
      </trkpt>
      <trkpt lat="51.2741507" lon="12.3058665">
        <ele>122.7</ele>
        <time>2026-10-04T04:47:33Z</time>
        <hdop>6.1</hdop>
        <extensions>
          <osmand:speed>5.4</osmand:speed>
        </extensions>
      </trkpt>
      <trkpt lat="51.2741591" lon="12.3054407">
        <ele>119.9</ele>
        <time>2026-10-04T04:47:38Z</time>
        <hdop>5.9</hdop>
        <extensions>
          <osmand:speed>5.8</osmand:speed>
        </extensions>
      </trkpt>
      <trkpt lat="51.2741805" lon="12.3050043">
        <ele>120.3</ele>
        <time>2026-10-04T04:47:43Z</time>
        <hdop>5.8</hdop>
        <extensions>
          <osmand:speed>6</osmand:speed>
        </extensions>
      </trkpt>
      <trkpt lat="51.2741855" lon="12.3045648">
        <ele>121.4</ele>
        <time>2026-10-04T04:47:48Z</time>
        <hdop>5.8</hdop>
        <extensions>
          <osmand:speed>6.2</osmand:speed>
        </extensions>
      </trkpt>
      <trkpt lat="51.2742078" lon="12.3041183">
        <ele>121.1</ele>
        <time>2026-10-04T04:47:53Z</time>
        <hdop>6.7</hdop>
        <extensions>
          <osmand:speed>5.9</osmand:speed>
        </extensions>
      </trkpt>
      <trkpt lat="51.2742309" lon="12.3038296">
        <ele>120.5</ele>
        <time>2026-10-04T04:47:59Z</time>
        <hdop>6.1</hdop>
        <extensions>
          <osmand:speed>2.9</osmand:speed>
        </extensions>
      </trkpt>
      <trkpt lat="51.2742237" lon="12.3037306">
        <ele>120.9</ele>
        <time>2026-10-04T04:48:22Z</time>
        <hdop>5.3</hdop>
        <extensions>
          <osmand:speed>2.9</osmand:speed>
        </extensions>
      </trkpt>
      <trkpt lat="51.2742362" lon="12.3034417">
        <ele>120.8</ele>
        <time>2026-10-04T04:48:27Z</time>
        <hdop>5.7</hdop>
        <extensions>
          <osmand:speed>3.5</osmand:speed>
        </extensions>
      </trkpt>
      <trkpt lat="51.274249" lon="12.3030911">
        <ele>121</ele>
        <time>2026-10-04T04:48:32Z</time>
        <hdop>5.1</hdop>
        <extensions>
          <osmand:speed>4</osmand:speed>
        </extensions>
      </trkpt>
      <trkpt lat="51.2742602" lon="12.3026249">
        <ele>121.1</ele>
        <time>2026-10-04T04:48:38Z</time>
        <hdop>5.8</hdop>
        <extensions>
          <osmand:speed>5.5</osmand:speed>
        </extensions>
      </trkpt>
      <trkpt lat="51.2742665" lon="12.3022205">
        <ele>121.6</ele>
        <time>2026-10-04T04:48:43Z</time>
        <hdop>5.8</hdop>
        <extensions>
          <osmand:speed>5.7</osmand:speed>
        </extensions>
      </trkpt>
      <trkpt lat="51.2742937" lon="12.301727">
        <ele>122</ele>
        <time>2026-10-04T04:48:49Z</time>
        <hdop>5.8</hdop>
        <extensions>
          <osmand:speed>5.9</osmand:speed>
        </extensions>
      </trkpt>
      <trkpt lat="51.2743125" lon="12.3012061">
        <ele>121.8</ele>
        <time>2026-10-04T04:48:55Z</time>
        <hdop>6</hdop>
        <extensions>
          <osmand:speed>6.1</osmand:speed>
        </extensions>
      </trkpt>
      <trkpt lat="51.2743318" lon="12.3006778">
        <ele>122.5</ele>
        <time>2026-10-04T04:49:01Z</time>
        <hdop>6.1</hdop>
        <extensions>
          <osmand:speed>6.1</osmand:speed>
        </extensions>
      </trkpt>
      <trkpt lat="51.2743465" lon="12.3001576">
        <ele>122.4</ele>
        <time>2026-10-04T04:49:07Z</time>
        <hdop>5.9</hdop>
        <extensions>
          <osmand:speed>5.9</osmand:speed>
        </extensions>
      </trkpt>
      <trkpt lat="51.2743582" lon="12.2997447">
        <ele>122.5</ele>
        <time>2026-10-04T04:49:13Z</time>
        <hdop>5.8</hdop>
        <extensions>
          <osmand:speed>4.5</osmand:speed>
        </extensions>
      </trkpt>
      <trkpt lat="51.274207" lon="12.29961">
        <ele>123</ele>
        <time>2026-10-04T04:49:18Z</time>
        <hdop>8.4</hdop>
        <extensions>
          <osmand:speed>2.7</osmand:speed>
        </extensions>
      </trkpt>
      <trkpt lat="51.2739762" lon="12.2996276">
        <ele>123.4</ele>
        <time>2026-10-04T04:49:24Z</time>
        <hdop>4</hdop>
        <extensions>
          <osmand:speed>3.7</osmand:speed>
        </extensions>
      </trkpt>
      <trkpt lat="51.2737034" lon="12.2995583">
        <ele>123.1</ele>
        <time>2026-10-04T04:49:29Z</time>
        <hdop>5.6</hdop>
        <extensions>
          <osmand:speed>5.2</osmand:speed>
        </extensions>
      </trkpt>
      <trkpt lat="51.2734099" lon="12.299521">
        <ele>123.4</ele>
        <time>2026-10-04T04:49:35Z</time>
        <hdop>5.6</hdop>
        <extensions>
          <osmand:speed>5.4</osmand:speed>
        </extensions>
      </trkpt>
      <trkpt lat="51.2731167" lon="12.2994616">
        <ele>124.1</ele>
        <time>2026-10-04T04:49:41Z</time>
        <hdop>5.6</hdop>
        <extensions>
          <osmand:speed>5.5</osmand:speed>
        </extensions>
      </trkpt>
      <trkpt lat="51.2728182" lon="12.2994817">
        <ele>123.8</ele>
        <time>2026-10-04T04:49:47Z</time>
        <hdop>5.9</hdop>
        <extensions>
          <osmand:speed>5.3</osmand:speed>
        </extensions>
      </trkpt>
      <trkpt lat="51.2726036" lon="12.2994478">
        <ele>123.4</ele>
        <time>2026-10-04T04:49:53Z</time>
        <hdop>6.7</hdop>
        <extensions>
          <osmand:speed>3.4</osmand:speed>
        </extensions>
      </trkpt>
      <trkpt lat="51.2724555" lon="12.2993071">
        <ele>122.6</ele>
        <time>2026-10-04T04:49:58Z</time>
        <hdop>6.5</hdop>
        <extensions>
          <osmand:speed>3.6</osmand:speed>
        </extensions>
      </trkpt>
      <trkpt lat="51.272205" lon="12.2992692">
        <ele>121.9</ele>
        <time>2026-10-04T04:50:04Z</time>
        <hdop>5.1</hdop>
        <extensions>
          <osmand:speed>4.1</osmand:speed>
        </extensions>
      </trkpt>
      <trkpt lat="51.2720255" lon="12.2991745">
        <ele>122.2</ele>
        <time>2026-10-04T04:50:09Z</time>
        <hdop>4.1</hdop>
        <extensions>
          <osmand:speed>3.4</osmand:speed>
        </extensions>
      </trkpt>
      <trkpt lat="51.2719575" lon="12.29942">
        <ele>122.1</ele>
        <time>2026-10-04T04:50:14Z</time>
        <hdop>4.4</hdop>
        <extensions>
          <osmand:speed>3.5</osmand:speed>
        </extensions>
      </trkpt>
      <trkpt lat="51.2717797" lon="12.2995031">
        <ele>122.6</ele>
        <time>2026-10-04T04:50:19Z</time>
        <hdop>5.1</hdop>
        <extensions>
          <osmand:speed>4</osmand:speed>
        </extensions>
      </trkpt>
      <trkpt lat="51.2714829" lon="12.2992579">
        <ele>121.7</ele>
        <time>2026-10-04T04:50:25Z</time>
        <hdop>7</hdop>
        <extensions>
          <osmand:speed>5.5</osmand:speed>
        </extensions>
      </trkpt>
      <trkpt lat="51.2712315" lon="12.2991121">
        <ele>122.2</ele>
        <time>2026-10-04T04:50:30Z</time>
        <hdop>7.1</hdop>
        <extensions>
          <osmand:speed>5.9</osmand:speed>
        </extensions>
      </trkpt>
      <trkpt lat="51.2709268" lon="12.298902">
        <ele>121.9</ele>
        <time>2026-10-04T04:50:36Z</time>
        <hdop>7.3</hdop>
        <extensions>
          <osmand:speed>6</osmand:speed>
        </extensions>
      </trkpt>
      <trkpt lat="51.270697" lon="12.2987299">
        <ele>122</ele>
        <time>2026-10-04T04:50:41Z</time>
        <hdop>6.8</hdop>
        <extensions>
          <osmand:speed>5.6</osmand:speed>
        </extensions>
      </trkpt>
      <trkpt lat="51.2704879" lon="12.2985974">
        <ele>121.9</ele>
        <time>2026-10-04T04:50:46Z</time>
        <hdop>7</hdop>
        <extensions>
          <osmand:speed>4.8</osmand:speed>
        </extensions>
      </trkpt>
      <trkpt lat="51.2703675" lon="12.2985383">
        <ele>121</ele>
        <time>2026-10-04T04:50:51Z</time>
        <hdop>7.3</hdop>
        <extensions>
          <osmand:speed>2.2</osmand:speed>
        </extensions>
      </trkpt>
      <trkpt lat="51.2703345" lon="12.2987482">
        <ele>121.1</ele>
        <time>2026-10-04T04:50:57Z</time>
        <hdop>5</hdop>
        <extensions>
          <osmand:speed>3</osmand:speed>
        </extensions>
      </trkpt>
      <trkpt lat="51.270279" lon="12.2991151">
        <ele>120.9</ele>
        <time>2026-10-04T04:51:02Z</time>
        <hdop>5.7</hdop>
        <extensions>
          <osmand:speed>3.9</osmand:speed>
        </extensions>
      </trkpt>
      <trkpt lat="51.2701357" lon="12.2996061">
        <ele>121.1</ele>
        <time>2026-10-04T04:51:08Z</time>
        <hdop>7</hdop>
        <extensions>
          <osmand:speed>5.5</osmand:speed>
        </extensions>
      </trkpt>
      <trkpt lat="51.2700046" lon="12.2999655">
        <ele>120.9</ele>
        <time>2026-10-04T04:51:13Z</time>
        <hdop>6.8</hdop>
        <extensions>
          <osmand:speed>5.7</osmand:speed>
        </extensions>
      </trkpt>
      <trkpt lat="51.2698601" lon="12.3003524">
        <ele>120.8</ele>
        <time>2026-10-04T04:51:18Z</time>
        <hdop>6.6</hdop>
        <extensions>
          <osmand:speed>6.1</osmand:speed>
        </extensions>
      </trkpt>
      <trkpt lat="51.2696609" lon="12.3007564">
        <ele>120</ele>
        <time>2026-10-04T04:51:24Z</time>
        <hdop>6.8</hdop>
        <extensions>
          <osmand:speed>5.8</osmand:speed>
        </extensions>
      </trkpt>
      <trkpt lat="51.2695175" lon="12.3010508">
        <ele>119.6</ele>
        <time>2026-10-04T04:51:29Z</time>
        <hdop>7</hdop>
        <extensions>
          <osmand:speed>5</osmand:speed>
        </extensions>
      </trkpt>
      <trkpt lat="51.2694257" lon="12.3012064">
        <ele>119.3</ele>
        <time>2026-10-04T04:51:34Z</time>
        <hdop>7.7</hdop>
        <extensions>
          <osmand:speed>3.3</osmand:speed>
        </extensions>
      </trkpt>
      <trkpt lat="51.2693011" lon="12.3009931">
        <ele>119.4</ele>
        <time>2026-10-04T04:51:39Z</time>
        <hdop>4.9</hdop>
        <extensions>
          <osmand:speed>2.8</osmand:speed>
        </extensions>
      </trkpt>
      <trkpt lat="51.2691328" lon="12.3007523">
        <ele>119.8</ele>
        <time>2026-10-04T04:51:45Z</time>
        <hdop>4.9</hdop>
        <extensions>
          <osmand:speed>3.7</osmand:speed>
        </extensions>
      </trkpt>
      <trkpt lat="51.2689369" lon="12.3005466">
        <ele>119.5</ele>
        <time>2026-10-04T04:51:50Z</time>
        <hdop>5</hdop>
        <extensions>
          <osmand:speed>4</osmand:speed>
        </extensions>
      </trkpt>
      <trkpt lat="51.2687407" lon="12.3002557">
        <ele>120</ele>
        <time>2026-10-04T04:51:55Z</time>
        <hdop>5.9</hdop>
        <extensions>
          <osmand:speed>5.3</osmand:speed>
        </extensions>
      </trkpt>
      <trkpt lat="51.2685378" lon="12.2999918">
        <ele>120.1</ele>
        <time>2026-10-04T04:52:00Z</time>
        <hdop>6.1</hdop>
        <extensions>
          <osmand:speed>5.9</osmand:speed>
        </extensions>
      </trkpt>
      <trkpt lat="51.2682766" lon="12.2996457">
        <ele>120.6</ele>
        <time>2026-10-04T04:52:06Z</time>
        <hdop>6</hdop>
        <extensions>
          <osmand:speed>6.3</osmand:speed>
        </extensions>
      </trkpt>
      <trkpt lat="51.2680035" lon="12.2992977">
        <ele>120.8</ele>
        <time>2026-10-04T04:52:12Z</time>
        <hdop>6.2</hdop>
        <extensions>
          <osmand:speed>6.4</osmand:speed>
        </extensions>
      </trkpt>
      <trkpt lat="51.2677792" lon="12.2990055">
        <ele>120.7</ele>
        <time>2026-10-04T04:52:17Z</time>
        <hdop>6.1</hdop>
        <extensions>
          <osmand:speed>6.4</osmand:speed>
        </extensions>
      </trkpt>
      <trkpt lat="51.267501" lon="12.298625">
        <ele>120.7</ele>
        <time>2026-10-04T04:52:23Z</time>
        <hdop>6.1</hdop>
        <extensions>
          <osmand:speed>6.8</osmand:speed>
        </extensions>
      </trkpt>
      <trkpt lat="51.2672737" lon="12.298289">
        <ele>120.1</ele>
        <time>2026-10-04T04:52:28Z</time>
        <hdop>6.1</hdop>
        <extensions>
          <osmand:speed>6.6</osmand:speed>
        </extensions>
      </trkpt>
      <trkpt lat="51.2670529" lon="12.2979507">
        <ele>120.4</ele>
        <time>2026-10-04T04:52:34Z</time>
        <hdop>6</hdop>
        <extensions>
          <osmand:speed>5.5</osmand:speed>
        </extensions>
      </trkpt>
      <trkpt lat="51.2669819" lon="12.2976216">
        <ele>120.7</ele>
        <time>2026-10-04T04:52:39Z</time>
        <hdop>6</hdop>
        <extensions>
          <osmand:speed>4.7</osmand:speed>
        </extensions>
      </trkpt>
      <trkpt lat="51.2668454" lon="12.2974838">
        <ele>121</ele>
        <time>2026-10-04T04:52:44Z</time>
        <hdop>7.3</hdop>
        <extensions>
          <osmand:speed>2.5</osmand:speed>
        </extensions>
      </trkpt>
      <trkpt lat="51.2668612" lon="12.297121">
        <ele>120.6</ele>
        <time>2026-10-04T04:52:50Z</time>
        <hdop>3.6</hdop>
        <extensions>
          <osmand:speed>3.5</osmand:speed>
        </extensions>
      </trkpt>
      <trkpt lat="51.2666491" lon="12.2968529">
        <ele>120.8</ele>
        <time>2026-10-04T04:52:55Z</time>
        <hdop>5.2</hdop>
        <extensions>
          <osmand:speed>4.7</osmand:speed>
        </extensions>
      </trkpt>
      <trkpt lat="51.2664276" lon="12.296518">
        <ele>121.5</ele>
        <time>2026-10-04T04:53:01Z</time>
        <hdop>6.5</hdop>
        <extensions>
          <osmand:speed>5.5</osmand:speed>
        </extensions>
      </trkpt>
      <trkpt lat="51.2662381" lon="12.2962283">
        <ele>121.8</ele>
        <time>2026-10-04T04:53:06Z</time>
        <hdop>6.9</hdop>
        <extensions>
          <osmand:speed>5.7</osmand:speed>
        </extensions>
      </trkpt>
      <trkpt lat="51.2660365" lon="12.295923">
        <ele>122.3</ele>
        <time>2026-10-04T04:53:11Z</time>
        <hdop>7.1</hdop>
        <extensions>
          <osmand:speed>6.1</osmand:speed>
        </extensions>
      </trkpt>
      <trkpt lat="51.2657959" lon="12.2955648">
        <ele>122.5</ele>
        <time>2026-10-04T04:53:17Z</time>
        <hdop>6.6</hdop>
        <extensions>
          <osmand:speed>6.2</osmand:speed>
        </extensions>
      </trkpt>
      <trkpt lat="51.2655534" lon="12.2951924">
        <ele>122.8</ele>
        <time>2026-10-04T04:53:23Z</time>
        <hdop>6.8</hdop>
        <extensions>
          <osmand:speed>6.2</osmand:speed>
        </extensions>
      </trkpt>
      <trkpt lat="51.2652901" lon="12.2949717">
        <ele>122.7</ele>
        <time>2026-10-04T04:53:28Z</time>
        <hdop>6.6</hdop>
        <extensions>
          <osmand:speed>6.4</osmand:speed>
        </extensions>
      </trkpt>
      <trkpt lat="51.2650065" lon="12.2946807">
        <ele>122.3</ele>
        <time>2026-10-04T04:53:34Z</time>
        <hdop>6.3</hdop>
        <extensions>
          <osmand:speed>6.3</osmand:speed>
        </extensions>
      </trkpt>
      <trkpt lat="51.2647986" lon="12.2943352">
        <ele>123</ele>
        <time>2026-10-04T04:53:39Z</time>
        <hdop>6.2</hdop>
        <extensions>
          <osmand:speed>6.6</osmand:speed>
        </extensions>
      </trkpt>
      <trkpt lat="51.2645777" lon="12.2940206">
        <ele>122.8</ele>
        <time>2026-10-04T04:53:44Z</time>
        <hdop>6.1</hdop>
        <extensions>
          <osmand:speed>6.5</osmand:speed>
        </extensions>
      </trkpt>
      <trkpt lat="51.2643142" lon="12.2936384">
        <ele>123.2</ele>
        <time>2026-10-04T04:53:50Z</time>
        <hdop>6.1</hdop>
        <extensions>
          <osmand:speed>6.7</osmand:speed>
        </extensions>
      </trkpt>
      <trkpt lat="51.2640842" lon="12.2933144">
        <ele>122.9</ele>
        <time>2026-10-04T04:53:55Z</time>
        <hdop>6.2</hdop>
        <extensions>
          <osmand:speed>6.8</osmand:speed>
        </extensions>
      </trkpt>
      <trkpt lat="51.2637979" lon="12.2929511">
        <ele>123.1</ele>
        <time>2026-10-04T04:54:01Z</time>
        <hdop>6.8</hdop>
        <extensions>
          <osmand:speed>6.7</osmand:speed>
        </extensions>
      </trkpt>
      <trkpt lat="51.2635252" lon="12.2925645">
        <ele>123.4</ele>
        <time>2026-10-04T04:54:07Z</time>
        <hdop>6.3</hdop>
        <extensions>
          <osmand:speed>6.8</osmand:speed>
        </extensions>
      </trkpt>
      <trkpt lat="51.2632776" lon="12.2922011">
        <ele>123.2</ele>
        <time>2026-10-04T04:54:13Z</time>
        <hdop>6.3</hdop>
        <extensions>
          <osmand:speed>5.2</osmand:speed>
        </extensions>
      </trkpt>
      <trkpt lat="51.2631051" lon="12.2921295">
        <ele>123.3</ele>
        <time>2026-10-04T04:54:19Z</time>
        <hdop>6.1</hdop>
        <extensions>
          <osmand:speed>4.1</osmand:speed>
        </extensions>
      </trkpt>
      <trkpt lat="51.2628885" lon="12.2918237">
        <ele>123.7</ele>
        <time>2026-10-04T04:54:25Z</time>
        <hdop>6.8</hdop>
        <extensions>
          <osmand:speed>5.1</osmand:speed>
        </extensions>
      </trkpt>
      <trkpt lat="51.2626867" lon="12.2915234">
        <ele>129.3</ele>
        <time>2026-10-04T04:54:30Z</time>
        <hdop>7</hdop>
        <extensions>
          <osmand:speed>6.1</osmand:speed>
        </extensions>
      </trkpt>
      <trkpt lat="51.2624803" lon="12.2912364">
        <ele>125.9</ele>
        <time>2026-10-04T04:54:35Z</time>
        <hdop>6.4</hdop>
        <extensions>
          <osmand:speed>6</osmand:speed>
        </extensions>
      </trkpt>
      <trkpt lat="51.2622279" lon="12.2908773">
        <ele>123.5</ele>
        <time>2026-10-04T04:54:41Z</time>
        <hdop>6.8</hdop>
        <extensions>
          <osmand:speed>6.2</osmand:speed>
        </extensions>
      </trkpt>
      <trkpt lat="51.2620316" lon="12.2905681">
        <ele>122.5</ele>
        <time>2026-10-04T04:54:46Z</time>
        <hdop>6.4</hdop>
        <extensions>
          <osmand:speed>5.9</osmand:speed>
        </extensions>
      </trkpt>
      <trkpt lat="51.2618439" lon="12.2901728">
        <ele>122.7</ele>
        <time>2026-10-04T04:54:52Z</time>
        <hdop>7</hdop>
        <extensions>
          <osmand:speed>5.8</osmand:speed>
        </extensions>
      </trkpt>
      <trkpt lat="51.2616579" lon="12.2898789">
        <ele>123.6</ele>
        <time>2026-10-04T04:54:57Z</time>
        <hdop>6.8</hdop>
        <extensions>
          <osmand:speed>5.7</osmand:speed>
        </extensions>
      </trkpt>
      <trkpt lat="51.2614765" lon="12.2895924">
        <ele>124.5</ele>
        <time>2026-10-04T04:55:02Z</time>
        <hdop>6.5</hdop>
        <extensions>
          <osmand:speed>5.6</osmand:speed>
        </extensions>
      </trkpt>
      <trkpt lat="51.2613048" lon="12.2893154">
        <ele>125.9</ele>
        <time>2026-10-04T04:55:07Z</time>
        <hdop>6.3</hdop>
        <extensions>
          <osmand:speed>5.3</osmand:speed>
        </extensions>
      </trkpt>
      <trkpt lat="51.2610962" lon="12.2889956">
        <ele>127.3</ele>
        <time>2026-10-04T04:55:13Z</time>
        <hdop>6.1</hdop>
        <extensions>
          <osmand:speed>5.2</osmand:speed>
        </extensions>
      </trkpt>
      <trkpt lat="51.2609277" lon="12.2887405">
        <ele>127.8</ele>
        <time>2026-10-04T04:55:18Z</time>
        <hdop>6</hdop>
        <extensions>
          <osmand:speed>5.2</osmand:speed>
        </extensions>
      </trkpt>
      <trkpt lat="51.260719" lon="12.2884243">
        <ele>129</ele>
        <time>2026-10-04T04:55:24Z</time>
        <hdop>6</hdop>
        <extensions>
          <osmand:speed>5.3</osmand:speed>
        </extensions>
      </trkpt>
      <trkpt lat="51.2605007" lon="12.2881338">
        <ele>130.3</ele>
        <time>2026-10-04T04:55:30Z</time>
        <hdop>6</hdop>
        <extensions>
          <osmand:speed>5.2</osmand:speed>
        </extensions>
      </trkpt>
      <trkpt lat="51.2603266" lon="12.2878964">
        <ele>131.5</ele>
        <time>2026-10-04T04:55:35Z</time>
        <hdop>6</hdop>
        <extensions>
          <osmand:speed>5.1</osmand:speed>
        </extensions>
      </trkpt>
      <trkpt lat="51.2601079" lon="12.2875959">
        <ele>132</ele>
        <time>2026-10-04T04:55:41Z</time>
        <hdop>5.7</hdop>
        <extensions>
          <osmand:speed>5.4</osmand:speed>
        </extensions>
      </trkpt>
      <trkpt lat="51.2598611" lon="12.2872403">
        <ele>131.5</ele>
        <time>2026-10-04T04:55:47Z</time>
        <hdop>5.9</hdop>
        <extensions>
          <osmand:speed>6.2</osmand:speed>
        </extensions>
      </trkpt>
      <trkpt lat="51.2596586" lon="12.2869515">
        <ele>131.4</ele>
        <time>2026-10-04T04:55:52Z</time>
        <hdop>5.9</hdop>
        <extensions>
          <osmand:speed>6.1</osmand:speed>
        </extensions>
      </trkpt>
      <trkpt lat="51.2594008" lon="12.286598">
        <ele>131.2</ele>
        <time>2026-10-04T04:55:58Z</time>
        <hdop>5.8</hdop>
        <extensions>
          <osmand:speed>6.3</osmand:speed>
        </extensions>
      </trkpt>
      <trkpt lat="51.2591413" lon="12.2861781">
        <ele>130.4</ele>
        <time>2026-10-04T04:56:04Z</time>
        <hdop>6.1</hdop>
        <extensions>
          <osmand:speed>7.2</osmand:speed>
        </extensions>
      </trkpt>
      <trkpt lat="51.2588949" lon="12.2857879">
        <ele>129</ele>
        <time>2026-10-04T04:56:09Z</time>
        <hdop>6.1</hdop>
        <extensions>
          <osmand:speed>7.6</osmand:speed>
        </extensions>
      </trkpt>
      <trkpt lat="51.2586608" lon="12.2853596">
        <ele>127.8</ele>
        <time>2026-10-04T04:56:14Z</time>
        <hdop>6.1</hdop>
        <extensions>
          <osmand:speed>7.9</osmand:speed>
        </extensions>
      </trkpt>
      <trkpt lat="51.2584043" lon="12.2847843">
        <ele>125.2</ele>
        <time>2026-10-04T04:56:20Z</time>
        <hdop>6.3</hdop>
        <extensions>
          <osmand:speed>8.1</osmand:speed>
        </extensions>
      </trkpt>
      <trkpt lat="51.2582338" lon="12.284313">
        <ele>124.3</ele>
        <time>2026-10-04T04:56:25Z</time>
        <hdop>6.2</hdop>
        <extensions>
          <osmand:speed>7.7</osmand:speed>
        </extensions>
      </trkpt>
      <trkpt lat="51.258037" lon="12.2837283">
        <ele>123.6</ele>
        <time>2026-10-04T04:56:31Z</time>
        <hdop>6.5</hdop>
        <extensions>
          <osmand:speed>7.6</osmand:speed>
        </extensions>
      </trkpt>
      <trkpt lat="51.2578482" lon="12.2831793">
        <ele>123.5</ele>
        <time>2026-10-04T04:56:37Z</time>
        <hdop>6.2</hdop>
        <extensions>
          <osmand:speed>7.3</osmand:speed>
        </extensions>
      </trkpt>
      <trkpt lat="51.2576494" lon="12.2826633">
        <ele>123.7</ele>
        <time>2026-10-04T04:56:43Z</time>
        <hdop>6.3</hdop>
        <extensions>
          <osmand:speed>7</osmand:speed>
        </extensions>
      </trkpt>
      <trkpt lat="51.257491" lon="12.282206">
        <ele>123.3</ele>
        <time>2026-10-04T04:56:48Z</time>
        <hdop>6.3</hdop>
        <extensions>
          <osmand:speed>7.1</osmand:speed>
        </extensions>
      </trkpt>
      <trkpt lat="51.2573144" lon="12.2816856">
        <ele>123.7</ele>
        <time>2026-10-04T04:56:54Z</time>
        <hdop>6</hdop>
        <extensions>
          <osmand:speed>6.8</osmand:speed>
        </extensions>
      </trkpt>
      <trkpt lat="51.2571477" lon="12.2811807">
        <ele>123.6</ele>
        <time>2026-10-04T04:57:00Z</time>
        <hdop>6.2</hdop>
        <extensions>
          <osmand:speed>6.6</osmand:speed>
        </extensions>
      </trkpt>
      <trkpt lat="51.2570031" lon="12.2807427">
        <ele>124.1</ele>
        <time>2026-10-04T04:57:05Z</time>
        <hdop>6.3</hdop>
        <extensions>
          <osmand:speed>6.8</osmand:speed>
        </extensions>
      </trkpt>
      <trkpt lat="51.2568257" lon="12.2802013">
        <ele>123.4</ele>
        <time>2026-10-04T04:57:11Z</time>
        <hdop>6.1</hdop>
        <extensions>
          <osmand:speed>7.1</osmand:speed>
        </extensions>
      </trkpt>
      <trkpt lat="51.2566442" lon="12.2796446">
        <ele>122.6</ele>
        <time>2026-10-04T04:57:17Z</time>
        <hdop>6.4</hdop>
        <extensions>
          <osmand:speed>7.3</osmand:speed>
        </extensions>
      </trkpt>
      <trkpt lat="51.2564609" lon="12.279107">
        <ele>122.7</ele>
        <time>2026-10-04T04:57:23Z</time>
        <hdop>6.1</hdop>
        <extensions>
          <osmand:speed>7</osmand:speed>
        </extensions>
      </trkpt>
      <trkpt lat="51.2562923" lon="12.2785593">
        <ele>122.7</ele>
        <time>2026-10-04T04:57:29Z</time>
        <hdop>6</hdop>
        <extensions>
          <osmand:speed>7.1</osmand:speed>
        </extensions>
      </trkpt>
      <trkpt lat="51.2561138" lon="12.2780283">
        <ele>122.6</ele>
        <time>2026-10-04T04:57:35Z</time>
        <hdop>6.8</hdop>
        <extensions>
          <osmand:speed>6.9</osmand:speed>
        </extensions>
      </trkpt>
      <trkpt lat="51.2559678" lon="12.2775965">
        <ele>122.3</ele>
        <time>2026-10-04T04:57:40Z</time>
        <hdop>6.8</hdop>
        <extensions>
          <osmand:speed>6.8</osmand:speed>
        </extensions>
      </trkpt>
      <trkpt lat="51.2557957" lon="12.277066">
        <ele>122.2</ele>
        <time>2026-10-04T04:57:46Z</time>
        <hdop>6.4</hdop>
        <extensions>
          <osmand:speed>7</osmand:speed>
        </extensions>
      </trkpt>
      <trkpt lat="51.255645" lon="12.2766209">
        <ele>123.6</ele>
        <time>2026-10-04T04:57:51Z</time>
        <hdop>7.4</hdop>
        <extensions>
          <osmand:speed>6.9</osmand:speed>
        </extensions>
      </trkpt>
      <trkpt lat="51.2554743" lon="12.2760871">
        <ele>122.3</ele>
        <time>2026-10-04T04:57:57Z</time>
        <hdop>7.3</hdop>
        <extensions>
          <osmand:speed>6.9</osmand:speed>
        </extensions>
      </trkpt>
      <trkpt lat="51.2553343" lon="12.2756914">
        <ele>121.9</ele>
        <time>2026-10-04T04:58:02Z</time>
        <hdop>7.1</hdop>
        <extensions>
          <osmand:speed>6.5</osmand:speed>
        </extensions>
      </trkpt>
      <trkpt lat="51.2550733" lon="12.2753579">
        <ele>122</ele>
        <time>2026-10-04T04:58:08Z</time>
        <hdop>6.5</hdop>
        <extensions>
          <osmand:speed>5.9</osmand:speed>
        </extensions>
      </trkpt>
      <trkpt lat="51.2550058" lon="12.2749679">
        <ele>121.5</ele>
        <time>2026-10-04T04:58:14Z</time>
        <hdop>6.7</hdop>
        <extensions>
          <osmand:speed>4.9</osmand:speed>
        </extensions>
      </trkpt>
      <trkpt lat="51.2549238" lon="12.274578">
        <ele>121.8</ele>
        <time>2026-10-04T04:58:19Z</time>
        <hdop>7</hdop>
        <extensions>
          <osmand:speed>5.4</osmand:speed>
        </extensions>
      </trkpt>
      <trkpt lat="51.2548085" lon="12.2743069">
        <ele>121.7</ele>
        <time>2026-10-04T04:58:24Z</time>
        <hdop>10.2</hdop>
        <extensions>
          <osmand:speed>4.1</osmand:speed>
        </extensions>
      </trkpt>
      <trkpt lat="51.25479" lon="12.2741362">
        <ele>122.1</ele>
        <time>2026-10-04T04:58:30Z</time>
        <hdop>4</hdop>
        <extensions>
          <osmand:speed>1.8</osmand:speed>
        </extensions>
      </trkpt>
      <trkpt lat="51.2547498" lon="12.274069">
        <ele>122.3</ele>
        <time>2026-10-04T04:58:37Z</time>
        <hdop>3.1</hdop>
        <extensions>
          <osmand:speed>1.4</osmand:speed>
        </extensions>
      </trkpt>
      <trkpt lat="51.2546889" lon="12.2738731">
        <ele>122</ele>
        <time>2026-10-04T04:58:42Z</time>
        <hdop>4.4</hdop>
        <extensions>
          <osmand:speed>2.5</osmand:speed>
        </extensions>
      </trkpt>
      <trkpt lat="51.2547351" lon="12.2735188">
        <ele>122</ele>
        <time>2026-10-04T04:58:47Z</time>
        <hdop>5.2</hdop>
        <extensions>
          <osmand:speed>3.8</osmand:speed>
        </extensions>
      </trkpt>
      <trkpt lat="51.2547497" lon="12.2730785">
        <ele>122.2</ele>
        <time>2026-10-04T04:58:52Z</time>
        <hdop>6.4</hdop>
        <extensions>
          <osmand:speed>5.2</osmand:speed>
        </extensions>
      </trkpt>
      <trkpt lat="51.2547815" lon="12.2725763">
        <ele>122.1</ele>
        <time>2026-10-04T04:58:58Z</time>
        <hdop>7.7</hdop>
        <extensions>
          <osmand:speed>5.8</osmand:speed>
        </extensions>
      </trkpt>
      <trkpt lat="51.2548137" lon="12.2720571">
        <ele>122.2</ele>
        <time>2026-10-04T04:59:04Z</time>
        <hdop>7.3</hdop>
        <extensions>
          <osmand:speed>6</osmand:speed>
        </extensions>
      </trkpt>
      <trkpt lat="51.2548017" lon="12.271542">
        <ele>122.1</ele>
        <time>2026-10-04T04:59:10Z</time>
        <hdop>6.9</hdop>
        <extensions>
          <osmand:speed>6</osmand:speed>
        </extensions>
      </trkpt>
      <trkpt lat="51.2547726" lon="12.2709941">
        <ele>122.2</ele>
        <time>2026-10-04T04:59:16Z</time>
        <hdop>6.7</hdop>
        <extensions>
          <osmand:speed>6.1</osmand:speed>
        </extensions>
      </trkpt>
      <trkpt lat="51.2547503" lon="12.2705579">
        <ele>122.7</ele>
        <time>2026-10-04T04:59:21Z</time>
        <hdop>7</hdop>
        <extensions>
          <osmand:speed>6</osmand:speed>
        </extensions>
      </trkpt>
      <trkpt lat="51.2547453" lon="12.2700311">
        <ele>122.6</ele>
        <time>2026-10-04T04:59:27Z</time>
        <hdop>7.1</hdop>
        <extensions>
          <osmand:speed>6.1</osmand:speed>
        </extensions>
      </trkpt>
      <trkpt lat="51.2547328" lon="12.2695879">
        <ele>122.8</ele>
        <time>2026-10-04T04:59:32Z</time>
        <hdop>7.4</hdop>
        <extensions>
          <osmand:speed>6.2</osmand:speed>
        </extensions>
      </trkpt>
      <trkpt lat="51.2547538" lon="12.2690507">
        <ele>122.4</ele>
        <time>2026-10-04T04:59:38Z</time>
        <hdop>6.9</hdop>
        <extensions>
          <osmand:speed>6.2</osmand:speed>
        </extensions>
      </trkpt>
      <trkpt lat="51.2547591" lon="12.2685895">
        <ele>122.3</ele>
        <time>2026-10-04T04:59:43Z</time>
        <hdop>7.7</hdop>
        <extensions>
          <osmand:speed>6.3</osmand:speed>
        </extensions>
      </trkpt>
      <trkpt lat="51.2546468" lon="12.2680872">
        <ele>122.4</ele>
        <time>2026-10-04T04:59:49Z</time>
        <hdop>6.9</hdop>
        <extensions>
          <osmand:speed>6.2</osmand:speed>
        </extensions>
      </trkpt>
      <trkpt lat="51.2544319" lon="12.2677687">
        <ele>122</ele>
        <time>2026-10-04T04:59:54Z</time>
        <hdop>6.9</hdop>
        <extensions>
          <osmand:speed>6.2</osmand:speed>
        </extensions>
      </trkpt>
      <trkpt lat="51.2541579" lon="12.2675432">
        <ele>121.7</ele>
        <time>2026-10-04T04:59:59Z</time>
        <hdop>7.1</hdop>
        <extensions>
          <osmand:speed>6.6</osmand:speed>
        </extensions>
      </trkpt>
      <trkpt lat="51.2538658" lon="12.2673559">
        <ele>122</ele>
        <time>2026-10-04T05:00:04Z</time>
        <hdop>7.3</hdop>
        <extensions>
          <osmand:speed>6.7</osmand:speed>
        </extensions>
      </trkpt>
      <trkpt lat="51.2535996" lon="12.2669929">
        <ele>121.4</ele>
        <time>2026-10-04T05:00:10Z</time>
        <hdop>6.3</hdop>
        <extensions>
          <osmand:speed>6.6</osmand:speed>
        </extensions>
      </trkpt>
      <trkpt lat="51.2534049" lon="12.2666297">
        <ele>122</ele>
        <time>2026-10-04T05:00:15Z</time>
        <hdop>6.4</hdop>
        <extensions>
          <osmand:speed>6.5</osmand:speed>
        </extensions>
      </trkpt>
      <trkpt lat="51.2532311" lon="12.266264">
        <ele>121.9</ele>
        <time>2026-10-04T05:00:20Z</time>
        <hdop>6.6</hdop>
        <extensions>
          <osmand:speed>6.4</osmand:speed>
        </extensions>
      </trkpt>
      <trkpt lat="51.2530988" lon="12.2657453">
        <ele>122.3</ele>
        <time>2026-10-04T05:00:26Z</time>
        <hdop>6.4</hdop>
        <extensions>
          <osmand:speed>6.3</osmand:speed>
        </extensions>
      </trkpt>
      <trkpt lat="51.2530138" lon="12.265321">
        <ele>122.2</ele>
        <time>2026-10-04T05:00:31Z</time>
        <hdop>6.5</hdop>
        <extensions>
          <osmand:speed>6.2</osmand:speed>
        </extensions>
      </trkpt>
      <trkpt lat="51.2529333" lon="12.264862">
        <ele>121.7</ele>
        <time>2026-10-04T05:00:36Z</time>
        <hdop>6.6</hdop>
        <extensions>
          <osmand:speed>6.4</osmand:speed>
        </extensions>
      </trkpt>
      <trkpt lat="51.2527786" lon="12.2643554">
        <ele>121.9</ele>
        <time>2026-10-04T05:00:42Z</time>
        <hdop>6.3</hdop>
        <extensions>
          <osmand:speed>6.4</osmand:speed>
        </extensions>
      </trkpt>
      <trkpt lat="51.252616" lon="12.2639864">
        <ele>122.2</ele>
        <time>2026-10-04T05:00:47Z</time>
        <hdop>6.2</hdop>
        <extensions>
          <osmand:speed>6.2</osmand:speed>
        </extensions>
      </trkpt>
      <trkpt lat="51.2523133" lon="12.2636865">
        <ele>122.1</ele>
        <time>2026-10-04T05:00:53Z</time>
        <hdop>6.4</hdop>
        <extensions>
          <osmand:speed>6.5</osmand:speed>
        </extensions>
      </trkpt>
      <trkpt lat="51.2520476" lon="12.2634738">
        <ele>122.2</ele>
        <time>2026-10-04T05:00:58Z</time>
        <hdop>6.6</hdop>
        <extensions>
          <osmand:speed>6.4</osmand:speed>
        </extensions>
      </trkpt>
      <trkpt lat="51.2518488" lon="12.2631258">
        <ele>122.1</ele>
        <time>2026-10-04T05:01:03Z</time>
        <hdop>6.2</hdop>
        <extensions>
          <osmand:speed>6.6</osmand:speed>
        </extensions>
      </trkpt>
      <trkpt lat="51.2516467" lon="12.2626564">
        <ele>122.3</ele>
        <time>2026-10-04T05:01:09Z</time>
        <hdop>6.6</hdop>
        <extensions>
          <osmand:speed>6.5</osmand:speed>
        </extensions>
      </trkpt>
      <trkpt lat="51.2514974" lon="12.262245">
        <ele>123</ele>
        <time>2026-10-04T05:01:14Z</time>
        <hdop>6.8</hdop>
        <extensions>
          <osmand:speed>6.3</osmand:speed>
        </extensions>
      </trkpt>
      <trkpt lat="51.2512932" lon="12.2618081">
        <ele>123.3</ele>
        <time>2026-10-04T05:01:20Z</time>
        <hdop>7.1</hdop>
        <extensions>
          <osmand:speed>6.2</osmand:speed>
        </extensions>
      </trkpt>
      <trkpt lat="51.2510763" lon="12.261417">
        <ele>123.7</ele>
        <time>2026-10-04T05:01:26Z</time>
        <hdop>6.7</hdop>
        <extensions>
          <osmand:speed>6.2</osmand:speed>
        </extensions>
      </trkpt>
      <trkpt lat="51.2508267" lon="12.2610344">
        <ele>123.7</ele>
        <time>2026-10-04T05:01:32Z</time>
        <hdop>6.4</hdop>
        <extensions>
          <osmand:speed>6.4</osmand:speed>
        </extensions>
      </trkpt>
      <trkpt lat="51.2505509" lon="12.2606508">
        <ele>123.3</ele>
        <time>2026-10-04T05:01:38Z</time>
        <hdop>6.5</hdop>
        <extensions>
          <osmand:speed>6.8</osmand:speed>
        </extensions>
      </trkpt>
      <trkpt lat="51.2503217" lon="12.2603386">
        <ele>123.3</ele>
        <time>2026-10-04T05:01:43Z</time>
        <hdop>6.4</hdop>
        <extensions>
          <osmand:speed>6.6</osmand:speed>
        </extensions>
      </trkpt>
      <trkpt lat="51.2500858" lon="12.260017">
        <ele>123.5</ele>
        <time>2026-10-04T05:01:48Z</time>
        <hdop>6.2</hdop>
        <extensions>
          <osmand:speed>6.9</osmand:speed>
        </extensions>
      </trkpt>
      <trkpt lat="51.2498057" lon="12.2596506">
        <ele>123.6</ele>
        <time>2026-10-04T05:01:54Z</time>
        <hdop>6.2</hdop>
        <extensions>
          <osmand:speed>6.7</osmand:speed>
        </extensions>
      </trkpt>
      <trkpt lat="51.2495794" lon="12.25934">
        <ele>123.7</ele>
        <time>2026-10-04T05:01:59Z</time>
        <hdop>6.3</hdop>
        <extensions>
          <osmand:speed>6.6</osmand:speed>
        </extensions>
      </trkpt>
      <trkpt lat="51.2493087" lon="12.2589649">
        <ele>123.3</ele>
        <time>2026-10-04T05:02:05Z</time>
        <hdop>6.1</hdop>
        <extensions>
          <osmand:speed>6.7</osmand:speed>
        </extensions>
      </trkpt>
      <trkpt lat="51.2490378" lon="12.2585704">
        <ele>123.4</ele>
        <time>2026-10-04T05:02:11Z</time>
        <hdop>6.4</hdop>
        <extensions>
          <osmand:speed>6.8</osmand:speed>
        </extensions>
      </trkpt>
      <trkpt lat="51.2487685" lon="12.2581937">
        <ele>123.8</ele>
        <time>2026-10-04T05:02:17Z</time>
        <hdop>6.4</hdop>
        <extensions>
          <osmand:speed>6.7</osmand:speed>
        </extensions>
      </trkpt>
      <trkpt lat="51.2484929" lon="12.2578062">
        <ele>124</ele>
        <time>2026-10-04T05:02:23Z</time>
        <hdop>6.3</hdop>
        <extensions>
          <osmand:speed>6.9</osmand:speed>
        </extensions>
      </trkpt>
      <trkpt lat="51.2482247" lon="12.2574092">
        <ele>124.1</ele>
        <time>2026-10-04T05:02:29Z</time>
        <hdop>6.4</hdop>
        <extensions>
          <osmand:speed>6.8</osmand:speed>
        </extensions>
      </trkpt>
      <trkpt lat="51.2479648" lon="12.2570343">
        <ele>124</ele>
        <time>2026-10-04T05:02:35Z</time>
        <hdop>6.5</hdop>
        <extensions>
          <osmand:speed>6.6</osmand:speed>
        </extensions>
      </trkpt>
      <trkpt lat="51.2477509" lon="12.2567184">
        <ele>124.2</ele>
        <time>2026-10-04T05:02:40Z</time>
        <hdop>6.3</hdop>
        <extensions>
          <osmand:speed>6.5</osmand:speed>
        </extensions>
      </trkpt>
      <trkpt lat="51.2474897" lon="12.2563455">
        <ele>124.5</ele>
        <time>2026-10-04T05:02:46Z</time>
        <hdop>6.4</hdop>
        <extensions>
          <osmand:speed>6.6</osmand:speed>
        </extensions>
      </trkpt>
      <trkpt lat="51.2472415" lon="12.2559866">
        <ele>125</ele>
        <time>2026-10-04T05:02:52Z</time>
        <hdop>6.4</hdop>
        <extensions>
          <osmand:speed>6.4</osmand:speed>
        </extensions>
      </trkpt>
      <trkpt lat="51.2470227" lon="12.2556557">
        <ele>125.2</ele>
        <time>2026-10-04T05:02:57Z</time>
        <hdop>6.5</hdop>
        <extensions>
          <osmand:speed>6.5</osmand:speed>
        </extensions>
      </trkpt>
      <trkpt lat="51.2468024" lon="12.2553106">
        <ele>124.6</ele>
        <time>2026-10-04T05:03:02Z</time>
        <hdop>6.5</hdop>
        <extensions>
          <osmand:speed>6.9</osmand:speed>
        </extensions>
      </trkpt>
      <trkpt lat="51.2465664" lon="12.2549013">
        <ele>124.9</ele>
        <time>2026-10-04T05:03:08Z</time>
        <hdop>6.5</hdop>
        <extensions>
          <osmand:speed>6.6</osmand:speed>
        </extensions>
      </trkpt>
      <trkpt lat="51.2463721" lon="12.2545379">
        <ele>124.9</ele>
        <time>2026-10-04T05:03:13Z</time>
        <hdop>6.7</hdop>
        <extensions>
          <osmand:speed>6.7</osmand:speed>
        </extensions>
      </trkpt>
      <trkpt lat="51.2461656" lon="12.2541736">
        <ele>125.1</ele>
        <time>2026-10-04T05:03:18Z</time>
        <hdop>6.7</hdop>
        <extensions>
          <osmand:speed>6.7</osmand:speed>
        </extensions>
      </trkpt>
      <trkpt lat="51.245926" lon="12.2537528">
        <ele>125.8</ele>
        <time>2026-10-04T05:03:24Z</time>
        <hdop>6.8</hdop>
        <extensions>
          <osmand:speed>6.7</osmand:speed>
        </extensions>
      </trkpt>
      <trkpt lat="51.2457276" lon="12.2534035">
        <ele>125.6</ele>
        <time>2026-10-04T05:03:29Z</time>
        <hdop>6.7</hdop>
        <extensions>
          <osmand:speed>6.5</osmand:speed>
        </extensions>
      </trkpt>
      <trkpt lat="51.2454914" lon="12.2529766">
        <ele>125.1</ele>
        <time>2026-10-04T05:03:35Z</time>
        <hdop>6.8</hdop>
        <extensions>
          <osmand:speed>6.7</osmand:speed>
        </extensions>
      </trkpt>
      <trkpt lat="51.2452475" lon="12.2525418">
        <ele>125.6</ele>
        <time>2026-10-04T05:03:41Z</time>
        <hdop>6.9</hdop>
        <extensions>
          <osmand:speed>6.7</osmand:speed>
        </extensions>
      </trkpt>
      <trkpt lat="51.2450388" lon="12.2521768">
        <ele>125.7</ele>
        <time>2026-10-04T05:03:46Z</time>
        <hdop>7</hdop>
        <extensions>
          <osmand:speed>6.9</osmand:speed>
        </extensions>
      </trkpt>
      <trkpt lat="51.2447982" lon="12.2517459">
        <ele>125.6</ele>
        <time>2026-10-04T05:03:52Z</time>
        <hdop>7</hdop>
        <extensions>
          <osmand:speed>6.7</osmand:speed>
        </extensions>
      </trkpt>
      <trkpt lat="51.2445956" lon="12.2513705">
        <ele>125.5</ele>
        <time>2026-10-04T05:03:57Z</time>
        <hdop>7</hdop>
        <extensions>
          <osmand:speed>6.9</osmand:speed>
        </extensions>
      </trkpt>
      <trkpt lat="51.2443556" lon="12.2509491">
        <ele>125.2</ele>
        <time>2026-10-04T05:04:03Z</time>
        <hdop>7</hdop>
        <extensions>
          <osmand:speed>6.7</osmand:speed>
        </extensions>
      </trkpt>
      <trkpt lat="51.244109" lon="12.2505091">
        <ele>124.9</ele>
        <time>2026-10-04T05:04:09Z</time>
        <hdop>7</hdop>
        <extensions>
          <osmand:speed>6.9</osmand:speed>
        </extensions>
      </trkpt>
      <trkpt lat="51.2439047" lon="12.2501423">
        <ele>125</ele>
        <time>2026-10-04T05:04:14Z</time>
        <hdop>6.9</hdop>
        <extensions>
          <osmand:speed>6.9</osmand:speed>
        </extensions>
      </trkpt>
      <trkpt lat="51.2436951" lon="12.2497585">
        <ele>125</ele>
        <time>2026-10-04T05:04:19Z</time>
        <hdop>7.1</hdop>
        <extensions>
          <osmand:speed>7</osmand:speed>
        </extensions>
      </trkpt>
      <trkpt lat="51.2434434" lon="12.2492994">
        <ele>124.9</ele>
        <time>2026-10-04T05:04:25Z</time>
        <hdop>6.1</hdop>
        <extensions>
          <osmand:speed>7.2</osmand:speed>
        </extensions>
      </trkpt>
      <trkpt lat="51.2432278" lon="12.2489203">
        <ele>124.6</ele>
        <time>2026-10-04T05:04:30Z</time>
        <hdop>6.4</hdop>
        <extensions>
          <osmand:speed>7.2</osmand:speed>
        </extensions>
      </trkpt>
      <trkpt lat="51.2429805" lon="12.2484672">
        <ele>124.4</ele>
        <time>2026-10-04T05:04:36Z</time>
        <hdop>6.6</hdop>
        <extensions>
          <osmand:speed>7</osmand:speed>
        </extensions>
      </trkpt>
      <trkpt lat="51.2427735" lon="12.2481016">
        <ele>124.6</ele>
        <time>2026-10-04T05:04:41Z</time>
        <hdop>6.8</hdop>
        <extensions>
          <osmand:speed>6.7</osmand:speed>
        </extensions>
      </trkpt>
      <trkpt lat="51.2425323" lon="12.2476809">
        <ele>124.8</ele>
        <time>2026-10-04T05:04:47Z</time>
        <hdop>6.4</hdop>
        <extensions>
          <osmand:speed>6.7</osmand:speed>
        </extensions>
      </trkpt>
      <trkpt lat="51.2422866" lon="12.2472418">
        <ele>124.9</ele>
        <time>2026-10-04T05:04:53Z</time>
        <hdop>6.4</hdop>
        <extensions>
          <osmand:speed>6.8</osmand:speed>
        </extensions>
      </trkpt>
      <trkpt lat="51.2420497" lon="12.2468225">
        <ele>125</ele>
        <time>2026-10-04T05:04:59Z</time>
        <hdop>6.4</hdop>
        <extensions>
          <osmand:speed>6.6</osmand:speed>
        </extensions>
      </trkpt>
      <trkpt lat="51.2418111" lon="12.246393">
        <ele>125.3</ele>
        <time>2026-10-04T05:05:05Z</time>
        <hdop>6.5</hdop>
        <extensions>
          <osmand:speed>6.6</osmand:speed>
        </extensions>
      </trkpt>
      <trkpt lat="51.2415747" lon="12.2459661">
        <ele>125.4</ele>
        <time>2026-10-04T05:05:11Z</time>
        <hdop>6.6</hdop>
        <extensions>
          <osmand:speed>6.7</osmand:speed>
        </extensions>
      </trkpt>
      <trkpt lat="51.2413766" lon="12.2456071">
        <ele>125.8</ele>
        <time>2026-10-04T05:05:16Z</time>
        <hdop>6.5</hdop>
        <extensions>
          <osmand:speed>6.7</osmand:speed>
        </extensions>
      </trkpt>
      <trkpt lat="51.2411376" lon="12.2451874">
        <ele>125.8</ele>
        <time>2026-10-04T05:05:22Z</time>
        <hdop>6.4</hdop>
        <extensions>
          <osmand:speed>6.6</osmand:speed>
        </extensions>
      </trkpt>
      <trkpt lat="51.2409389" lon="12.2448309">
        <ele>125.8</ele>
        <time>2026-10-04T05:05:27Z</time>
        <hdop>6.3</hdop>
        <extensions>
          <osmand:speed>6.6</osmand:speed>
        </extensions>
      </trkpt>
      <trkpt lat="51.2407455" lon="12.2444816">
        <ele>125.9</ele>
        <time>2026-10-04T05:05:32Z</time>
        <hdop>6.4</hdop>
        <extensions>
          <osmand:speed>6.5</osmand:speed>
        </extensions>
      </trkpt>
      <trkpt lat="51.2405029" lon="12.2440526">
        <ele>126</ele>
        <time>2026-10-04T05:05:38Z</time>
        <hdop>6.5</hdop>
        <extensions>
          <osmand:speed>6.7</osmand:speed>
        </extensions>
      </trkpt>
      <trkpt lat="51.2402999" lon="12.2436934">
        <ele>126.4</ele>
        <time>2026-10-04T05:05:43Z</time>
        <hdop>6.4</hdop>
        <extensions>
          <osmand:speed>6.7</osmand:speed>
        </extensions>
      </trkpt>
      <trkpt lat="51.2400603" lon="12.2432644">
        <ele>127</ele>
        <time>2026-10-04T05:05:49Z</time>
        <hdop>6.3</hdop>
        <extensions>
          <osmand:speed>6.6</osmand:speed>
        </extensions>
      </trkpt>
      <trkpt lat="51.2398597" lon="12.2429015">
        <ele>126.7</ele>
        <time>2026-10-04T05:05:54Z</time>
        <hdop>6.2</hdop>
        <extensions>
          <osmand:speed>6.7</osmand:speed>
        </extensions>
      </trkpt>
      <trkpt lat="51.2396558" lon="12.2425353">
        <ele>126.9</ele>
        <time>2026-10-04T05:05:59Z</time>
        <hdop>6.5</hdop>
        <extensions>
          <osmand:speed>6.8</osmand:speed>
        </extensions>
      </trkpt>
      <trkpt lat="51.2394078" lon="12.2421038">
        <ele>127.3</ele>
        <time>2026-10-04T05:06:05Z</time>
        <hdop>6.7</hdop>
        <extensions>
          <osmand:speed>6.8</osmand:speed>
        </extensions>
      </trkpt>
      <trkpt lat="51.2391648" lon="12.2416624">
        <ele>127.1</ele>
        <time>2026-10-04T05:06:11Z</time>
        <hdop>6.8</hdop>
        <extensions>
          <osmand:speed>6.8</osmand:speed>
        </extensions>
      </trkpt>
      <trkpt lat="51.2389251" lon="12.2412269">
        <ele>127.4</ele>
        <time>2026-10-04T05:06:17Z</time>
        <hdop>6.3</hdop>
        <extensions>
          <osmand:speed>6.7</osmand:speed>
        </extensions>
      </trkpt>
      <trkpt lat="51.2387156" lon="12.2408532">
        <ele>127.7</ele>
        <time>2026-10-04T05:06:22Z</time>
        <hdop>6.5</hdop>
        <extensions>
          <osmand:speed>6.9</osmand:speed>
        </extensions>
      </trkpt>
      <trkpt lat="51.2385057" lon="12.2404829">
        <ele>127.5</ele>
        <time>2026-10-04T05:06:27Z</time>
        <hdop>6.9</hdop>
        <extensions>
          <osmand:speed>6.9</osmand:speed>
        </extensions>
      </trkpt>
      <trkpt lat="51.238301" lon="12.2401239">
        <ele>127.6</ele>
        <time>2026-10-04T05:06:32Z</time>
        <hdop>6.7</hdop>
        <extensions>
          <osmand:speed>6.8</osmand:speed>
        </extensions>
      </trkpt>
      <trkpt lat="51.2380525" lon="12.2396906">
        <ele>127.4</ele>
        <time>2026-10-04T05:06:38Z</time>
        <hdop>7</hdop>
        <extensions>
          <osmand:speed>6.7</osmand:speed>
        </extensions>
      </trkpt>
      <trkpt lat="51.2378607" lon="12.2393372">
        <ele>129.7</ele>
        <time>2026-10-04T05:06:43Z</time>
        <hdop>6.9</hdop>
        <extensions>
          <osmand:speed>6.5</osmand:speed>
        </extensions>
      </trkpt>
      <trkpt lat="51.2376337" lon="12.2389338">
        <ele>130</ele>
        <time>2026-10-04T05:06:49Z</time>
        <hdop>7.1</hdop>
        <extensions>
          <osmand:speed>6.3</osmand:speed>
        </extensions>
      </trkpt>
      <trkpt lat="51.2374123" lon="12.2385431">
        <ele>133.6</ele>
        <time>2026-10-04T05:06:55Z</time>
        <hdop>7.2</hdop>
        <extensions>
          <osmand:speed>6.1</osmand:speed>
        </extensions>
      </trkpt>
      <trkpt lat="51.2372203" lon="12.238196">
        <ele>129.5</ele>
        <time>2026-10-04T05:07:00Z</time>
        <hdop>7</hdop>
        <extensions>
          <osmand:speed>6.5</osmand:speed>
        </extensions>
      </trkpt>
      <trkpt lat="51.2369697" lon="12.2377673">
        <ele>128.3</ele>
        <time>2026-10-04T05:07:06Z</time>
        <hdop>6.9</hdop>
        <extensions>
          <osmand:speed>6.8</osmand:speed>
        </extensions>
      </trkpt>
      <trkpt lat="51.2367676" lon="12.2373939">
        <ele>128.1</ele>
        <time>2026-10-04T05:07:11Z</time>
        <hdop>7.3</hdop>
        <extensions>
          <osmand:speed>6.7</osmand:speed>
        </extensions>
      </trkpt>
      <trkpt lat="51.2365631" lon="12.2370234">
        <ele>128.1</ele>
        <time>2026-10-04T05:07:16Z</time>
        <hdop>7</hdop>
        <extensions>
          <osmand:speed>6.8</osmand:speed>
        </extensions>
      </trkpt>
      <trkpt lat="51.2363143" lon="12.2365924">
        <ele>128</ele>
        <time>2026-10-04T05:07:22Z</time>
        <hdop>6.3</hdop>
        <extensions>
          <osmand:speed>6.7</osmand:speed>
        </extensions>
      </trkpt>
      <trkpt lat="51.2361193" lon="12.2362357">
        <ele>128.1</ele>
        <time>2026-10-04T05:07:27Z</time>
        <hdop>6.4</hdop>
        <extensions>
          <osmand:speed>6.5</osmand:speed>
        </extensions>
      </trkpt>
      <trkpt lat="51.2358972" lon="12.2359155">
        <ele>128.2</ele>
        <time>2026-10-04T05:07:32Z</time>
        <hdop>6.5</hdop>
        <extensions>
          <osmand:speed>6.5</osmand:speed>
        </extensions>
      </trkpt>
      <trkpt lat="51.23561" lon="12.2360248">
        <ele>128.1</ele>
        <time>2026-10-04T05:07:37Z</time>
        <hdop>7.5</hdop>
        <extensions>
          <osmand:speed>6.2</osmand:speed>
        </extensions>
      </trkpt>
      <trkpt lat="51.2352675" lon="12.2361716">
        <ele>129.1</ele>
        <time>2026-10-04T05:07:43Z</time>
        <hdop>7.4</hdop>
        <extensions>
          <osmand:speed>6.4</osmand:speed>
        </extensions>
      </trkpt>
      <trkpt lat="51.2349109" lon="12.2362221">
        <ele>128.8</ele>
        <time>2026-10-04T05:07:49Z</time>
        <hdop>6.8</hdop>
        <extensions>
          <osmand:speed>6.7</osmand:speed>
        </extensions>
      </trkpt>
      <trkpt lat="51.2345674" lon="12.2360374">
        <ele>127.3</ele>
        <time>2026-10-04T05:07:55Z</time>
        <hdop>6.4</hdop>
        <extensions>
          <osmand:speed>6.7</osmand:speed>
        </extensions>
      </trkpt>
      <trkpt lat="51.2342939" lon="12.2358138">
        <ele>127.1</ele>
        <time>2026-10-04T05:08:00Z</time>
        <hdop>6.8</hdop>
        <extensions>
          <osmand:speed>6.7</osmand:speed>
        </extensions>
      </trkpt>
      <trkpt lat="51.2339687" lon="12.2355552">
        <ele>127.4</ele>
        <time>2026-10-04T05:08:06Z</time>
        <hdop>6.7</hdop>
        <extensions>
          <osmand:speed>6.7</osmand:speed>
        </extensions>
      </trkpt>
      <trkpt lat="51.2336508" lon="12.2353068">
        <ele>127.8</ele>
        <time>2026-10-04T05:08:12Z</time>
        <hdop>6.7</hdop>
        <extensions>
          <osmand:speed>6.5</osmand:speed>
        </extensions>
      </trkpt>
      <trkpt lat="51.2333831" lon="12.2351007">
        <ele>127.9</ele>
        <time>2026-10-04T05:08:17Z</time>
        <hdop>6.6</hdop>
        <extensions>
          <osmand:speed>6.6</osmand:speed>
        </extensions>
      </trkpt>
      <trkpt lat="51.2330561" lon="12.23487">
        <ele>127.8</ele>
        <time>2026-10-04T05:08:23Z</time>
        <hdop>6.6</hdop>
        <extensions>
          <osmand:speed>6.4</osmand:speed>
        </extensions>
      </trkpt>
      <trkpt lat="51.2327915" lon="12.2346583">
        <ele>127.7</ele>
        <time>2026-10-04T05:08:28Z</time>
        <hdop>6.7</hdop>
        <extensions>
          <osmand:speed>6.4</osmand:speed>
        </extensions>
      </trkpt>
      <trkpt lat="51.2324773" lon="12.2344325">
        <ele>128.2</ele>
        <time>2026-10-04T05:08:34Z</time>
        <hdop>6.6</hdop>
        <extensions>
          <osmand:speed>6.4</osmand:speed>
        </extensions>
      </trkpt>
      <trkpt lat="51.2322083" lon="12.2342443">
        <ele>128.6</ele>
        <time>2026-10-04T05:08:39Z</time>
        <hdop>6.4</hdop>
        <extensions>
          <osmand:speed>6.5</osmand:speed>
        </extensions>
      </trkpt>
      <trkpt lat="51.2319503" lon="12.2340314">
        <ele>129.2</ele>
        <time>2026-10-04T05:08:44Z</time>
        <hdop>6.3</hdop>
        <extensions>
          <osmand:speed>6.4</osmand:speed>
        </extensions>
      </trkpt>
      <trkpt lat="51.2316387" lon="12.2338084">
        <ele>129.1</ele>
        <time>2026-10-04T05:08:50Z</time>
        <hdop>6.4</hdop>
        <extensions>
          <osmand:speed>6.4</osmand:speed>
        </extensions>
      </trkpt>
      <trkpt lat="51.2313263" lon="12.2335716">
        <ele>129</ele>
        <time>2026-10-04T05:08:56Z</time>
        <hdop>6.3</hdop>
        <extensions>
          <osmand:speed>6.5</osmand:speed>
        </extensions>
      </trkpt>
      <trkpt lat="51.2310131" lon="12.2333324">
        <ele>128.6</ele>
        <time>2026-10-04T05:09:02Z</time>
        <hdop>6.3</hdop>
        <extensions>
          <osmand:speed>6.4</osmand:speed>
        </extensions>
      </trkpt>
      <trkpt lat="51.2307539" lon="12.233123">
        <ele>129.1</ele>
        <time>2026-10-04T05:09:07Z</time>
        <hdop>6.3</hdop>
        <extensions>
          <osmand:speed>6.5</osmand:speed>
        </extensions>
      </trkpt>
      <trkpt lat="51.2305433" lon="12.2328058">
        <ele>129.8</ele>
        <time>2026-10-04T05:09:12Z</time>
        <hdop>6</hdop>
        <extensions>
          <osmand:speed>6.4</osmand:speed>
        </extensions>
      </trkpt>
      <trkpt lat="51.2303111" lon="12.2323845">
        <ele>130.4</ele>
        <time>2026-10-04T05:09:18Z</time>
        <hdop>5.8</hdop>
        <extensions>
          <osmand:speed>6.4</osmand:speed>
        </extensions>
      </trkpt>
      <trkpt lat="51.230069" lon="12.2319557">
        <ele>130.3</ele>
        <time>2026-10-04T05:09:24Z</time>
        <hdop>6.2</hdop>
        <extensions>
          <osmand:speed>6.6</osmand:speed>
        </extensions>
      </trkpt>
      <trkpt lat="51.2298762" lon="12.231612">
        <ele>130</ele>
        <time>2026-10-04T05:09:29Z</time>
        <hdop>6.1</hdop>
        <extensions>
          <osmand:speed>6.4</osmand:speed>
        </extensions>
      </trkpt>
      <trkpt lat="51.2296358" lon="12.2311989">
        <ele>130.5</ele>
        <time>2026-10-04T05:09:35Z</time>
        <hdop>5.8</hdop>
        <extensions>
          <osmand:speed>6.6</osmand:speed>
        </extensions>
      </trkpt>
      <trkpt lat="51.2294332" lon="12.2308275">
        <ele>130.7</ele>
        <time>2026-10-04T05:09:40Z</time>
        <hdop>6.3</hdop>
        <extensions>
          <osmand:speed>6.6</osmand:speed>
        </extensions>
      </trkpt>
      <trkpt lat="51.229192" lon="12.2304165">
        <ele>130.5</ele>
        <time>2026-10-04T05:09:46Z</time>
        <hdop>6.5</hdop>
        <extensions>
          <osmand:speed>6.5</osmand:speed>
        </extensions>
      </trkpt>
      <trkpt lat="51.228947" lon="12.2299756">
        <ele>130.3</ele>
        <time>2026-10-04T05:09:52Z</time>
        <hdop>6</hdop>
        <extensions>
          <osmand:speed>6.8</osmand:speed>
        </extensions>
      </trkpt>
      <trkpt lat="51.2287364" lon="12.2296134">
        <ele>129.9</ele>
        <time>2026-10-04T05:09:57Z</time>
        <hdop>6.4</hdop>
        <extensions>
          <osmand:speed>6.8</osmand:speed>
        </extensions>
      </trkpt>
      <trkpt lat="51.2284941" lon="12.2291725">
        <ele>130.3</ele>
        <time>2026-10-04T05:10:03Z</time>
        <hdop>6.7</hdop>
        <extensions>
          <osmand:speed>6.7</osmand:speed>
        </extensions>
      </trkpt>
      <trkpt lat="51.2282624" lon="12.2287576">
        <ele>130.6</ele>
        <time>2026-10-04T05:10:09Z</time>
        <hdop>6.5</hdop>
        <extensions>
          <osmand:speed>6.4</osmand:speed>
        </extensions>
      </trkpt>
      <trkpt lat="51.2280731" lon="12.2284074">
        <ele>130.4</ele>
        <time>2026-10-04T05:10:14Z</time>
        <hdop>6.3</hdop>
        <extensions>
          <osmand:speed>6.4</osmand:speed>
        </extensions>
      </trkpt>
      <trkpt lat="51.2278466" lon="12.2280091">
        <ele>130.5</ele>
        <time>2026-10-04T05:10:20Z</time>
        <hdop>6.1</hdop>
        <extensions>
          <osmand:speed>6.3</osmand:speed>
        </extensions>
      </trkpt>
      <trkpt lat="51.2276307" lon="12.2276183">
        <ele>131.1</ele>
        <time>2026-10-04T05:10:26Z</time>
        <hdop>6.4</hdop>
        <extensions>
          <osmand:speed>6</osmand:speed>
        </extensions>
      </trkpt>
      <trkpt lat="51.2274498" lon="12.2272978">
        <ele>132.3</ele>
        <time>2026-10-04T05:10:31Z</time>
        <hdop>6.4</hdop>
        <extensions>
          <osmand:speed>5.9</osmand:speed>
        </extensions>
      </trkpt>
      <trkpt lat="51.2272805" lon="12.2269944">
        <ele>132.8</ele>
        <time>2026-10-04T05:10:36Z</time>
        <hdop>6</hdop>
        <extensions>
          <osmand:speed>5.6</osmand:speed>
        </extensions>
      </trkpt>
      <trkpt lat="51.2270805" lon="12.2266378">
        <ele>133</ele>
        <time>2026-10-04T05:10:42Z</time>
        <hdop>5.7</hdop>
        <extensions>
          <osmand:speed>5.5</osmand:speed>
        </extensions>
      </trkpt>
      <trkpt lat="51.226909" lon="12.2263404">
        <ele>133.3</ele>
        <time>2026-10-04T05:10:47Z</time>
        <hdop>5.7</hdop>
        <extensions>
          <osmand:speed>5.6</osmand:speed>
        </extensions>
      </trkpt>
      <trkpt lat="51.2267059" lon="12.2259859">
        <ele>134.2</ele>
        <time>2026-10-04T05:10:53Z</time>
        <hdop>5.6</hdop>
        <extensions>
          <osmand:speed>5.5</osmand:speed>
        </extensions>
      </trkpt>
      <trkpt lat="51.2265393" lon="12.2256828">
        <ele>134.5</ele>
        <time>2026-10-04T05:10:58Z</time>
        <hdop>5.8</hdop>
        <extensions>
          <osmand:speed>5.6</osmand:speed>
        </extensions>
      </trkpt>
      <trkpt lat="51.2263338" lon="12.2253069">
        <ele>135.7</ele>
        <time>2026-10-04T05:11:04Z</time>
        <hdop>5.8</hdop>
        <extensions>
          <osmand:speed>5.7</osmand:speed>
        </extensions>
      </trkpt>
      <trkpt lat="51.2261746" lon="12.2249921">
        <ele>136.3</ele>
        <time>2026-10-04T05:11:09Z</time>
        <hdop>5.9</hdop>
        <extensions>
          <osmand:speed>5.6</osmand:speed>
        </extensions>
      </trkpt>
      <trkpt lat="51.2259987" lon="12.22469">
        <ele>136.2</ele>
        <time>2026-10-04T05:11:14Z</time>
        <hdop>5.8</hdop>
        <extensions>
          <osmand:speed>5.7</osmand:speed>
        </extensions>
      </trkpt>
      <trkpt lat="51.2257881" lon="12.2243542">
        <ele>136.4</ele>
        <time>2026-10-04T05:11:20Z</time>
        <hdop>5.9</hdop>
        <extensions>
          <osmand:speed>5.5</osmand:speed>
        </extensions>
      </trkpt>
      <trkpt lat="51.2256077" lon="12.2240018">
        <ele>136.9</ele>
        <time>2026-10-04T05:11:26Z</time>
        <hdop>6.1</hdop>
        <extensions>
          <osmand:speed>4.9</osmand:speed>
        </extensions>
      </trkpt>
      <trkpt lat="51.2254774" lon="12.2237431">
        <ele>139.4</ele>
        <time>2026-10-04T05:11:31Z</time>
        <hdop>4.5</hdop>
        <extensions>
          <osmand:speed>3.7</osmand:speed>
        </extensions>
      </trkpt>
      <trkpt lat="51.2254483" lon="12.2235223">
        <ele>138.7</ele>
        <time>2026-10-04T05:11:37Z</time>
        <hdop>7.5</hdop>
        <extensions>
          <osmand:speed>2.6</osmand:speed>
        </extensions>
      </trkpt>
      <trkpt lat="51.225441" lon="12.2232571">
        <ele>138.4</ele>
        <time>2026-10-04T05:11:42Z</time>
        <hdop>4.5</hdop>
        <extensions>
          <osmand:speed>3</osmand:speed>
        </extensions>
      </trkpt>
      <trkpt lat="51.2254033" lon="12.2229671">
        <ele>138.7</ele>
        <time>2026-10-04T05:11:47Z</time>
        <hdop>5</hdop>
        <extensions>
          <osmand:speed>3.4</osmand:speed>
        </extensions>
      </trkpt>
      <trkpt lat="51.2253575" lon="12.2226681">
        <ele>139.1</ele>
        <time>2026-10-04T05:11:52Z</time>
        <hdop>4.8</hdop>
        <extensions>
          <osmand:speed>3.4</osmand:speed>
        </extensions>
      </trkpt>
      <trkpt lat="51.225317" lon="12.2223325">
        <ele>139.3</ele>
        <time>2026-10-04T05:11:57Z</time>
        <hdop>4.8</hdop>
        <extensions>
          <osmand:speed>3.8</osmand:speed>
        </extensions>
      </trkpt>
      <trkpt lat="51.2252611" lon="12.2218956">
        <ele>140.7</ele>
        <time>2026-10-04T05:12:03Z</time>
        <hdop>5.8</hdop>
        <extensions>
          <osmand:speed>5.1</osmand:speed>
        </extensions>
      </trkpt>
      <trkpt lat="51.2252098" lon="12.221495">
        <ele>140.7</ele>
        <time>2026-10-04T05:12:08Z</time>
        <hdop>6.4</hdop>
        <extensions>
          <osmand:speed>5.6</osmand:speed>
        </extensions>
      </trkpt>
      <trkpt lat="51.225149" lon="12.2210998">
        <ele>140.6</ele>
        <time>2026-10-04T05:12:13Z</time>
        <hdop>6.3</hdop>
        <extensions>
          <osmand:speed>5.6</osmand:speed>
        </extensions>
      </trkpt>
      <trkpt lat="51.2251171" lon="12.2206026">
        <ele>141</ele>
        <time>2026-10-04T05:12:19Z</time>
        <hdop>6.3</hdop>
        <extensions>
          <osmand:speed>5.8</osmand:speed>
        </extensions>
      </trkpt>
      <trkpt lat="51.2251713" lon="12.2201823">
        <ele>140.9</ele>
        <time>2026-10-04T05:12:24Z</time>
        <hdop>6.9</hdop>
        <extensions>
          <osmand:speed>5.8</osmand:speed>
        </extensions>
      </trkpt>
      <trkpt lat="51.2252328" lon="12.2196696">
        <ele>141.2</ele>
        <time>2026-10-04T05:12:30Z</time>
        <hdop>6.8</hdop>
        <extensions>
          <osmand:speed>5.9</osmand:speed>
        </extensions>
      </trkpt>
      <trkpt lat="51.2252865" lon="12.2191754">
        <ele>141.5</ele>
        <time>2026-10-04T05:12:36Z</time>
        <hdop>6.4</hdop>
        <extensions>
          <osmand:speed>5.9</osmand:speed>
        </extensions>
      </trkpt>
      <trkpt lat="51.2253498" lon="12.2186615">
        <ele>141.9</ele>
        <time>2026-10-04T05:12:42Z</time>
        <hdop>6.4</hdop>
        <extensions>
          <osmand:speed>6</osmand:speed>
        </extensions>
      </trkpt>
      <trkpt lat="51.225397" lon="12.2182286">
        <ele>142.1</ele>
        <time>2026-10-04T05:12:47Z</time>
        <hdop>6.4</hdop>
        <extensions>
          <osmand:speed>6</osmand:speed>
        </extensions>
      </trkpt>
      <trkpt lat="51.2254521" lon="12.2177097">
        <ele>142.6</ele>
        <time>2026-10-04T05:12:53Z</time>
        <hdop>6.4</hdop>
        <extensions>
          <osmand:speed>6.1</osmand:speed>
        </extensions>
      </trkpt>
      <trkpt lat="51.2255169" lon="12.2171737">
        <ele>143.2</ele>
        <time>2026-10-04T05:12:59Z</time>
        <hdop>6.7</hdop>
        <extensions>
          <osmand:speed>6.2</osmand:speed>
        </extensions>
      </trkpt>
      <trkpt lat="51.2255624" lon="12.216724">
        <ele>143.2</ele>
        <time>2026-10-04T05:13:04Z</time>
        <hdop>6.5</hdop>
        <extensions>
          <osmand:speed>6.3</osmand:speed>
        </extensions>
      </trkpt>
      <trkpt lat="51.2256208" lon="12.2161893">
        <ele>143.3</ele>
        <time>2026-10-04T05:13:10Z</time>
        <hdop>6.4</hdop>
        <extensions>
          <osmand:speed>6.4</osmand:speed>
        </extensions>
      </trkpt>
      <trkpt lat="51.2256856" lon="12.2156301">
        <ele>143.5</ele>
        <time>2026-10-04T05:13:16Z</time>
        <hdop>6.7</hdop>
        <extensions>
          <osmand:speed>6.6</osmand:speed>
        </extensions>
      </trkpt>
      <trkpt lat="51.2257489" lon="12.2150519">
        <ele>143.8</ele>
        <time>2026-10-04T05:13:22Z</time>
        <hdop>7.1</hdop>
        <extensions>
          <osmand:speed>6.7</osmand:speed>
        </extensions>
      </trkpt>
      <trkpt lat="51.2258136" lon="12.2144637">
        <ele>143.6</ele>
        <time>2026-10-04T05:13:28Z</time>
        <hdop>7.1</hdop>
        <extensions>
          <osmand:speed>6.9</osmand:speed>
        </extensions>
      </trkpt>
      <trkpt lat="51.2258824" lon="12.2138722">
        <ele>143.4</ele>
        <time>2026-10-04T05:13:34Z</time>
        <hdop>6.8</hdop>
        <extensions>
          <osmand:speed>7</osmand:speed>
        </extensions>
      </trkpt>
      <trkpt lat="51.2259428" lon="12.2133679">
        <ele>143</ele>
        <time>2026-10-04T05:13:39Z</time>
        <hdop>6.5</hdop>
        <extensions>
          <osmand:speed>7.1</osmand:speed>
        </extensions>
      </trkpt>
      <trkpt lat="51.2260079" lon="12.2127529">
        <ele>142.7</ele>
        <time>2026-10-04T05:13:45Z</time>
        <hdop>6.4</hdop>
        <extensions>
          <osmand:speed>7.4</osmand:speed>
        </extensions>
      </trkpt>
      <trkpt lat="51.2260638" lon="12.2122198">
        <ele>142</ele>
        <time>2026-10-04T05:13:50Z</time>
        <hdop>6.2</hdop>
        <extensions>
          <osmand:speed>7.4</osmand:speed>
        </extensions>
      </trkpt>
      <trkpt lat="51.22613" lon="12.2115942">
        <ele>141.4</ele>
        <time>2026-10-04T05:13:56Z</time>
        <hdop>6.2</hdop>
        <extensions>
          <osmand:speed>7.4</osmand:speed>
        </extensions>
      </trkpt>
      <trkpt lat="51.2261446" lon="12.211067">
        <ele>140.8</ele>
        <time>2026-10-04T05:14:01Z</time>
        <hdop>6.6</hdop>
        <extensions>
          <osmand:speed>7.4</osmand:speed>
        </extensions>
      </trkpt>
      <trkpt lat="51.2261107" lon="12.2105637">
        <ele>142.9</ele>
        <time>2026-10-04T05:14:06Z</time>
        <hdop>6.8</hdop>
        <extensions>
          <osmand:speed>7.1</osmand:speed>
        </extensions>
      </trkpt>
      <trkpt lat="51.22605" lon="12.2099719">
        <ele>141.1</ele>
        <time>2026-10-04T05:14:12Z</time>
        <hdop>6.6</hdop>
        <extensions>
          <osmand:speed>6.9</osmand:speed>
        </extensions>
      </trkpt>
      <trkpt lat="51.2259816" lon="12.2095083">
        <ele>140.4</ele>
        <time>2026-10-04T05:14:17Z</time>
        <hdop>6.5</hdop>
        <extensions>
          <osmand:speed>6.7</osmand:speed>
        </extensions>
      </trkpt>
      <trkpt lat="51.2258825" lon="12.2089725">
        <ele>140.7</ele>
        <time>2026-10-04T05:14:23Z</time>
        <hdop>6.5</hdop>
        <extensions>
          <osmand:speed>6.4</osmand:speed>
        </extensions>
      </trkpt>
      <trkpt lat="51.2258032" lon="12.2085308">
        <ele>141.4</ele>
        <time>2026-10-04T05:14:28Z</time>
        <hdop>6.1</hdop>
        <extensions>
          <osmand:speed>6.4</osmand:speed>
        </extensions>
      </trkpt>
      <trkpt lat="51.2257108" lon="12.2080146">
        <ele>141.7</ele>
        <time>2026-10-04T05:14:34Z</time>
        <hdop>6</hdop>
        <extensions>
          <osmand:speed>6.2</osmand:speed>
        </extensions>
      </trkpt>
      <trkpt lat="51.2256325" lon="12.2075823">
        <ele>142</ele>
        <time>2026-10-04T05:14:39Z</time>
        <hdop>6.9</hdop>
        <extensions>
          <osmand:speed>6.3</osmand:speed>
        </extensions>
      </trkpt>
      <trkpt lat="51.2255479" lon="12.2070566">
        <ele>142.7</ele>
        <time>2026-10-04T05:14:45Z</time>
        <hdop>7.2</hdop>
        <extensions>
          <osmand:speed>6.3</osmand:speed>
        </extensions>
      </trkpt>
      <trkpt lat="51.2254216" lon="12.2065482">
        <ele>142.5</ele>
        <time>2026-10-04T05:14:51Z</time>
        <hdop>7.4</hdop>
        <extensions>
          <osmand:speed>6.4</osmand:speed>
        </extensions>
      </trkpt>
      <trkpt lat="51.2253079" lon="12.2061321">
        <ele>143.1</ele>
        <time>2026-10-04T05:14:56Z</time>
        <hdop>7.7</hdop>
        <extensions>
          <osmand:speed>6.3</osmand:speed>
        </extensions>
      </trkpt>
      <trkpt lat="51.2251935" lon="12.2057275">
        <ele>143.2</ele>
        <time>2026-10-04T05:15:01Z</time>
        <hdop>7.2</hdop>
        <extensions>
          <osmand:speed>6.3</osmand:speed>
        </extensions>
      </trkpt>
      <trkpt lat="51.2250772" lon="12.2052455">
        <ele>143.3</ele>
        <time>2026-10-04T05:15:07Z</time>
        <hdop>7.4</hdop>
        <extensions>
          <osmand:speed>5.8</osmand:speed>
        </extensions>
      </trkpt>
      <trkpt lat="51.2249527" lon="12.2048613">
        <ele>143.9</ele>
        <time>2026-10-04T05:15:12Z</time>
        <hdop>8</hdop>
        <extensions>
          <osmand:speed>5.9</osmand:speed>
        </extensions>
      </trkpt>
      <trkpt lat="51.224858" lon="12.2044555">
        <ele>143.8</ele>
        <time>2026-10-04T05:15:17Z</time>
        <hdop>7.8</hdop>
        <extensions>
          <osmand:speed>6</osmand:speed>
        </extensions>
      </trkpt>
      <trkpt lat="51.2247743" lon="12.2039623">
        <ele>144.8</ele>
        <time>2026-10-04T05:15:23Z</time>
        <hdop>7.6</hdop>
        <extensions>
          <osmand:speed>6.1</osmand:speed>
        </extensions>
      </trkpt>
      <trkpt lat="51.2247126" lon="12.2035162">
        <ele>144.9</ele>
        <time>2026-10-04T05:15:28Z</time>
        <hdop>7.6</hdop>
        <extensions>
          <osmand:speed>6.2</osmand:speed>
        </extensions>
      </trkpt>
      <trkpt lat="51.2245771" lon="12.2030244">
        <ele>144.9</ele>
        <time>2026-10-04T05:15:34Z</time>
        <hdop>7.2</hdop>
        <extensions>
          <osmand:speed>6.2</osmand:speed>
        </extensions>
      </trkpt>
      <trkpt lat="51.2244595" lon="12.2026128">
        <ele>144.9</ele>
        <time>2026-10-04T05:15:39Z</time>
        <hdop>8.1</hdop>
        <extensions>
          <osmand:speed>6.2</osmand:speed>
        </extensions>
      </trkpt>
      <trkpt lat="51.2242326" lon="12.2022071">
        <ele>144.8</ele>
        <time>2026-10-04T05:15:45Z</time>
        <hdop>8.1</hdop>
        <extensions>
          <osmand:speed>6.2</osmand:speed>
        </extensions>
      </trkpt>
      <trkpt lat="51.2239534" lon="12.2020562">
        <ele>145.3</ele>
        <time>2026-10-04T05:15:50Z</time>
        <hdop>8.1</hdop>
        <extensions>
          <osmand:speed>6.2</osmand:speed>
        </extensions>
      </trkpt>
      <trkpt lat="51.223783" lon="12.2016197">
        <ele>145.8</ele>
        <time>2026-10-04T05:15:56Z</time>
        <hdop>7.4</hdop>
        <extensions>
          <osmand:speed>5.9</osmand:speed>
        </extensions>
      </trkpt>
      <trkpt lat="51.2236961" lon="12.2011146">
        <ele>146</ele>
        <time>2026-10-04T05:16:02Z</time>
        <hdop>7.3</hdop>
        <extensions>
          <osmand:speed>6.1</osmand:speed>
        </extensions>
      </trkpt>
      <trkpt lat="51.2236368" lon="12.2005794">
        <ele>146.4</ele>
        <time>2026-10-04T05:16:08Z</time>
        <hdop>7.5</hdop>
        <extensions>
          <osmand:speed>6.2</osmand:speed>
        </extensions>
      </trkpt>
      <trkpt lat="51.22359" lon="12.2000447">
        <ele>147.5</ele>
        <time>2026-10-04T05:16:14Z</time>
        <hdop>7.8</hdop>
        <extensions>
          <osmand:speed>6.1</osmand:speed>
        </extensions>
      </trkpt>
      <trkpt lat="51.2235611" lon="12.1996083">
        <ele>149.1</ele>
        <time>2026-10-04T05:16:19Z</time>
        <hdop>7.8</hdop>
        <extensions>
          <osmand:speed>6.1</osmand:speed>
        </extensions>
      </trkpt>
      <trkpt lat="51.223558" lon="12.1991576">
        <ele>148.8</ele>
        <time>2026-10-04T05:16:24Z</time>
        <hdop>7.9</hdop>
        <extensions>
          <osmand:speed>6.1</osmand:speed>
        </extensions>
      </trkpt>
      <trkpt lat="51.2235528" lon="12.1987179">
        <ele>148.5</ele>
        <time>2026-10-04T05:16:29Z</time>
        <hdop>7.4</hdop>
        <extensions>
          <osmand:speed>6.2</osmand:speed>
        </extensions>
      </trkpt>
      <trkpt lat="51.2235635" lon="12.1982715">
        <ele>148.3</ele>
        <time>2026-10-04T05:16:34Z</time>
        <hdop>7.6</hdop>
        <extensions>
          <osmand:speed>6.2</osmand:speed>
        </extensions>
      </trkpt>
      <trkpt lat="51.2235657" lon="12.1976892">
        <ele>148.4</ele>
        <time>2026-10-04T05:16:40Z</time>
        <hdop>7.1</hdop>
        <extensions>
          <osmand:speed>6.6</osmand:speed>
        </extensions>
      </trkpt>
      <trkpt lat="51.2235707" lon="12.1972257">
        <ele>148.6</ele>
        <time>2026-10-04T05:16:45Z</time>
        <hdop>7.2</hdop>
        <extensions>
          <osmand:speed>6.4</osmand:speed>
        </extensions>
      </trkpt>
      <trkpt lat="51.2235744" lon="12.1967424">
        <ele>149</ele>
        <time>2026-10-04T05:16:50Z</time>
        <hdop>7.2</hdop>
        <extensions>
          <osmand:speed>6.7</osmand:speed>
        </extensions>
      </trkpt>
      <trkpt lat="51.2235735" lon="12.1961617">
        <ele>149.2</ele>
        <time>2026-10-04T05:16:56Z</time>
        <hdop>7</hdop>
        <extensions>
          <osmand:speed>6.6</osmand:speed>
        </extensions>
      </trkpt>
      <trkpt lat="51.2235791" lon="12.1955892">
        <ele>149</ele>
        <time>2026-10-04T05:17:02Z</time>
        <hdop>6.9</hdop>
        <extensions>
          <osmand:speed>6.7</osmand:speed>
        </extensions>
      </trkpt>
      <trkpt lat="51.2235809" lon="12.1950101">
        <ele>149.2</ele>
        <time>2026-10-04T05:17:08Z</time>
        <hdop>7</hdop>
        <extensions>
          <osmand:speed>6.8</osmand:speed>
        </extensions>
      </trkpt>
      <trkpt lat="51.2235845" lon="12.1944116">
        <ele>148.9</ele>
        <time>2026-10-04T05:17:14Z</time>
        <hdop>7</hdop>
        <extensions>
          <osmand:speed>6.9</osmand:speed>
        </extensions>
      </trkpt>
      <trkpt lat="51.2235785" lon="12.1938012">
        <ele>149.1</ele>
        <time>2026-10-04T05:17:20Z</time>
        <hdop>7</hdop>
        <extensions>
          <osmand:speed>7.1</osmand:speed>
        </extensions>
      </trkpt>
      <trkpt lat="51.2235555" lon="12.1931874">
        <ele>148.7</ele>
        <time>2026-10-04T05:17:26Z</time>
        <hdop>6.9</hdop>
        <extensions>
          <osmand:speed>7.1</osmand:speed>
        </extensions>
      </trkpt>
      <trkpt lat="51.2235226" lon="12.1926824">
        <ele>148.3</ele>
        <time>2026-10-04T05:17:31Z</time>
        <hdop>7</hdop>
        <extensions>
          <osmand:speed>7.1</osmand:speed>
        </extensions>
      </trkpt>
      <trkpt lat="51.2234654" lon="12.1920676">
        <ele>148.2</ele>
        <time>2026-10-04T05:17:37Z</time>
        <hdop>6.9</hdop>
        <extensions>
          <osmand:speed>7.2</osmand:speed>
        </extensions>
      </trkpt>
      <trkpt lat="51.2233946" lon="12.191471">
        <ele>148</ele>
        <time>2026-10-04T05:17:43Z</time>
        <hdop>6.9</hdop>
        <extensions>
          <osmand:speed>7.2</osmand:speed>
        </extensions>
      </trkpt>
      <trkpt lat="51.2233123" lon="12.1908916">
        <ele>147.9</ele>
        <time>2026-10-04T05:17:49Z</time>
        <hdop>6.8</hdop>
        <extensions>
          <osmand:speed>6.9</osmand:speed>
        </extensions>
      </trkpt>
      <trkpt lat="51.2232201" lon="12.1903137">
        <ele>147.8</ele>
        <time>2026-10-04T05:17:55Z</time>
        <hdop>6.8</hdop>
        <extensions>
          <osmand:speed>7</osmand:speed>
        </extensions>
      </trkpt>
      <trkpt lat="51.2231097" lon="12.1897181">
        <ele>147.4</ele>
        <time>2026-10-04T05:18:01Z</time>
        <hdop>6.9</hdop>
        <extensions>
          <osmand:speed>7.2</osmand:speed>
        </extensions>
      </trkpt>
      <trkpt lat="51.2229723" lon="12.1891737">
        <ele>147.4</ele>
        <time>2026-10-04T05:18:07Z</time>
        <hdop>7</hdop>
        <extensions>
          <osmand:speed>7</osmand:speed>
        </extensions>
      </trkpt>
      <trkpt lat="51.2227611" lon="12.1887828">
        <ele>147.5</ele>
        <time>2026-10-04T05:18:12Z</time>
        <hdop>7.4</hdop>
        <extensions>
          <osmand:speed>7</osmand:speed>
        </extensions>
      </trkpt>
      <trkpt lat="51.2225647" lon="12.1884101">
        <ele>147.7</ele>
        <time>2026-10-04T05:18:17Z</time>
        <hdop>7.5</hdop>
        <extensions>
          <osmand:speed>6.7</osmand:speed>
        </extensions>
      </trkpt>
      <trkpt lat="51.2223615" lon="12.1879441">
        <ele>147.7</ele>
        <time>2026-10-04T05:18:23Z</time>
        <hdop>7.3</hdop>
        <extensions>
          <osmand:speed>6.4</osmand:speed>
        </extensions>
      </trkpt>
      <trkpt lat="51.2222005" lon="12.1874709">
        <ele>147.8</ele>
        <time>2026-10-04T05:18:29Z</time>
        <hdop>6.9</hdop>
        <extensions>
          <osmand:speed>6.4</osmand:speed>
        </extensions>
      </trkpt>
      <trkpt lat="51.2219513" lon="12.1872153">
        <ele>147.8</ele>
        <time>2026-10-04T05:18:34Z</time>
        <hdop>7.2</hdop>
        <extensions>
          <osmand:speed>6.5</osmand:speed>
        </extensions>
      </trkpt>
      <trkpt lat="51.2217187" lon="12.1869195">
        <ele>148</ele>
        <time>2026-10-04T05:18:39Z</time>
        <hdop>7.2</hdop>
        <extensions>
          <osmand:speed>6.6</osmand:speed>
        </extensions>
      </trkpt>
      <trkpt lat="51.2216323" lon="12.186455">
        <ele>148.4</ele>
        <time>2026-10-04T05:18:44Z</time>
        <hdop>7</hdop>
        <extensions>
          <osmand:speed>6.5</osmand:speed>
        </extensions>
      </trkpt>
      <trkpt lat="51.22168" lon="12.1858848">
        <ele>148.3</ele>
        <time>2026-10-04T05:18:50Z</time>
        <hdop>7.1</hdop>
        <extensions>
          <osmand:speed>6.4</osmand:speed>
        </extensions>
      </trkpt>
      <trkpt lat="51.2217812" lon="12.1854444">
        <ele>148</ele>
        <time>2026-10-04T05:18:55Z</time>
        <hdop>7.3</hdop>
        <extensions>
          <osmand:speed>6.5</osmand:speed>
        </extensions>
      </trkpt>
      <trkpt lat="51.2217754" lon="12.1849722">
        <ele>148.1</ele>
        <time>2026-10-04T05:19:00Z</time>
        <hdop>7.2</hdop>
        <extensions>
          <osmand:speed>6.4</osmand:speed>
        </extensions>
      </trkpt>
      <trkpt lat="51.2215764" lon="12.1845883">
        <ele>148.3</ele>
        <time>2026-10-04T05:19:05Z</time>
        <hdop>7.4</hdop>
        <extensions>
          <osmand:speed>6.7</osmand:speed>
        </extensions>
      </trkpt>
      <trkpt lat="51.2213002" lon="12.1841996">
        <ele>148</ele>
        <time>2026-10-04T05:19:11Z</time>
        <hdop>7.8</hdop>
        <extensions>
          <osmand:speed>6.7</osmand:speed>
        </extensions>
      </trkpt>
      <trkpt lat="51.2210756" lon="12.1838593">
        <ele>147.9</ele>
        <time>2026-10-04T05:19:16Z</time>
        <hdop>7.6</hdop>
        <extensions>
          <osmand:speed>6.7</osmand:speed>
        </extensions>
      </trkpt>
      <trkpt lat="51.2208209" lon="12.1835035">
        <ele>147.9</ele>
        <time>2026-10-04T05:19:22Z</time>
        <hdop>7.6</hdop>
        <extensions>
          <osmand:speed>6.5</osmand:speed>
        </extensions>
      </trkpt>
      <trkpt lat="51.2206144" lon="12.183198">
        <ele>152.3</ele>
        <time>2026-10-04T05:19:27Z</time>
        <hdop>6.9</hdop>
        <extensions>
          <osmand:speed>6.2</osmand:speed>
        </extensions>
      </trkpt>
      <trkpt lat="51.2202976" lon="12.1829309">
        <ele>149.2</ele>
        <time>2026-10-04T05:19:33Z</time>
        <hdop>7.3</hdop>
        <extensions>
          <osmand:speed>6.7</osmand:speed>
        </extensions>
      </trkpt>
      <trkpt lat="51.2200154" lon="12.1827114">
        <ele>147.7</ele>
        <time>2026-10-04T05:19:38Z</time>
        <hdop>7.3</hdop>
        <extensions>
          <osmand:speed>6.9</osmand:speed>
        </extensions>
      </trkpt>
      <trkpt lat="51.2196826" lon="12.1824209">
        <ele>148.2</ele>
        <time>2026-10-04T05:19:44Z</time>
        <hdop>7.8</hdop>
        <extensions>
          <osmand:speed>7</osmand:speed>
        </extensions>
      </trkpt>
      <trkpt lat="51.219399" lon="12.1822013">
        <ele>148.7</ele>
        <time>2026-10-04T05:19:49Z</time>
        <hdop>7.7</hdop>
        <extensions>
          <osmand:speed>6.9</osmand:speed>
        </extensions>
      </trkpt>
      <trkpt lat="51.2191193" lon="12.1820144">
        <ele>147.1</ele>
        <time>2026-10-04T05:19:54Z</time>
        <hdop>7.8</hdop>
        <extensions>
          <osmand:speed>6.8</osmand:speed>
        </extensions>
      </trkpt>
      <trkpt lat="51.2188323" lon="12.1818797">
        <ele>146.6</ele>
        <time>2026-10-04T05:19:59Z</time>
        <hdop>7.6</hdop>
        <extensions>
          <osmand:speed>6.5</osmand:speed>
        </extensions>
      </trkpt>
      <trkpt lat="51.2187787" lon="12.1813179">
        <ele>146.9</ele>
        <time>2026-10-04T05:20:05Z</time>
        <hdop>7.3</hdop>
        <extensions>
          <osmand:speed>6.3</osmand:speed>
        </extensions>
      </trkpt>
      <trkpt lat="51.2187958" lon="12.1806952">
        <ele>147.2</ele>
        <time>2026-10-04T05:20:11Z</time>
        <hdop>8.2</hdop>
        <extensions>
          <osmand:speed>7</osmand:speed>
        </extensions>
      </trkpt>
      <trkpt lat="51.2188031" lon="12.1802083">
        <ele>147</ele>
        <time>2026-10-04T05:20:16Z</time>
        <hdop>8</hdop>
        <extensions>
          <osmand:speed>6.6</osmand:speed>
        </extensions>
      </trkpt>
      <trkpt lat="51.2188135" lon="12.179731">
        <ele>146.3</ele>
        <time>2026-10-04T05:20:21Z</time>
        <hdop>7.7</hdop>
        <extensions>
          <osmand:speed>6.7</osmand:speed>
        </extensions>
      </trkpt>
      <trkpt lat="51.2188134" lon="12.1791327">
        <ele>146.4</ele>
        <time>2026-10-04T05:20:27Z</time>
        <hdop>7.1</hdop>
        <extensions>
          <osmand:speed>6.9</osmand:speed>
        </extensions>
      </trkpt>
      <trkpt lat="51.2188028" lon="12.1786369">
        <ele>146.6</ele>
        <time>2026-10-04T05:20:32Z</time>
        <hdop>7.2</hdop>
        <extensions>
          <osmand:speed>6.8</osmand:speed>
        </extensions>
      </trkpt>
      <trkpt lat="51.2187664" lon="12.1780553">
        <ele>146.8</ele>
        <time>2026-10-04T05:20:38Z</time>
        <hdop>7</hdop>
        <extensions>
          <osmand:speed>6.8</osmand:speed>
        </extensions>
      </trkpt>
      <trkpt lat="51.2187343" lon="12.1775717">
        <ele>146.6</ele>
        <time>2026-10-04T05:20:43Z</time>
        <hdop>7.2</hdop>
        <extensions>
          <osmand:speed>6.8</osmand:speed>
        </extensions>
      </trkpt>
      <trkpt lat="51.2187386" lon="12.1769879">
        <ele>146.7</ele>
        <time>2026-10-04T05:20:49Z</time>
        <hdop>6.7</hdop>
        <extensions>
          <osmand:speed>6.7</osmand:speed>
        </extensions>
      </trkpt>
      <trkpt lat="51.2187551" lon="12.1764192">
        <ele>146.7</ele>
        <time>2026-10-04T05:20:55Z</time>
        <hdop>6.7</hdop>
        <extensions>
          <osmand:speed>6.6</osmand:speed>
        </extensions>
      </trkpt>
      <trkpt lat="51.2187668" lon="12.1758463">
        <ele>146.9</ele>
        <time>2026-10-04T05:21:01Z</time>
        <hdop>6.8</hdop>
        <extensions>
          <osmand:speed>6.6</osmand:speed>
        </extensions>
      </trkpt>
      <trkpt lat="51.2187775" lon="12.1752644">
        <ele>147.2</ele>
        <time>2026-10-04T05:21:07Z</time>
        <hdop>7.1</hdop>
        <extensions>
          <osmand:speed>6.7</osmand:speed>
        </extensions>
      </trkpt>
      <trkpt lat="51.218776" lon="12.1747865">
        <ele>147</ele>
        <time>2026-10-04T05:21:12Z</time>
        <hdop>8.2</hdop>
        <extensions>
          <osmand:speed>6.7</osmand:speed>
        </extensions>
      </trkpt>
      <trkpt lat="51.2187897" lon="12.1741628">
        <ele>147</ele>
        <time>2026-10-04T05:21:18Z</time>
        <hdop>7</hdop>
        <extensions>
          <osmand:speed>7.1</osmand:speed>
        </extensions>
      </trkpt>
      <trkpt lat="51.2188627" lon="12.1736583">
        <ele>146.7</ele>
        <time>2026-10-04T05:21:23Z</time>
        <hdop>7.6</hdop>
        <extensions>
          <osmand:speed>7.1</osmand:speed>
        </extensions>
      </trkpt>
      <trkpt lat="51.2189423" lon="12.1731845">
        <ele>146.2</ele>
        <time>2026-10-04T05:21:28Z</time>
        <hdop>7.5</hdop>
        <extensions>
          <osmand:speed>6.6</osmand:speed>
        </extensions>
      </trkpt>
      <trkpt lat="51.2190531" lon="12.1727028">
        <ele>146.2</ele>
        <time>2026-10-04T05:21:34Z</time>
        <hdop>6.9</hdop>
        <extensions>
          <osmand:speed>6.1</osmand:speed>
        </extensions>
      </trkpt>
      <trkpt lat="51.2189788" lon="12.1722457">
        <ele>146.4</ele>
        <time>2026-10-04T05:21:39Z</time>
        <hdop>7</hdop>
        <extensions>
          <osmand:speed>6.5</osmand:speed>
        </extensions>
      </trkpt>
      <trkpt lat="51.2189401" lon="12.1717613">
        <ele>146.2</ele>
        <time>2026-10-04T05:21:44Z</time>
        <hdop>6.9</hdop>
        <extensions>
          <osmand:speed>6.7</osmand:speed>
        </extensions>
      </trkpt>
      <trkpt lat="51.2189324" lon="12.1711764">
        <ele>145.9</ele>
        <time>2026-10-04T05:21:50Z</time>
        <hdop>7.3</hdop>
        <extensions>
          <osmand:speed>6.6</osmand:speed>
        </extensions>
      </trkpt>
      <trkpt lat="51.218917" lon="12.1706767">
        <ele>146</ele>
        <time>2026-10-04T05:21:55Z</time>
        <hdop>6.8</hdop>
        <extensions>
          <osmand:speed>6.7</osmand:speed>
        </extensions>
      </trkpt>
      <trkpt lat="51.2189111" lon="12.1700843">
        <ele>146.2</ele>
        <time>2026-10-04T05:22:01Z</time>
        <hdop>6.8</hdop>
        <extensions>
          <osmand:speed>6.9</osmand:speed>
        </extensions>
      </trkpt>
      <trkpt lat="51.2189053" lon="12.1695913">
        <ele>146.4</ele>
        <time>2026-10-04T05:22:06Z</time>
        <hdop>6.7</hdop>
        <extensions>
          <osmand:speed>6.9</osmand:speed>
        </extensions>
      </trkpt>
      <trkpt lat="51.2188936" lon="12.1690199">
        <ele>146</ele>
        <time>2026-10-04T05:22:12Z</time>
        <hdop>6.8</hdop>
        <extensions>
          <osmand:speed>6.7</osmand:speed>
        </extensions>
      </trkpt>
      <trkpt lat="51.2188946" lon="12.1685304">
        <ele>146.1</ele>
        <time>2026-10-04T05:22:17Z</time>
        <hdop>6.8</hdop>
        <extensions>
          <osmand:speed>6.8</osmand:speed>
        </extensions>
      </trkpt>
      <trkpt lat="51.2188905" lon="12.1679587">
        <ele>146.3</ele>
        <time>2026-10-04T05:22:23Z</time>
        <hdop>6.9</hdop>
        <extensions>
          <osmand:speed>6.6</osmand:speed>
        </extensions>
      </trkpt>
      <trkpt lat="51.2188819" lon="12.1674752">
        <ele>146.2</ele>
        <time>2026-10-04T05:22:28Z</time>
        <hdop>6.7</hdop>
        <extensions>
          <osmand:speed>6.7</osmand:speed>
        </extensions>
      </trkpt>
      <trkpt lat="51.2188725" lon="12.1669197">
        <ele>146.7</ele>
        <time>2026-10-04T05:22:34Z</time>
        <hdop>6.8</hdop>
        <extensions>
          <osmand:speed>6.4</osmand:speed>
        </extensions>
      </trkpt>
      <trkpt lat="51.2188639" lon="12.1663501">
        <ele>146.5</ele>
        <time>2026-10-04T05:22:40Z</time>
        <hdop>6.8</hdop>
        <extensions>
          <osmand:speed>6.7</osmand:speed>
        </extensions>
      </trkpt>
      <trkpt lat="51.2188664" lon="12.1658139">
        <ele>147</ele>
        <time>2026-10-04T05:22:46Z</time>
        <hdop>6.7</hdop>
        <extensions>
          <osmand:speed>6.3</osmand:speed>
        </extensions>
      </trkpt>
      <trkpt lat="51.2188559" lon="12.1653644">
        <ele>147.3</ele>
        <time>2026-10-04T05:22:51Z</time>
        <hdop>6.7</hdop>
        <extensions>
          <osmand:speed>6.2</osmand:speed>
        </extensions>
      </trkpt>
      <trkpt lat="51.2188521" lon="12.1648361">
        <ele>148.3</ele>
        <time>2026-10-04T05:22:57Z</time>
        <hdop>6.6</hdop>
        <extensions>
          <osmand:speed>6.3</osmand:speed>
        </extensions>
      </trkpt>
      <trkpt lat="51.2188432" lon="12.1644072">
        <ele>152.8</ele>
        <time>2026-10-04T05:23:02Z</time>
        <hdop>7</hdop>
        <extensions>
          <osmand:speed>6</osmand:speed>
        </extensions>
      </trkpt>
      <trkpt lat="51.2188421" lon="12.163889">
        <ele>151.4</ele>
        <time>2026-10-04T05:23:08Z</time>
        <hdop>7</hdop>
        <extensions>
          <osmand:speed>5.8</osmand:speed>
        </extensions>
      </trkpt>
      <trkpt lat="51.2188367" lon="12.1634681">
        <ele>149.9</ele>
        <time>2026-10-04T05:23:13Z</time>
        <hdop>7</hdop>
        <extensions>
          <osmand:speed>5.8</osmand:speed>
        </extensions>
      </trkpt>
      <trkpt lat="51.2188328" lon="12.1629679">
        <ele>150</ele>
        <time>2026-10-04T05:23:19Z</time>
        <hdop>6.8</hdop>
        <extensions>
          <osmand:speed>5.9</osmand:speed>
        </extensions>
      </trkpt>
      <trkpt lat="51.2188236" lon="12.1625298">
        <ele>149.6</ele>
        <time>2026-10-04T05:23:24Z</time>
        <hdop>7</hdop>
        <extensions>
          <osmand:speed>5.8</osmand:speed>
        </extensions>
      </trkpt>
      <trkpt lat="51.2188195" lon="12.1620206">
        <ele>150.5</ele>
        <time>2026-10-04T05:23:30Z</time>
        <hdop>6.8</hdop>
        <extensions>
          <osmand:speed>5.9</osmand:speed>
        </extensions>
      </trkpt>
      <trkpt lat="51.218815" lon="12.1615952">
        <ele>151.2</ele>
        <time>2026-10-04T05:23:35Z</time>
        <hdop>6.8</hdop>
        <extensions>
          <osmand:speed>5.8</osmand:speed>
        </extensions>
      </trkpt>
      <trkpt lat="51.2188103" lon="12.1610928">
        <ele>151.4</ele>
        <time>2026-10-04T05:23:41Z</time>
        <hdop>6.6</hdop>
        <extensions>
          <osmand:speed>5.9</osmand:speed>
        </extensions>
      </trkpt>
      <trkpt lat="51.2188056" lon="12.1606538">
        <ele>151.7</ele>
        <time>2026-10-04T05:23:46Z</time>
        <hdop>6.7</hdop>
        <extensions>
          <osmand:speed>6</osmand:speed>
        </extensions>
      </trkpt>
      <trkpt lat="51.2187976" lon="12.1602254">
        <ele>151.5</ele>
        <time>2026-10-04T05:23:51Z</time>
        <hdop>6.7</hdop>
        <extensions>
          <osmand:speed>6</osmand:speed>
        </extensions>
      </trkpt>
      <trkpt lat="51.2187915" lon="12.1596832">
        <ele>152.3</ele>
        <time>2026-10-04T05:23:57Z</time>
        <hdop>6.5</hdop>
        <extensions>
          <osmand:speed>6.4</osmand:speed>
        </extensions>
      </trkpt>
      <trkpt lat="51.2187895" lon="12.1592292">
        <ele>152.2</ele>
        <time>2026-10-04T05:24:02Z</time>
        <hdop>6.6</hdop>
        <extensions>
          <osmand:speed>6.2</osmand:speed>
        </extensions>
      </trkpt>
      <trkpt lat="51.2187825" lon="12.1586837">
        <ele>152.1</ele>
        <time>2026-10-04T05:24:08Z</time>
        <hdop>6.7</hdop>
        <extensions>
          <osmand:speed>6.3</osmand:speed>
        </extensions>
      </trkpt>
      <trkpt lat="51.2187768" lon="12.1582201">
        <ele>152</ele>
        <time>2026-10-04T05:24:13Z</time>
        <hdop>6.7</hdop>
        <extensions>
          <osmand:speed>6.6</osmand:speed>
        </extensions>
      </trkpt>
      <trkpt lat="51.2187725" lon="12.1577349">
        <ele>151.8</ele>
        <time>2026-10-04T05:24:18Z</time>
        <hdop>6.5</hdop>
        <extensions>
          <osmand:speed>6.7</osmand:speed>
        </extensions>
      </trkpt>
      <trkpt lat="51.218766" lon="12.1571522">
        <ele>151.7</ele>
        <time>2026-10-04T05:24:24Z</time>
        <hdop>6.7</hdop>
        <extensions>
          <osmand:speed>6.8</osmand:speed>
        </extensions>
      </trkpt>
      <trkpt lat="51.2187552" lon="12.1565676">
        <ele>151.2</ele>
        <time>2026-10-04T05:24:30Z</time>
        <hdop>6.7</hdop>
        <extensions>
          <osmand:speed>6.8</osmand:speed>
        </extensions>
      </trkpt>
      <trkpt lat="51.2187493" lon="12.1559747">
        <ele>150.4</ele>
        <time>2026-10-04T05:24:36Z</time>
        <hdop>6.5</hdop>
        <extensions>
          <osmand:speed>7</osmand:speed>
        </extensions>
      </trkpt>
      <trkpt lat="51.2187454" lon="12.1553619">
        <ele>149.9</ele>
        <time>2026-10-04T05:24:42Z</time>
        <hdop>6.6</hdop>
        <extensions>
          <osmand:speed>7</osmand:speed>
        </extensions>
      </trkpt>
      <trkpt lat="51.2187401" lon="12.1547632">
        <ele>149.5</ele>
        <time>2026-10-04T05:24:48Z</time>
        <hdop>6.8</hdop>
        <extensions>
          <osmand:speed>7</osmand:speed>
        </extensions>
      </trkpt>
      <trkpt lat="51.218734" lon="12.154279">
        <ele>149.2</ele>
        <time>2026-10-04T05:24:53Z</time>
        <hdop>7.1</hdop>
        <extensions>
          <osmand:speed>6.7</osmand:speed>
        </extensions>
      </trkpt>
      <trkpt lat="51.2187248" lon="12.1537609">
        <ele>148.9</ele>
        <time>2026-10-04T05:24:58Z</time>
        <hdop>6.8</hdop>
        <extensions>
          <osmand:speed>7.1</osmand:speed>
        </extensions>
      </trkpt>
      <trkpt lat="51.2187185" lon="12.1532457">
        <ele>148.3</ele>
        <time>2026-10-04T05:25:03Z</time>
        <hdop>6.8</hdop>
        <extensions>
          <osmand:speed>7.2</osmand:speed>
        </extensions>
      </trkpt>
      <trkpt lat="51.2186386" lon="12.1526257">
        <ele>148.1</ele>
        <time>2026-10-04T05:25:09Z</time>
        <hdop>7</hdop>
        <extensions>
          <osmand:speed>7.3</osmand:speed>
        </extensions>
      </trkpt>
      <trkpt lat="51.2185399" lon="12.1519997">
        <ele>147.4</ele>
        <time>2026-10-04T05:25:15Z</time>
        <hdop>6.8</hdop>
        <extensions>
          <osmand:speed>7.5</osmand:speed>
        </extensions>
      </trkpt>
      <trkpt lat="51.2184497" lon="12.1513818">
        <ele>146.9</ele>
        <time>2026-10-04T05:25:21Z</time>
        <hdop>6.7</hdop>
        <extensions>
          <osmand:speed>7.3</osmand:speed>
        </extensions>
      </trkpt>
      <trkpt lat="51.2183741" lon="12.1508713">
        <ele>146.6</ele>
        <time>2026-10-04T05:25:26Z</time>
        <hdop>6.9</hdop>
        <extensions>
          <osmand:speed>7.2</osmand:speed>
        </extensions>
      </trkpt>
      <trkpt lat="51.2182889" lon="12.1502615">
        <ele>146.2</ele>
        <time>2026-10-04T05:25:32Z</time>
        <hdop>6.8</hdop>
        <extensions>
          <osmand:speed>7.3</osmand:speed>
        </extensions>
      </trkpt>
      <trkpt lat="51.2182028" lon="12.1496642">
        <ele>145.9</ele>
        <time>2026-10-04T05:25:38Z</time>
        <hdop>6.9</hdop>
        <extensions>
          <osmand:speed>7.2</osmand:speed>
        </extensions>
      </trkpt>
      <trkpt lat="51.2181122" lon="12.1490493">
        <ele>145.6</ele>
        <time>2026-10-04T05:25:44Z</time>
        <hdop>7</hdop>
        <extensions>
          <osmand:speed>7.2</osmand:speed>
        </extensions>
      </trkpt>
      <trkpt lat="51.2180383" lon="12.1485559">
        <ele>145.6</ele>
        <time>2026-10-04T05:25:49Z</time>
        <hdop>7.1</hdop>
        <extensions>
          <osmand:speed>7</osmand:speed>
        </extensions>
      </trkpt>
      <trkpt lat="51.2179648" lon="12.1479658">
        <ele>145.9</ele>
        <time>2026-10-04T05:25:55Z</time>
        <hdop>6.7</hdop>
        <extensions>
          <osmand:speed>7.1</osmand:speed>
        </extensions>
      </trkpt>
      <trkpt lat="51.217892" lon="12.1474598">
        <ele>145.1</ele>
        <time>2026-10-04T05:26:00Z</time>
        <hdop>6.7</hdop>
        <extensions>
          <osmand:speed>7.1</osmand:speed>
        </extensions>
      </trkpt>
      <trkpt lat="51.2178112" lon="12.146883">
        <ele>145</ele>
        <time>2026-10-04T05:26:06Z</time>
        <hdop>6.6</hdop>
        <extensions>
          <osmand:speed>7</osmand:speed>
        </extensions>
      </trkpt>
      <trkpt lat="51.2177287" lon="12.1462945">
        <ele>144.7</ele>
        <time>2026-10-04T05:26:12Z</time>
        <hdop>6.5</hdop>
        <extensions>
          <osmand:speed>7</osmand:speed>
        </extensions>
      </trkpt>
      <trkpt lat="51.2176253" lon="12.1458121">
        <ele>144.5</ele>
        <time>2026-10-04T05:26:17Z</time>
        <hdop>6.5</hdop>
        <extensions>
          <osmand:speed>7</osmand:speed>
        </extensions>
      </trkpt>
      <trkpt lat="51.2174373" lon="12.1452613">
        <ele>144.8</ele>
        <time>2026-10-04T05:26:23Z</time>
        <hdop>6.4</hdop>
        <extensions>
          <osmand:speed>7.3</osmand:speed>
        </extensions>
      </trkpt>
      <trkpt lat="51.217282" lon="12.1447924">
        <ele>144.2</ele>
        <time>2026-10-04T05:26:28Z</time>
        <hdop>6.2</hdop>
        <extensions>
          <osmand:speed>7.3</osmand:speed>
        </extensions>
      </trkpt>
      <trkpt lat="51.2170915" lon="12.144227">
        <ele>144.1</ele>
        <time>2026-10-04T05:26:34Z</time>
        <hdop>6.3</hdop>
        <extensions>
          <osmand:speed>7.5</osmand:speed>
        </extensions>
      </trkpt>
      <trkpt lat="51.2169521" lon="12.1437397">
        <ele>143.2</ele>
        <time>2026-10-04T05:26:39Z</time>
        <hdop>6.2</hdop>
        <extensions>
          <osmand:speed>7.4</osmand:speed>
        </extensions>
      </trkpt>
      <trkpt lat="51.2169131" lon="12.1431084">
        <ele>142.8</ele>
        <time>2026-10-04T05:26:45Z</time>
        <hdop>6.4</hdop>
        <extensions>
          <osmand:speed>7.4</osmand:speed>
        </extensions>
      </trkpt>
      <trkpt lat="51.2169941" lon="12.1424611">
        <ele>142.4</ele>
        <time>2026-10-04T05:26:51Z</time>
        <hdop>6.6</hdop>
        <extensions>
          <osmand:speed>7.6</osmand:speed>
        </extensions>
      </trkpt>
      <trkpt lat="51.2170729" lon="12.1419257">
        <ele>142.1</ele>
        <time>2026-10-04T05:26:56Z</time>
        <hdop>6.4</hdop>
        <extensions>
          <osmand:speed>7.5</osmand:speed>
        </extensions>
      </trkpt>
      <trkpt lat="51.21708" lon="12.1412896">
        <ele>141.6</ele>
        <time>2026-10-04T05:27:02Z</time>
        <hdop>6.5</hdop>
        <extensions>
          <osmand:speed>7.4</osmand:speed>
        </extensions>
      </trkpt>
      <trkpt lat="51.2170678" lon="12.140756">
        <ele>141.5</ele>
        <time>2026-10-04T05:27:07Z</time>
        <hdop>6.9</hdop>
        <extensions>
          <osmand:speed>7.2</osmand:speed>
        </extensions>
      </trkpt>
      <trkpt lat="51.2169973" lon="12.1403278">
        <ele>141.3</ele>
        <time>2026-10-04T05:27:13Z</time>
        <hdop>6.6</hdop>
        <extensions>
          <osmand:speed>4.6</osmand:speed>
        </extensions>
      </trkpt>
      <trkpt lat="51.2169855" lon="12.1401798">
        <ele>141.4</ele>
        <time>2026-10-04T05:27:19Z</time>
        <hdop>7.3</hdop>
        <extensions>
          <osmand:speed>2.1</osmand:speed>
        </extensions>
      </trkpt>
      <trkpt lat="51.2167913" lon="12.1401782">
        <ele>141.6</ele>
        <time>2026-10-04T05:27:24Z</time>
        <hdop>7.7</hdop>
        <extensions>
          <osmand:speed>3.4</osmand:speed>
        </extensions>
      </trkpt>
      <trkpt lat="51.2165656" lon="12.1401621">
        <ele>141.9</ele>
        <time>2026-10-04T05:27:30Z</time>
        <hdop>5.2</hdop>
        <extensions>
          <osmand:speed>3.8</osmand:speed>
        </extensions>
      </trkpt>
      <trkpt lat="51.216293" lon="12.1401257">
        <ele>142.4</ele>
        <time>2026-10-04T05:27:36Z</time>
        <hdop>5.2</hdop>
        <extensions>
          <osmand:speed>4.3</osmand:speed>
        </extensions>
      </trkpt>
      <trkpt lat="51.2159875" lon="12.140094">
        <ele>142.7</ele>
        <time>2026-10-04T05:27:42Z</time>
        <hdop>6.7</hdop>
        <extensions>
          <osmand:speed>5.1</osmand:speed>
        </extensions>
      </trkpt>
      <trkpt lat="51.2157155" lon="12.1400807">
        <ele>144.2</ele>
        <time>2026-10-04T05:27:48Z</time>
        <hdop>6.6</hdop>
        <extensions>
          <osmand:speed>5</osmand:speed>
        </extensions>
      </trkpt>
      <trkpt lat="51.2154741" lon="12.1400443">
        <ele>145.8</ele>
        <time>2026-10-04T05:27:53Z</time>
        <hdop>6.5</hdop>
        <extensions>
          <osmand:speed>5.4</osmand:speed>
        </extensions>
      </trkpt>
      <trkpt lat="51.215217" lon="12.1400066">
        <ele>145.2</ele>
        <time>2026-10-04T05:27:58Z</time>
        <hdop>6.6</hdop>
        <extensions>
          <osmand:speed>5.8</osmand:speed>
        </extensions>
      </trkpt>
      <trkpt lat="51.2149" lon="12.1399653">
        <ele>146</ele>
        <time>2026-10-04T05:28:04Z</time>
        <hdop>6.6</hdop>
        <extensions>
          <osmand:speed>5.9</osmand:speed>
        </extensions>
      </trkpt>
      <trkpt lat="51.2145748" lon="12.1399056">
        <ele>145.9</ele>
        <time>2026-10-04T05:28:10Z</time>
        <hdop>6.5</hdop>
        <extensions>
          <osmand:speed>6.1</osmand:speed>
        </extensions>
      </trkpt>
      <trkpt lat="51.2142998" lon="12.1398675">
        <ele>146.2</ele>
        <time>2026-10-04T05:28:15Z</time>
        <hdop>6.8</hdop>
        <extensions>
          <osmand:speed>6</osmand:speed>
        </extensions>
      </trkpt>
      <trkpt lat="51.214032" lon="12.1398122">
        <ele>146.8</ele>
        <time>2026-10-04T05:28:20Z</time>
        <hdop>6.4</hdop>
        <extensions>
          <osmand:speed>6.1</osmand:speed>
        </extensions>
      </trkpt>
      <trkpt lat="51.213756" lon="12.1397678">
        <ele>147.2</ele>
        <time>2026-10-04T05:28:25Z</time>
        <hdop>6.4</hdop>
        <extensions>
          <osmand:speed>6.2</osmand:speed>
        </extensions>
      </trkpt>
      <trkpt lat="51.2134236" lon="12.1397163">
        <ele>147.5</ele>
        <time>2026-10-04T05:28:31Z</time>
        <hdop>6.4</hdop>
        <extensions>
          <osmand:speed>6.2</osmand:speed>
        </extensions>
      </trkpt>
      <trkpt lat="51.2130873" lon="12.1396683">
        <ele>147.4</ele>
        <time>2026-10-04T05:28:37Z</time>
        <hdop>6.3</hdop>
        <extensions>
          <osmand:speed>6.2</osmand:speed>
        </extensions>
      </trkpt>
      <trkpt lat="51.2127571" lon="12.139609">
        <ele>147.9</ele>
        <time>2026-10-04T05:28:43Z</time>
        <hdop>6.3</hdop>
        <extensions>
          <osmand:speed>6.1</osmand:speed>
        </extensions>
      </trkpt>
      <trkpt lat="51.2124172" lon="12.1395533">
        <ele>148.6</ele>
        <time>2026-10-04T05:28:49Z</time>
        <hdop>6.3</hdop>
        <extensions>
          <osmand:speed>6.2</osmand:speed>
        </extensions>
      </trkpt>
      <trkpt lat="51.2120909" lon="12.1395061">
        <ele>149.3</ele>
        <time>2026-10-04T05:28:55Z</time>
        <hdop>6.3</hdop>
        <extensions>
          <osmand:speed>6.1</osmand:speed>
        </extensions>
      </trkpt>
      <trkpt lat="51.2118201" lon="12.1394544">
        <ele>149.6</ele>
        <time>2026-10-04T05:29:00Z</time>
        <hdop>6.4</hdop>
        <extensions>
          <osmand:speed>6.2</osmand:speed>
        </extensions>
      </trkpt>
      <trkpt lat="51.2114878" lon="12.139405">
        <ele>149.6</ele>
        <time>2026-10-04T05:29:06Z</time>
        <hdop>6.4</hdop>
        <extensions>
          <osmand:speed>6.1</osmand:speed>
        </extensions>
      </trkpt>
      <trkpt lat="51.2111493" lon="12.1393537">
        <ele>150</ele>
        <time>2026-10-04T05:29:12Z</time>
        <hdop>6.5</hdop>
        <extensions>
          <osmand:speed>6.2</osmand:speed>
        </extensions>
      </trkpt>
      <trkpt lat="51.2108105" lon="12.1393001">
        <ele>150.6</ele>
        <time>2026-10-04T05:29:18Z</time>
        <hdop>6.2</hdop>
        <extensions>
          <osmand:speed>6.3</osmand:speed>
        </extensions>
      </trkpt>
      <trkpt lat="51.2105198" lon="12.1392492">
        <ele>151.1</ele>
        <time>2026-10-04T05:29:23Z</time>
        <hdop>6.3</hdop>
        <extensions>
          <osmand:speed>6.5</osmand:speed>
        </extensions>
      </trkpt>
      <trkpt lat="51.2102173" lon="12.1392062">
        <ele>150.9</ele>
        <time>2026-10-04T05:29:28Z</time>
        <hdop>6.3</hdop>
        <extensions>
          <osmand:speed>6.8</osmand:speed>
        </extensions>
      </trkpt>
      <trkpt lat="51.2098346" lon="12.1391436">
        <ele>150.4</ele>
        <time>2026-10-04T05:29:34Z</time>
        <hdop>6.5</hdop>
        <extensions>
          <osmand:speed>7.1</osmand:speed>
        </extensions>
      </trkpt>
      <trkpt lat="51.2094613" lon="12.1390761">
        <ele>150</ele>
        <time>2026-10-04T05:29:40Z</time>
        <hdop>6.2</hdop>
        <extensions>
          <osmand:speed>7.1</osmand:speed>
        </extensions>
      </trkpt>
      <trkpt lat="51.2091443" lon="12.1390338">
        <ele>150.4</ele>
        <time>2026-10-04T05:29:45Z</time>
        <hdop>6.3</hdop>
        <extensions>
          <osmand:speed>7.2</osmand:speed>
        </extensions>
      </trkpt>
      <trkpt lat="51.2087602" lon="12.138973">
        <ele>150.7</ele>
        <time>2026-10-04T05:29:51Z</time>
        <hdop>6.4</hdop>
        <extensions>
          <osmand:speed>7.2</osmand:speed>
        </extensions>
      </trkpt>
      <trkpt lat="51.2084272" lon="12.1389183">
        <ele>150.2</ele>
        <time>2026-10-04T05:29:56Z</time>
        <hdop>6.3</hdop>
        <extensions>
          <osmand:speed>7.3</osmand:speed>
        </extensions>
      </trkpt>
      <trkpt lat="51.2080296" lon="12.1388497">
        <ele>149.5</ele>
        <time>2026-10-04T05:30:02Z</time>
        <hdop>6.4</hdop>
        <extensions>
          <osmand:speed>7.4</osmand:speed>
        </extensions>
      </trkpt>
      <trkpt lat="51.2076583" lon="12.138782">
        <ele>149.4</ele>
        <time>2026-10-04T05:30:08Z</time>
        <hdop>6.3</hdop>
        <extensions>
          <osmand:speed>6.9</osmand:speed>
        </extensions>
      </trkpt>
      <trkpt lat="51.2073578" lon="12.1387458">
        <ele>149.9</ele>
        <time>2026-10-04T05:30:13Z</time>
        <hdop>6.4</hdop>
        <extensions>
          <osmand:speed>6.6</osmand:speed>
        </extensions>
      </trkpt>
      <trkpt lat="51.2070089" lon="12.1386868">
        <ele>150.5</ele>
        <time>2026-10-04T05:30:19Z</time>
        <hdop>6.4</hdop>
        <extensions>
          <osmand:speed>6.4</osmand:speed>
        </extensions>
      </trkpt>
      <trkpt lat="51.2067182" lon="12.1386355">
        <ele>150.9</ele>
        <time>2026-10-04T05:30:24Z</time>
        <hdop>6.4</hdop>
        <extensions>
          <osmand:speed>6.5</osmand:speed>
        </extensions>
      </trkpt>
      <trkpt lat="51.2063728" lon="12.1385944">
        <ele>151</ele>
        <time>2026-10-04T05:30:30Z</time>
        <hdop>6.3</hdop>
        <extensions>
          <osmand:speed>6.4</osmand:speed>
        </extensions>
      </trkpt>
      <trkpt lat="51.206086" lon="12.1385388">
        <ele>151.8</ele>
        <time>2026-10-04T05:30:35Z</time>
        <hdop>6.3</hdop>
        <extensions>
          <osmand:speed>6.3</osmand:speed>
        </extensions>
      </trkpt>
      <trkpt lat="51.2058015" lon="12.1384917">
        <ele>151.9</ele>
        <time>2026-10-04T05:30:40Z</time>
        <hdop>6.2</hdop>
        <extensions>
          <osmand:speed>6.4</osmand:speed>
        </extensions>
      </trkpt>
      <trkpt lat="51.2055095" lon="12.1384558">
        <ele>152.6</ele>
        <time>2026-10-04T05:30:45Z</time>
        <hdop>6.4</hdop>
        <extensions>
          <osmand:speed>6.5</osmand:speed>
        </extensions>
      </trkpt>
      <trkpt lat="51.2051681" lon="12.1383802">
        <ele>152.9</ele>
        <time>2026-10-04T05:30:51Z</time>
        <hdop>6.3</hdop>
        <extensions>
          <osmand:speed>6.3</osmand:speed>
        </extensions>
      </trkpt>
      <trkpt lat="51.2048188" lon="12.1383244">
        <ele>153.3</ele>
        <time>2026-10-04T05:30:57Z</time>
        <hdop>6.3</hdop>
        <extensions>
          <osmand:speed>6.4</osmand:speed>
        </extensions>
      </trkpt>
      <trkpt lat="51.2044793" lon="12.1382559">
        <ele>154</ele>
        <time>2026-10-04T05:31:03Z</time>
        <hdop>6.2</hdop>
        <extensions>
          <osmand:speed>6.4</osmand:speed>
        </extensions>
      </trkpt>
      <trkpt lat="51.2041862" lon="12.1381782">
        <ele>154</ele>
        <time>2026-10-04T05:31:08Z</time>
        <hdop>6.2</hdop>
        <extensions>
          <osmand:speed>6.5</osmand:speed>
        </extensions>
      </trkpt>
      <trkpt lat="51.2038359" lon="12.1380941">
        <ele>154.5</ele>
        <time>2026-10-04T05:31:14Z</time>
        <hdop>6.2</hdop>
        <extensions>
          <osmand:speed>6.7</osmand:speed>
        </extensions>
      </trkpt>
      <trkpt lat="51.2035387" lon="12.1379889">
        <ele>154.7</ele>
        <time>2026-10-04T05:31:19Z</time>
        <hdop>6.2</hdop>
        <extensions>
          <osmand:speed>6.7</osmand:speed>
        </extensions>
      </trkpt>
      <trkpt lat="51.2031685" lon="12.1378543">
        <ele>154.5</ele>
        <time>2026-10-04T05:31:25Z</time>
        <hdop>6.3</hdop>
        <extensions>
          <osmand:speed>7</osmand:speed>
        </extensions>
      </trkpt>
      <trkpt lat="51.2028638" lon="12.1377231">
        <ele>154.3</ele>
        <time>2026-10-04T05:31:30Z</time>
        <hdop>6.3</hdop>
        <extensions>
          <osmand:speed>7.2</osmand:speed>
        </extensions>
      </trkpt>
      <trkpt lat="51.2025559" lon="12.1375903">
        <ele>154.6</ele>
        <time>2026-10-04T05:31:35Z</time>
        <hdop>6.3</hdop>
        <extensions>
          <osmand:speed>7.2</osmand:speed>
        </extensions>
      </trkpt>
      <trkpt lat="51.2021796" lon="12.1374037">
        <ele>154</ele>
        <time>2026-10-04T05:31:41Z</time>
        <hdop>6.2</hdop>
        <extensions>
          <osmand:speed>7.5</osmand:speed>
        </extensions>
      </trkpt>
      <trkpt lat="51.2018563" lon="12.1372345">
        <ele>154</ele>
        <time>2026-10-04T05:31:46Z</time>
        <hdop>6.2</hdop>
        <extensions>
          <osmand:speed>7.5</osmand:speed>
        </extensions>
      </trkpt>
      <trkpt lat="51.2015558" lon="12.1370093">
        <ele>153.7</ele>
        <time>2026-10-04T05:31:51Z</time>
        <hdop>6.3</hdop>
        <extensions>
          <osmand:speed>7.4</osmand:speed>
        </extensions>
      </trkpt>
      <trkpt lat="51.2011798" lon="12.1367771">
        <ele>153.1</ele>
        <time>2026-10-04T05:31:57Z</time>
        <hdop>6.3</hdop>
        <extensions>
          <osmand:speed>7.5</osmand:speed>
        </extensions>
      </trkpt>
      <trkpt lat="51.2008666" lon="12.1365688">
        <ele>152.6</ele>
        <time>2026-10-04T05:32:02Z</time>
        <hdop>6.3</hdop>
        <extensions>
          <osmand:speed>7.5</osmand:speed>
        </extensions>
      </trkpt>
      <trkpt lat="51.2005537" lon="12.1363627">
        <ele>152.3</ele>
        <time>2026-10-04T05:32:07Z</time>
        <hdop>6.2</hdop>
        <extensions>
          <osmand:speed>7.6</osmand:speed>
        </extensions>
      </trkpt>
      <trkpt lat="51.2001882" lon="12.1360795">
        <ele>152.1</ele>
        <time>2026-10-04T05:32:13Z</time>
        <hdop>6.3</hdop>
        <extensions>
          <osmand:speed>7.5</osmand:speed>
        </extensions>
      </trkpt>
      <trkpt lat="51.1998265" lon="12.1357664">
        <ele>151.7</ele>
        <time>2026-10-04T05:32:19Z</time>
        <hdop>6.2</hdop>
        <extensions>
          <osmand:speed>7.7</osmand:speed>
        </extensions>
      </trkpt>
      <trkpt lat="51.1994754" lon="12.135452">
        <ele>151.2</ele>
        <time>2026-10-04T05:32:25Z</time>
        <hdop>6.1</hdop>
        <extensions>
          <osmand:speed>7.4</osmand:speed>
        </extensions>
      </trkpt>
      <trkpt lat="51.1991314" lon="12.1351091">
        <ele>150.8</ele>
        <time>2026-10-04T05:32:31Z</time>
        <hdop>6.1</hdop>
        <extensions>
          <osmand:speed>7.5</osmand:speed>
        </extensions>
      </trkpt>
      <trkpt lat="51.1988531" lon="12.134817">
        <ele>150.4</ele>
        <time>2026-10-04T05:32:36Z</time>
        <hdop>6</hdop>
        <extensions>
          <osmand:speed>7.4</osmand:speed>
        </extensions>
      </trkpt>
      <trkpt lat="51.198519" lon="12.1344464">
        <ele>150</ele>
        <time>2026-10-04T05:32:42Z</time>
        <hdop>6.1</hdop>
        <extensions>
          <osmand:speed>7.6</osmand:speed>
        </extensions>
      </trkpt>
      <trkpt lat="51.1982506" lon="12.1341277">
        <ele>150</ele>
        <time>2026-10-04T05:32:47Z</time>
        <hdop>6.1</hdop>
        <extensions>
          <osmand:speed>7.5</osmand:speed>
        </extensions>
      </trkpt>
      <trkpt lat="51.1979181" lon="12.1337181">
        <ele>149.4</ele>
        <time>2026-10-04T05:32:53Z</time>
        <hdop>6</hdop>
        <extensions>
          <osmand:speed>7.7</osmand:speed>
        </extensions>
      </trkpt>
      <trkpt lat="51.1975958" lon="12.1332888">
        <ele>149</ele>
        <time>2026-10-04T05:32:59Z</time>
        <hdop>6</hdop>
        <extensions>
          <osmand:speed>7.8</osmand:speed>
        </extensions>
      </trkpt>
      <trkpt lat="51.1973359" lon="12.1329189">
        <ele>148.5</ele>
        <time>2026-10-04T05:33:04Z</time>
        <hdop>6.1</hdop>
        <extensions>
          <osmand:speed>7.8</osmand:speed>
        </extensions>
      </trkpt>
      <trkpt lat="51.1970237" lon="12.1324488">
        <ele>148.3</ele>
        <time>2026-10-04T05:33:10Z</time>
        <hdop>6</hdop>
        <extensions>
          <osmand:speed>7.8</osmand:speed>
        </extensions>
      </trkpt>
      <trkpt lat="51.1967275" lon="12.1319921">
        <ele>148.4</ele>
        <time>2026-10-04T05:33:16Z</time>
        <hdop>6</hdop>
        <extensions>
          <osmand:speed>7.7</osmand:speed>
        </extensions>
      </trkpt>
      <trkpt lat="51.1964414" lon="12.131509">
        <ele>147.5</ele>
        <time>2026-10-04T05:33:22Z</time>
        <hdop>6</hdop>
        <extensions>
          <osmand:speed>7.7</osmand:speed>
        </extensions>
      </trkpt>
      <trkpt lat="51.1962129" lon="12.1311032">
        <ele>147.4</ele>
        <time>2026-10-04T05:33:27Z</time>
        <hdop>6.1</hdop>
        <extensions>
          <osmand:speed>7.7</osmand:speed>
        </extensions>
      </trkpt>
      <trkpt lat="51.1959485" lon="12.1305942">
        <ele>146.8</ele>
        <time>2026-10-04T05:33:33Z</time>
        <hdop>6</hdop>
        <extensions>
          <osmand:speed>7.6</osmand:speed>
        </extensions>
      </trkpt>
      <trkpt lat="51.1957306" lon="12.1301683">
        <ele>146.7</ele>
        <time>2026-10-04T05:33:38Z</time>
        <hdop>6.1</hdop>
        <extensions>
          <osmand:speed>7.7</osmand:speed>
        </extensions>
      </trkpt>
      <trkpt lat="51.1954638" lon="12.1296469">
        <ele>146.3</ele>
        <time>2026-10-04T05:33:44Z</time>
        <hdop>6.1</hdop>
        <extensions>
          <osmand:speed>7.8</osmand:speed>
        </extensions>
      </trkpt>
      <trkpt lat="51.1952521" lon="12.1292087">
        <ele>145.7</ele>
        <time>2026-10-04T05:33:49Z</time>
        <hdop>6.1</hdop>
        <extensions>
          <osmand:speed>7.8</osmand:speed>
        </extensions>
      </trkpt>
      <trkpt lat="51.1949943" lon="12.1286963">
        <ele>145.3</ele>
        <time>2026-10-04T05:33:55Z</time>
        <hdop>6.2</hdop>
        <extensions>
          <osmand:speed>7.6</osmand:speed>
        </extensions>
      </trkpt>
      <trkpt lat="51.1947238" lon="12.1281966">
        <ele>145</ele>
        <time>2026-10-04T05:34:01Z</time>
        <hdop>6.1</hdop>
        <extensions>
          <osmand:speed>7.7</osmand:speed>
        </extensions>
      </trkpt>
      <trkpt lat="51.1944916" lon="12.127788">
        <ele>144.3</ele>
        <time>2026-10-04T05:34:06Z</time>
        <hdop>6.2</hdop>
        <extensions>
          <osmand:speed>7.7</osmand:speed>
        </extensions>
      </trkpt>
      <trkpt lat="51.1942057" lon="12.1273359">
        <ele>144.3</ele>
        <time>2026-10-04T05:34:12Z</time>
        <hdop>6.7</hdop>
        <extensions>
          <osmand:speed>7.6</osmand:speed>
        </extensions>
      </trkpt>
      <trkpt lat="51.193947" lon="12.1269723">
        <ele>145.6</ele>
        <time>2026-10-04T05:34:17Z</time>
        <hdop>7</hdop>
        <extensions>
          <osmand:speed>7.6</osmand:speed>
        </extensions>
      </trkpt>
      <trkpt lat="51.1936151" lon="12.1265825">
        <ele>144.7</ele>
        <time>2026-10-04T05:34:23Z</time>
        <hdop>6.5</hdop>
        <extensions>
          <osmand:speed>7.6</osmand:speed>
        </extensions>
      </trkpt>
      <trkpt lat="51.1932451" lon="12.1262426">
        <ele>143.1</ele>
        <time>2026-10-04T05:34:29Z</time>
        <hdop>6.7</hdop>
        <extensions>
          <osmand:speed>7.8</osmand:speed>
        </extensions>
      </trkpt>
      <trkpt lat="51.1928589" lon="12.1259555">
        <ele>142.9</ele>
        <time>2026-10-04T05:34:35Z</time>
        <hdop>6.8</hdop>
        <extensions>
          <osmand:speed>8</osmand:speed>
        </extensions>
      </trkpt>
      <trkpt lat="51.1925113" lon="12.1257502">
        <ele>142.1</ele>
        <time>2026-10-04T05:34:40Z</time>
        <hdop>6.7</hdop>
        <extensions>
          <osmand:speed>8.3</osmand:speed>
        </extensions>
      </trkpt>
      <trkpt lat="51.1921277" lon="12.1256079">
        <ele>141.2</ele>
        <time>2026-10-04T05:34:45Z</time>
        <hdop>6.7</hdop>
        <extensions>
          <osmand:speed>8.8</osmand:speed>
        </extensions>
      </trkpt>
      <trkpt lat="51.1917176" lon="12.125518">
        <ele>139.4</ele>
        <time>2026-10-04T05:34:50Z</time>
        <hdop>6.4</hdop>
        <extensions>
          <osmand:speed>9.1</osmand:speed>
        </extensions>
      </trkpt>
      <trkpt lat="51.1911986" lon="12.1255079">
        <ele>137.5</ele>
        <time>2026-10-04T05:34:56Z</time>
        <hdop>6.2</hdop>
        <extensions>
          <osmand:speed>9.7</osmand:speed>
        </extensions>
      </trkpt>
      <trkpt lat="51.1906656" lon="12.1255903">
        <ele>136</ele>
        <time>2026-10-04T05:35:02Z</time>
        <hdop>6.2</hdop>
        <extensions>
          <osmand:speed>10</osmand:speed>
        </extensions>
      </trkpt>
      <trkpt lat="51.1901449" lon="12.1257812">
        <ele>133.6</ele>
        <time>2026-10-04T05:35:08Z</time>
        <hdop>6</hdop>
        <extensions>
          <osmand:speed>10</osmand:speed>
        </extensions>
      </trkpt>
      <trkpt lat="51.1896366" lon="12.1260284">
        <ele>132.6</ele>
        <time>2026-10-04T05:35:14Z</time>
        <hdop>6.1</hdop>
        <extensions>
          <osmand:speed>9.9</osmand:speed>
        </extensions>
      </trkpt>
      <trkpt lat="51.1892223" lon="12.1262145">
        <ele>131.4</ele>
        <time>2026-10-04T05:35:19Z</time>
        <hdop>6.1</hdop>
        <extensions>
          <osmand:speed>9.3</osmand:speed>
        </extensions>
      </trkpt>
      <trkpt lat="51.1887779" lon="12.1264083">
        <ele>131.2</ele>
        <time>2026-10-04T05:35:25Z</time>
        <hdop>6.3</hdop>
        <extensions>
          <osmand:speed>8.3</osmand:speed>
        </extensions>
      </trkpt>
      <trkpt lat="51.1883722" lon="12.1265993">
        <ele>131.5</ele>
        <time>2026-10-04T05:35:31Z</time>
        <hdop>6.1</hdop>
        <extensions>
          <osmand:speed>7.9</osmand:speed>
        </extensions>
      </trkpt>
      <trkpt lat="51.1880307" lon="12.1267432">
        <ele>131.7</ele>
        <time>2026-10-04T05:35:36Z</time>
        <hdop>6</hdop>
        <extensions>
          <osmand:speed>7.7</osmand:speed>
        </extensions>
      </trkpt>
      <trkpt lat="51.1877104" lon="12.1268926">
        <ele>132.2</ele>
        <time>2026-10-04T05:35:41Z</time>
        <hdop>6.1</hdop>
        <extensions>
          <osmand:speed>7.3</osmand:speed>
        </extensions>
      </trkpt>
      <trkpt lat="51.1873291" lon="12.127075">
        <ele>132.5</ele>
        <time>2026-10-04T05:35:47Z</time>
        <hdop>6.1</hdop>
        <extensions>
          <osmand:speed>7.4</osmand:speed>
        </extensions>
      </trkpt>
      <trkpt lat="51.1870075" lon="12.127228">
        <ele>132.9</ele>
        <time>2026-10-04T05:35:52Z</time>
        <hdop>6.1</hdop>
        <extensions>
          <osmand:speed>7.4</osmand:speed>
        </extensions>
      </trkpt>
      <trkpt lat="51.186624" lon="12.1273891">
        <ele>133.6</ele>
        <time>2026-10-04T05:35:58Z</time>
        <hdop>6.1</hdop>
        <extensions>
          <osmand:speed>7.4</osmand:speed>
        </extensions>
      </trkpt>
      <trkpt lat="51.1863" lon="12.127524">
        <ele>134.2</ele>
        <time>2026-10-04T05:36:03Z</time>
        <hdop>6.2</hdop>
        <extensions>
          <osmand:speed>7.4</osmand:speed>
        </extensions>
      </trkpt>
      <trkpt lat="51.1859194" lon="12.1276468">
        <ele>134.1</ele>
        <time>2026-10-04T05:36:09Z</time>
        <hdop>6.2</hdop>
        <extensions>
          <osmand:speed>7.3</osmand:speed>
        </extensions>
      </trkpt>
      <trkpt lat="51.1855994" lon="12.1277081">
        <ele>134.4</ele>
        <time>2026-10-04T05:36:14Z</time>
        <hdop>6.1</hdop>
        <extensions>
          <osmand:speed>7.1</osmand:speed>
        </extensions>
      </trkpt>
      <trkpt lat="51.1852199" lon="12.127735">
        <ele>134.9</ele>
        <time>2026-10-04T05:36:20Z</time>
        <hdop>6.1</hdop>
        <extensions>
          <osmand:speed>7.1</osmand:speed>
        </extensions>
      </trkpt>
      <trkpt lat="51.1849054" lon="12.1277161">
        <ele>135.3</ele>
        <time>2026-10-04T05:36:25Z</time>
        <hdop>6.4</hdop>
        <extensions>
          <osmand:speed>6.8</osmand:speed>
        </extensions>
      </trkpt>
      <trkpt lat="51.184553" lon="12.1276552">
        <ele>136.2</ele>
        <time>2026-10-04T05:36:31Z</time>
        <hdop>6.3</hdop>
        <extensions>
          <osmand:speed>6.5</osmand:speed>
        </extensions>
      </trkpt>
      <trkpt lat="51.1842776" lon="12.12757">
        <ele>137</ele>
        <time>2026-10-04T05:36:36Z</time>
        <hdop>6.3</hdop>
        <extensions>
          <osmand:speed>6</osmand:speed>
        </extensions>
      </trkpt>
      <trkpt lat="51.1839715" lon="12.1274176">
        <ele>138.5</ele>
        <time>2026-10-04T05:36:42Z</time>
        <hdop>6.2</hdop>
        <extensions>
          <osmand:speed>5.8</osmand:speed>
        </extensions>
      </trkpt>
      <trkpt lat="51.1836917" lon="12.1272805">
        <ele>139.8</ele>
        <time>2026-10-04T05:36:48Z</time>
        <hdop>6.3</hdop>
        <extensions>
          <osmand:speed>5.4</osmand:speed>
        </extensions>
      </trkpt>
      <trkpt lat="51.1834188" lon="12.1271679">
        <ele>141.5</ele>
        <time>2026-10-04T05:36:54Z</time>
        <hdop>6.2</hdop>
        <extensions>
          <osmand:speed>5.1</osmand:speed>
        </extensions>
      </trkpt>
      <trkpt lat="51.1831557" lon="12.1270666">
        <ele>142.5</ele>
        <time>2026-10-04T05:37:00Z</time>
        <hdop>6.2</hdop>
        <extensions>
          <osmand:speed>4.9</osmand:speed>
        </extensions>
      </trkpt>
      <trkpt lat="51.1829132" lon="12.1269536">
        <ele>143.8</ele>
        <time>2026-10-04T05:37:06Z</time>
        <hdop>6.9</hdop>
        <extensions>
          <osmand:speed>4.1</osmand:speed>
        </extensions>
      </trkpt>
      <trkpt lat="51.1826953" lon="12.1268674">
        <ele>145.1</ele>
        <time>2026-10-04T05:37:11Z</time>
        <hdop>5.4</hdop>
        <extensions>
          <osmand:speed>4.1</osmand:speed>
        </extensions>
      </trkpt>
      <trkpt lat="51.1824806" lon="12.1268308">
        <ele>145.8</ele>
        <time>2026-10-04T05:37:16Z</time>
        <hdop>4.5</hdop>
        <extensions>
          <osmand:speed>4</osmand:speed>
        </extensions>
      </trkpt>
      <trkpt lat="51.182259" lon="12.1267339">
        <ele>147.4</ele>
        <time>2026-10-04T05:37:22Z</time>
        <hdop>4.6</hdop>
        <extensions>
          <osmand:speed>3.8</osmand:speed>
        </extensions>
      </trkpt>
      <trkpt lat="51.1820762" lon="12.1266499">
        <ele>148.4</ele>
        <time>2026-10-04T05:37:27Z</time>
        <hdop>4.6</hdop>
        <extensions>
          <osmand:speed>3.5</osmand:speed>
        </extensions>
      </trkpt>
      <trkpt lat="51.1818847" lon="12.126563">
        <ele>150</ele>
        <time>2026-10-04T05:37:33Z</time>
        <hdop>4.6</hdop>
        <extensions>
          <osmand:speed>3.4</osmand:speed>
        </extensions>
      </trkpt>
      <trkpt lat="51.1816786" lon="12.1264901">
        <ele>151.3</ele>
        <time>2026-10-04T05:37:39Z</time>
        <hdop>4.4</hdop>
        <extensions>
          <osmand:speed>3.4</osmand:speed>
        </extensions>
      </trkpt>
      <trkpt lat="51.1814818" lon="12.1264094">
        <ele>152.4</ele>
        <time>2026-10-04T05:37:45Z</time>
        <hdop>4.5</hdop>
        <extensions>
          <osmand:speed>3.4</osmand:speed>
        </extensions>
      </trkpt>
      <trkpt lat="51.1813114" lon="12.1263367">
        <ele>153.7</ele>
        <time>2026-10-04T05:37:50Z</time>
        <hdop>4.9</hdop>
        <extensions>
          <osmand:speed>3.3</osmand:speed>
        </extensions>
      </trkpt>
      <trkpt lat="51.1811172" lon="12.1262517">
        <ele>155.3</ele>
        <time>2026-10-04T05:37:56Z</time>
        <hdop>4.6</hdop>
        <extensions>
          <osmand:speed>3.5</osmand:speed>
        </extensions>
      </trkpt>
      <trkpt lat="51.180917" lon="12.1261633">
        <ele>156.8</ele>
        <time>2026-10-04T05:38:02Z</time>
        <hdop>4.5</hdop>
        <extensions>
          <osmand:speed>3.5</osmand:speed>
        </extensions>
      </trkpt>
      <trkpt lat="51.1807507" lon="12.1260888">
        <ele>158.2</ele>
        <time>2026-10-04T05:38:07Z</time>
        <hdop>4.7</hdop>
        <extensions>
          <osmand:speed>3.5</osmand:speed>
        </extensions>
      </trkpt>
      <trkpt lat="51.1805578" lon="12.1260092">
        <ele>159.2</ele>
        <time>2026-10-04T05:38:12Z</time>
        <hdop>4.8</hdop>
        <extensions>
          <osmand:speed>3.5</osmand:speed>
        </extensions>
      </trkpt>
      <trkpt lat="51.1803786" lon="12.125932">
        <ele>160.3</ele>
        <time>2026-10-04T05:38:18Z</time>
        <hdop>4.5</hdop>
        <extensions>
          <osmand:speed>3.5</osmand:speed>
        </extensions>
      </trkpt>
      <trkpt lat="51.1801729" lon="12.1258455">
        <ele>161</ele>
        <time>2026-10-04T05:38:24Z</time>
        <hdop>4.2</hdop>
        <extensions>
          <osmand:speed>3.5</osmand:speed>
        </extensions>
      </trkpt>
      <trkpt lat="51.1799771" lon="12.125758">
        <ele>161.9</ele>
        <time>2026-10-04T05:38:29Z</time>
        <hdop>4.4</hdop>
        <extensions>
          <osmand:speed>3.6</osmand:speed>
        </extensions>
      </trkpt>
      <trkpt lat="51.1797679" lon="12.1256607">
        <ele>163</ele>
        <time>2026-10-04T05:38:35Z</time>
        <hdop>4.6</hdop>
        <extensions>
          <osmand:speed>3.7</osmand:speed>
        </extensions>
      </trkpt>
      <trkpt lat="51.1795635" lon="12.125573">
        <ele>163.3</ele>
        <time>2026-10-04T05:38:40Z</time>
        <hdop>4.8</hdop>
        <extensions>
          <osmand:speed>4</osmand:speed>
        </extensions>
      </trkpt>
      <trkpt lat="51.1793562" lon="12.1254788">
        <ele>163.8</ele>
        <time>2026-10-04T05:38:45Z</time>
        <hdop>5</hdop>
        <extensions>
          <osmand:speed>4.1</osmand:speed>
        </extensions>
      </trkpt>
      <trkpt lat="51.1791168" lon="12.1253788">
        <ele>164.9</ele>
        <time>2026-10-04T05:38:51Z</time>
        <hdop>5</hdop>
        <extensions>
          <osmand:speed>3.9</osmand:speed>
        </extensions>
      </trkpt>
      <trkpt lat="51.1788598" lon="12.1252675">
        <ele>164.8</ele>
        <time>2026-10-04T05:38:56Z</time>
        <hdop>6.1</hdop>
        <extensions>
          <osmand:speed>5.2</osmand:speed>
        </extensions>
      </trkpt>
      <trkpt lat="51.1785761" lon="12.1251491">
        <ele>168.2</ele>
        <time>2026-10-04T05:39:02Z</time>
        <hdop>6.8</hdop>
        <extensions>
          <osmand:speed>5.4</osmand:speed>
        </extensions>
      </trkpt>
      <trkpt lat="51.1782668" lon="12.1250138">
        <ele>170.9</ele>
        <time>2026-10-04T05:39:08Z</time>
        <hdop>6.9</hdop>
        <extensions>
          <osmand:speed>6</osmand:speed>
        </extensions>
      </trkpt>
      <trkpt lat="51.1779381" lon="12.1248803">
        <ele>166.4</ele>
        <time>2026-10-04T05:39:14Z</time>
        <hdop>6.6</hdop>
        <extensions>
          <osmand:speed>6.6</osmand:speed>
        </extensions>
      </trkpt>
      <trkpt lat="51.1775813" lon="12.1247254">
        <ele>165.8</ele>
        <time>2026-10-04T05:39:20Z</time>
        <hdop>6.9</hdop>
        <extensions>
          <osmand:speed>7</osmand:speed>
        </extensions>
      </trkpt>
      <trkpt lat="51.1772576" lon="12.1245846">
        <ele>164.6</ele>
        <time>2026-10-04T05:39:25Z</time>
        <hdop>6.7</hdop>
        <extensions>
          <osmand:speed>7.4</osmand:speed>
        </extensions>
      </trkpt>
      <trkpt lat="51.1769305" lon="12.1244423">
        <ele>163.9</ele>
        <time>2026-10-04T05:39:30Z</time>
        <hdop>6.6</hdop>
        <extensions>
          <osmand:speed>7.5</osmand:speed>
        </extensions>
      </trkpt>
      <trkpt lat="51.176594" lon="12.1243014">
        <ele>163.2</ele>
        <time>2026-10-04T05:39:35Z</time>
        <hdop>6.6</hdop>
        <extensions>
          <osmand:speed>7.8</osmand:speed>
        </extensions>
      </trkpt>
      <trkpt lat="51.1762434" lon="12.1241516">
        <ele>162.3</ele>
        <time>2026-10-04T05:39:40Z</time>
        <hdop>6.4</hdop>
        <extensions>
          <osmand:speed>8.1</osmand:speed>
        </extensions>
      </trkpt>
      <trkpt lat="51.1758221" lon="12.1239675">
        <ele>161.8</ele>
        <time>2026-10-04T05:39:46Z</time>
        <hdop>6.4</hdop>
        <extensions>
          <osmand:speed>8.2</osmand:speed>
        </extensions>
      </trkpt>
      <trkpt lat="51.175457" lon="12.1238135">
        <ele>161</ele>
        <time>2026-10-04T05:39:51Z</time>
        <hdop>6.6</hdop>
        <extensions>
          <osmand:speed>8.5</osmand:speed>
        </extensions>
      </trkpt>
      <trkpt lat="51.17501" lon="12.1236276">
        <ele>160.3</ele>
        <time>2026-10-04T05:39:57Z</time>
        <hdop>6.6</hdop>
        <extensions>
          <osmand:speed>8.5</osmand:speed>
        </extensions>
      </trkpt>
      <trkpt lat="51.1745691" lon="12.1234277">
        <ele>159.6</ele>
        <time>2026-10-04T05:40:03Z</time>
        <hdop>6.7</hdop>
        <extensions>
          <osmand:speed>8.4</osmand:speed>
        </extensions>
      </trkpt>
      <trkpt lat="51.1742166" lon="12.1232702">
        <ele>158.9</ele>
        <time>2026-10-04T05:40:08Z</time>
        <hdop>6.7</hdop>
        <extensions>
          <osmand:speed>8.2</osmand:speed>
        </extensions>
      </trkpt>
      <trkpt lat="51.1738084" lon="12.1230982">
        <ele>158.3</ele>
        <time>2026-10-04T05:40:14Z</time>
        <hdop>6.7</hdop>
        <extensions>
          <osmand:speed>7.9</osmand:speed>
        </extensions>
      </trkpt>
      <trkpt lat="51.1734635" lon="12.1229448">
        <ele>158.2</ele>
        <time>2026-10-04T05:40:19Z</time>
        <hdop>6.7</hdop>
        <extensions>
          <osmand:speed>7.8</osmand:speed>
        </extensions>
      </trkpt>
      <trkpt lat="51.1731308" lon="12.1228128">
        <ele>158.2</ele>
        <time>2026-10-04T05:40:24Z</time>
        <hdop>6.7</hdop>
        <extensions>
          <osmand:speed>7.6</osmand:speed>
        </extensions>
      </trkpt>
      <trkpt lat="51.1727481" lon="12.122641">
        <ele>158.4</ele>
        <time>2026-10-04T05:40:30Z</time>
        <hdop>6.6</hdop>
        <extensions>
          <osmand:speed>7.4</osmand:speed>
        </extensions>
      </trkpt>
      <trkpt lat="51.1723826" lon="12.1224842">
        <ele>158.4</ele>
        <time>2026-10-04T05:40:36Z</time>
        <hdop>6.6</hdop>
        <extensions>
          <osmand:speed>7</osmand:speed>
        </extensions>
      </trkpt>
      <trkpt lat="51.1720801" lon="12.1223555">
        <ele>158.9</ele>
        <time>2026-10-04T05:40:41Z</time>
        <hdop>6.6</hdop>
        <extensions>
          <osmand:speed>6.8</osmand:speed>
        </extensions>
      </trkpt>
      <trkpt lat="51.1717408" lon="12.1221926">
        <ele>159.5</ele>
        <time>2026-10-04T05:40:47Z</time>
        <hdop>6.6</hdop>
        <extensions>
          <osmand:speed>6.5</osmand:speed>
        </extensions>
      </trkpt>
      <trkpt lat="51.1714172" lon="12.1220019">
        <ele>160.1</ele>
        <time>2026-10-04T05:40:53Z</time>
        <hdop>6.5</hdop>
        <extensions>
          <osmand:speed>6.4</osmand:speed>
        </extensions>
      </trkpt>
      <trkpt lat="51.1711479" lon="12.1218369">
        <ele>161</ele>
        <time>2026-10-04T05:40:58Z</time>
        <hdop>6.5</hdop>
        <extensions>
          <osmand:speed>6.3</osmand:speed>
        </extensions>
      </trkpt>
      <trkpt lat="51.1708379" lon="12.1216351">
        <ele>161.7</ele>
        <time>2026-10-04T05:41:04Z</time>
        <hdop>6.5</hdop>
        <extensions>
          <osmand:speed>6.1</osmand:speed>
        </extensions>
      </trkpt>
      <trkpt lat="51.1706016" lon="12.1214496">
        <ele>162.8</ele>
        <time>2026-10-04T05:41:09Z</time>
        <hdop>6.6</hdop>
        <extensions>
          <osmand:speed>6</osmand:speed>
        </extensions>
      </trkpt>
      <trkpt lat="51.1703023" lon="12.1212169">
        <ele>163</ele>
        <time>2026-10-04T05:41:15Z</time>
        <hdop>6.7</hdop>
        <extensions>
          <osmand:speed>6</osmand:speed>
        </extensions>
      </trkpt>
      <trkpt lat="51.1700226" lon="12.1209706">
        <ele>163.5</ele>
        <time>2026-10-04T05:41:21Z</time>
        <hdop>6.8</hdop>
        <extensions>
          <osmand:speed>5.8</osmand:speed>
        </extensions>
      </trkpt>
      <trkpt lat="51.1698003" lon="12.1207586">
        <ele>164.2</ele>
        <time>2026-10-04T05:41:26Z</time>
        <hdop>6.8</hdop>
        <extensions>
          <osmand:speed>5.7</osmand:speed>
        </extensions>
      </trkpt>
      <trkpt lat="51.1695401" lon="12.1204942">
        <ele>165.2</ele>
        <time>2026-10-04T05:41:32Z</time>
        <hdop>6.5</hdop>
        <extensions>
          <osmand:speed>5.7</osmand:speed>
        </extensions>
      </trkpt>
      <trkpt lat="51.1692802" lon="12.1202136">
        <ele>166</ele>
        <time>2026-10-04T05:41:38Z</time>
        <hdop>6.5</hdop>
        <extensions>
          <osmand:speed>5.8</osmand:speed>
        </extensions>
      </trkpt>
      <trkpt lat="51.1690245" lon="12.1199104">
        <ele>166.5</ele>
        <time>2026-10-04T05:41:44Z</time>
        <hdop>6.5</hdop>
        <extensions>
          <osmand:speed>5.9</osmand:speed>
        </extensions>
      </trkpt>
      <trkpt lat="51.1688186" lon="12.1196484">
        <ele>167.2</ele>
        <time>2026-10-04T05:41:49Z</time>
        <hdop>6.5</hdop>
        <extensions>
          <osmand:speed>5.8</osmand:speed>
        </extensions>
      </trkpt>
      <trkpt lat="51.1686198" lon="12.1193928">
        <ele>167.5</ele>
        <time>2026-10-04T05:41:54Z</time>
        <hdop>6.4</hdop>
        <extensions>
          <osmand:speed>5.7</osmand:speed>
        </extensions>
      </trkpt>
      <trkpt lat="51.1683855" lon="12.1190721">
        <ele>168.7</ele>
        <time>2026-10-04T05:42:00Z</time>
        <hdop>6.5</hdop>
        <extensions>
          <osmand:speed>5.7</osmand:speed>
        </extensions>
      </trkpt>
      <trkpt lat="51.1681639" lon="12.1187394">
        <ele>169.4</ele>
        <time>2026-10-04T05:42:06Z</time>
        <hdop>6.3</hdop>
        <extensions>
          <osmand:speed>5.6</osmand:speed>
        </extensions>
      </trkpt>
      <trkpt lat="51.1679869" lon="12.1184531">
        <ele>169.8</ele>
        <time>2026-10-04T05:42:11Z</time>
        <hdop>6.3</hdop>
        <extensions>
          <osmand:speed>5.6</osmand:speed>
        </extensions>
      </trkpt>
      <trkpt lat="51.1677769" lon="12.1181112">
        <ele>170.6</ele>
        <time>2026-10-04T05:42:17Z</time>
        <hdop>6.2</hdop>
        <extensions>
          <osmand:speed>5.5</osmand:speed>
        </extensions>
      </trkpt>
      <trkpt lat="51.167609" lon="12.1178084">
        <ele>171.3</ele>
        <time>2026-10-04T05:42:22Z</time>
        <hdop>6.3</hdop>
        <extensions>
          <osmand:speed>5.5</osmand:speed>
        </extensions>
      </trkpt>
      <trkpt lat="51.1674069" lon="12.1174371">
        <ele>171.9</ele>
        <time>2026-10-04T05:42:28Z</time>
        <hdop>6.3</hdop>
        <extensions>
          <osmand:speed>5.6</osmand:speed>
        </extensions>
      </trkpt>
      <trkpt lat="51.167214" lon="12.1170648">
        <ele>172.7</ele>
        <time>2026-10-04T05:42:34Z</time>
        <hdop>6.3</hdop>
        <extensions>
          <osmand:speed>5.6</osmand:speed>
        </extensions>
      </trkpt>
      <trkpt lat="51.1670292" lon="12.116701">
        <ele>173.2</ele>
        <time>2026-10-04T05:42:40Z</time>
        <hdop>6.2</hdop>
        <extensions>
          <osmand:speed>5.5</osmand:speed>
        </extensions>
      </trkpt>
      <trkpt lat="51.1668702" lon="12.1163916">
        <ele>174.1</ele>
        <time>2026-10-04T05:42:45Z</time>
        <hdop>6.2</hdop>
        <extensions>
          <osmand:speed>5.5</osmand:speed>
        </extensions>
      </trkpt>
      <trkpt lat="51.1666791" lon="12.1160255">
        <ele>174.9</ele>
        <time>2026-10-04T05:42:51Z</time>
        <hdop>6.3</hdop>
        <extensions>
          <osmand:speed>5.5</osmand:speed>
        </extensions>
      </trkpt>
      <trkpt lat="51.1665167" lon="12.1157316">
        <ele>175.2</ele>
        <time>2026-10-04T05:42:56Z</time>
        <hdop>6.3</hdop>
        <extensions>
          <osmand:speed>5.5</osmand:speed>
        </extensions>
      </trkpt>
      <trkpt lat="51.1663175" lon="12.1153758">
        <ele>175.8</ele>
        <time>2026-10-04T05:43:02Z</time>
        <hdop>6.2</hdop>
        <extensions>
          <osmand:speed>5.5</osmand:speed>
        </extensions>
      </trkpt>
      <trkpt lat="51.1661361" lon="12.1150984">
        <ele>176.3</ele>
        <time>2026-10-04T05:43:07Z</time>
        <hdop>6.1</hdop>
        <extensions>
          <osmand:speed>5.6</osmand:speed>
        </extensions>
      </trkpt>
      <trkpt lat="51.1659252" lon="12.1147775">
        <ele>177.1</ele>
        <time>2026-10-04T05:43:13Z</time>
        <hdop>6</hdop>
        <extensions>
          <osmand:speed>5.4</osmand:speed>
        </extensions>
      </trkpt>
      <trkpt lat="51.1657384" lon="12.1145186">
        <ele>177.6</ele>
        <time>2026-10-04T05:43:18Z</time>
        <hdop>6</hdop>
        <extensions>
          <osmand:speed>5.5</osmand:speed>
        </extensions>
      </trkpt>
      <trkpt lat="51.1655076" lon="12.1142317">
        <ele>178.2</ele>
        <time>2026-10-04T05:43:24Z</time>
        <hdop>6</hdop>
        <extensions>
          <osmand:speed>5.5</osmand:speed>
        </extensions>
      </trkpt>
      <trkpt lat="51.1652953" lon="12.1140057">
        <ele>178.9</ele>
        <time>2026-10-04T05:43:29Z</time>
        <hdop>6.2</hdop>
        <extensions>
          <osmand:speed>5.6</osmand:speed>
        </extensions>
      </trkpt>
      <trkpt lat="51.165042" lon="12.1137665">
        <ele>179.5</ele>
        <time>2026-10-04T05:43:35Z</time>
        <hdop>6.3</hdop>
        <extensions>
          <osmand:speed>5.3</osmand:speed>
        </extensions>
      </trkpt>
      <trkpt lat="51.164809" lon="12.1135866">
        <ele>180.3</ele>
        <time>2026-10-04T05:43:40Z</time>
        <hdop>6.3</hdop>
        <extensions>
          <osmand:speed>5.8</osmand:speed>
        </extensions>
      </trkpt>
      <trkpt lat="51.1645244" lon="12.1133936">
        <ele>180.6</ele>
        <time>2026-10-04T05:43:46Z</time>
        <hdop>6.2</hdop>
        <extensions>
          <osmand:speed>5.7</osmand:speed>
        </extensions>
      </trkpt>
      <trkpt lat="51.1642729" lon="12.1132421">
        <ele>180.7</ele>
        <time>2026-10-04T05:43:51Z</time>
        <hdop>6.1</hdop>
        <extensions>
          <osmand:speed>5.9</osmand:speed>
        </extensions>
      </trkpt>
      <trkpt lat="51.1639461" lon="12.1130895">
        <ele>181.1</ele>
        <time>2026-10-04T05:43:57Z</time>
        <hdop>6.4</hdop>
        <extensions>
          <osmand:speed>6.3</osmand:speed>
        </extensions>
      </trkpt>
      <trkpt lat="51.1636625" lon="12.113004">
        <ele>181.3</ele>
        <time>2026-10-04T05:44:02Z</time>
        <hdop>6.3</hdop>
        <extensions>
          <osmand:speed>6.5</osmand:speed>
        </extensions>
      </trkpt>
      <trkpt lat="51.1633531" lon="12.1129365">
        <ele>180.6</ele>
        <time>2026-10-04T05:44:07Z</time>
        <hdop>6.1</hdop>
        <extensions>
          <osmand:speed>7</osmand:speed>
        </extensions>
      </trkpt>
      <trkpt lat="51.1629574" lon="12.112891">
        <ele>180.2</ele>
        <time>2026-10-04T05:44:13Z</time>
        <hdop>6</hdop>
        <extensions>
          <osmand:speed>7.5</osmand:speed>
        </extensions>
      </trkpt>
      <trkpt lat="51.1624752" lon="12.1129166">
        <ele>178.5</ele>
        <time>2026-10-04T05:44:20Z</time>
        <hdop>4.1</hdop>
        <extensions>
          <osmand:speed>8</osmand:speed>
        </extensions>
      </trkpt>
      <trkpt lat="51.1621073" lon="12.1129339">
        <ele>178.3</ele>
        <time>2026-10-04T05:44:25Z</time>
        <hdop>5.9</hdop>
        <extensions>
          <osmand:speed>8.2</osmand:speed>
        </extensions>
      </trkpt>
      <trkpt lat="51.1616335" lon="12.1129441">
        <ele>175.9</ele>
        <time>2026-10-04T05:44:31Z</time>
        <hdop>6</hdop>
        <extensions>
          <osmand:speed>8.7</osmand:speed>
        </extensions>
      </trkpt>
      <trkpt lat="51.1612353" lon="12.112847">
        <ele>173.6</ele>
        <time>2026-10-04T05:44:36Z</time>
        <hdop>6.2</hdop>
        <extensions>
          <osmand:speed>9</osmand:speed>
        </extensions>
      </trkpt>
      <trkpt lat="51.1608427" lon="12.1126622">
        <ele>171.7</ele>
        <time>2026-10-04T05:44:41Z</time>
        <hdop>6.4</hdop>
        <extensions>
          <osmand:speed>9.1</osmand:speed>
        </extensions>
      </trkpt>
      <trkpt lat="51.1604281" lon="12.1123532">
        <ele>168.5</ele>
        <time>2026-10-04T05:44:47Z</time>
        <hdop>6.4</hdop>
        <extensions>
          <osmand:speed>7.7</osmand:speed>
        </extensions>
      </trkpt>
      <trkpt lat="51.1602418" lon="12.1121146">
        <ele>166.4</ele>
        <time>2026-10-04T05:44:52Z</time>
        <hdop>6.2</hdop>
        <extensions>
          <osmand:speed>4.8</osmand:speed>
        </extensions>
      </trkpt>
      <trkpt lat="51.1602935" lon="12.1117787">
        <ele>165.2</ele>
        <time>2026-10-04T05:44:58Z</time>
        <hdop>6.5</hdop>
        <extensions>
          <osmand:speed>4.7</osmand:speed>
        </extensions>
      </trkpt>
      <trkpt lat="51.1604635" lon="12.1114109">
        <ele>165.3</ele>
        <time>2026-10-04T05:45:03Z</time>
        <hdop>6.3</hdop>
        <extensions>
          <osmand:speed>6.2</osmand:speed>
        </extensions>
      </trkpt>
      <trkpt lat="51.1606491" lon="12.1108815">
        <ele>165.1</ele>
        <time>2026-10-04T05:45:09Z</time>
        <hdop>6.7</hdop>
        <extensions>
          <osmand:speed>7</osmand:speed>
        </extensions>
      </trkpt>
      <trkpt lat="51.1608986" lon="12.11034">
        <ele>164.4</ele>
        <time>2026-10-04T05:45:15Z</time>
        <hdop>6.9</hdop>
        <extensions>
          <osmand:speed>7.6</osmand:speed>
        </extensions>
      </trkpt>
      <trkpt lat="51.1610862" lon="12.1098927">
        <ele>163.7</ele>
        <time>2026-10-04T05:45:20Z</time>
        <hdop>7</hdop>
        <extensions>
          <osmand:speed>7.4</osmand:speed>
        </extensions>
      </trkpt>
      <trkpt lat="51.1613751" lon="12.1094501">
        <ele>163.1</ele>
        <time>2026-10-04T05:45:26Z</time>
        <hdop>6.8</hdop>
        <extensions>
          <osmand:speed>7.5</osmand:speed>
        </extensions>
      </trkpt>
      <trkpt lat="51.1616696" lon="12.109154">
        <ele>163</ele>
        <time>2026-10-04T05:45:31Z</time>
        <hdop>7.1</hdop>
        <extensions>
          <osmand:speed>7.4</osmand:speed>
        </extensions>
      </trkpt>
      <trkpt lat="51.1620092" lon="12.1088323">
        <ele>162.1</ele>
        <time>2026-10-04T05:45:37Z</time>
        <hdop>6.8</hdop>
        <extensions>
          <osmand:speed>7.3</osmand:speed>
        </extensions>
      </trkpt>
      <trkpt lat="51.1619582" lon="12.1083775">
        <ele>161.8</ele>
        <time>2026-10-04T05:45:43Z</time>
        <hdop>7.3</hdop>
        <extensions>
          <osmand:speed>5.1</osmand:speed>
        </extensions>
      </trkpt>
      <trkpt lat="51.1616901" lon="12.1084678">
        <ele>162.4</ele>
        <time>2026-10-04T05:45:48Z</time>
        <hdop>7.1</hdop>
        <extensions>
          <osmand:speed>4.7</osmand:speed>
        </extensions>
      </trkpt>
      <trkpt lat="51.1614651" lon="12.1085305">
        <ele>163.3</ele>
        <time>2026-10-04T05:45:54Z</time>
        <hdop>6.8</hdop>
        <extensions>
          <osmand:speed>4.2</osmand:speed>
        </extensions>
      </trkpt>
      <trkpt lat="51.161278" lon="12.1085873">
        <ele>164.6</ele>
        <time>2026-10-04T05:45:59Z</time>
        <hdop>6.9</hdop>
        <extensions>
          <osmand:speed>3.9</osmand:speed>
        </extensions>
      </trkpt>
      <trkpt lat="51.1610671" lon="12.1086139">
        <ele>165.4</ele>
        <time>2026-10-04T05:46:04Z</time>
        <hdop>4.9</hdop>
        <extensions>
          <osmand:speed>3.8</osmand:speed>
        </extensions>
      </trkpt>
      <trkpt lat="51.160838" lon="12.1086835">
        <ele>166.4</ele>
        <time>2026-10-04T05:46:10Z</time>
        <hdop>5</hdop>
        <extensions>
          <osmand:speed>3.8</osmand:speed>
        </extensions>
      </trkpt>
      <trkpt lat="51.1606157" lon="12.1087076">
        <ele>167.7</ele>
        <time>2026-10-04T05:46:15Z</time>
        <hdop>5.3</hdop>
        <extensions>
          <osmand:speed>3.9</osmand:speed>
        </extensions>
      </trkpt>
      <trkpt lat="51.1603606" lon="12.108779">
        <ele>168.6</ele>
        <time>2026-10-04T05:46:21Z</time>
        <hdop>5</hdop>
        <extensions>
          <osmand:speed>3.9</osmand:speed>
        </extensions>
      </trkpt>
      <trkpt lat="51.1601143" lon="12.1088426">
        <ele>169.3</ele>
        <time>2026-10-04T05:46:26Z</time>
        <hdop>5.9</hdop>
        <extensions>
          <osmand:speed>5.1</osmand:speed>
        </extensions>
      </trkpt>
      <trkpt lat="51.1598777" lon="12.1089013">
        <ele>169.4</ele>
        <time>2026-10-04T05:46:31Z</time>
        <hdop>6.1</hdop>
        <extensions>
          <osmand:speed>5.2</osmand:speed>
        </extensions>
      </trkpt>
      <trkpt lat="51.1596548" lon="12.1089678">
        <ele>170.2</ele>
        <time>2026-10-04T05:46:36Z</time>
        <hdop>6.2</hdop>
        <extensions>
          <osmand:speed>5</osmand:speed>
        </extensions>
      </trkpt>
      <trkpt lat="51.1593944" lon="12.1090325">
        <ele>171.2</ele>
        <time>2026-10-04T05:46:42Z</time>
        <hdop>6.3</hdop>
        <extensions>
          <osmand:speed>4.9</osmand:speed>
        </extensions>
      </trkpt>
      <trkpt lat="51.1591584" lon="12.1090811">
        <ele>171.9</ele>
        <time>2026-10-04T05:46:47Z</time>
        <hdop>8</hdop>
        <extensions>
          <osmand:speed>4</osmand:speed>
        </extensions>
      </trkpt>
      <trkpt lat="51.1589522" lon="12.1091324">
        <ele>173</ele>
        <time>2026-10-04T05:46:52Z</time>
        <hdop>4.7</hdop>
        <extensions>
          <osmand:speed>3.9</osmand:speed>
        </extensions>
      </trkpt>
      <trkpt lat="51.1587269" lon="12.1091978">
        <ele>174.3</ele>
        <time>2026-10-04T05:46:58Z</time>
        <hdop>4.6</hdop>
        <extensions>
          <osmand:speed>3.9</osmand:speed>
        </extensions>
      </trkpt>
      <trkpt lat="51.158523" lon="12.1092441">
        <ele>175.2</ele>
        <time>2026-10-04T05:47:03Z</time>
        <hdop>4.7</hdop>
        <extensions>
          <osmand:speed>3.9</osmand:speed>
        </extensions>
      </trkpt>
      <trkpt lat="51.158311" lon="12.1092831">
        <ele>176</ele>
        <time>2026-10-04T05:47:08Z</time>
        <hdop>4.8</hdop>
        <extensions>
          <osmand:speed>3.9</osmand:speed>
        </extensions>
      </trkpt>
      <trkpt lat="51.1580857" lon="12.1093408">
        <ele>176.4</ele>
        <time>2026-10-04T05:47:13Z</time>
        <hdop>4.7</hdop>
        <extensions>
          <osmand:speed>3.8</osmand:speed>
        </extensions>
      </trkpt>
      <trkpt lat="51.1578587" lon="12.1093835">
        <ele>177</ele>
        <time>2026-10-04T05:47:19Z</time>
        <hdop>4.7</hdop>
        <extensions>
          <osmand:speed>3.9</osmand:speed>
        </extensions>
      </trkpt>
      <trkpt lat="51.1576338" lon="12.1094528">
        <ele>177.6</ele>
        <time>2026-10-04T05:47:24Z</time>
        <hdop>4.9</hdop>
        <extensions>
          <osmand:speed>4</osmand:speed>
        </extensions>
      </trkpt>
      <trkpt lat="51.1574201" lon="12.1095025">
        <ele>180</ele>
        <time>2026-10-04T05:47:29Z</time>
        <hdop>5.1</hdop>
        <extensions>
          <osmand:speed>4</osmand:speed>
        </extensions>
      </trkpt>
      <trkpt lat="51.1571856" lon="12.1095563">
        <ele>179.7</ele>
        <time>2026-10-04T05:47:34Z</time>
        <hdop>5.2</hdop>
        <extensions>
          <osmand:speed>3.8</osmand:speed>
        </extensions>
      </trkpt>
      <trkpt lat="51.1569553" lon="12.1095963">
        <ele>179.5</ele>
        <time>2026-10-04T05:47:40Z</time>
        <hdop>5.3</hdop>
        <extensions>
          <osmand:speed>3.9</osmand:speed>
        </extensions>
      </trkpt>
      <trkpt lat="51.1567998" lon="12.1094595">
        <ele>179.5</ele>
        <time>2026-10-04T05:47:46Z</time>
        <hdop>4.6</hdop>
        <extensions>
          <osmand:speed>3.6</osmand:speed>
        </extensions>
      </trkpt>
      <trkpt lat="51.1568304" lon="12.1090761">
        <ele>180.4</ele>
        <time>2026-10-04T05:47:51Z</time>
        <hdop>6.3</hdop>
        <extensions>
          <osmand:speed>1.6</osmand:speed>
        </extensions>
      </trkpt>
      <trkpt lat="51.1568212" lon="12.1086279">
        <ele>180.3</ele>
        <time>2026-10-04T05:47:56Z</time>
        <hdop>7.9</hdop>
        <extensions>
          <osmand:speed>5</osmand:speed>
        </extensions>
      </trkpt>
      <trkpt lat="51.156826" lon="12.1081273">
        <ele>180.5</ele>
        <time>2026-10-04T05:48:02Z</time>
        <hdop>7.6</hdop>
        <extensions>
          <osmand:speed>5.5</osmand:speed>
        </extensions>
      </trkpt>
      <trkpt lat="51.1568258" lon="12.1076364">
        <ele>181.1</ele>
        <time>2026-10-04T05:48:08Z</time>
        <hdop>6.9</hdop>
        <extensions>
          <osmand:speed>6</osmand:speed>
        </extensions>
      </trkpt>
      <trkpt lat="51.1568213" lon="12.1071323">
        <ele>180.5</ele>
        <time>2026-10-04T05:48:14Z</time>
        <hdop>7.2</hdop>
        <extensions>
          <osmand:speed>5.8</osmand:speed>
        </extensions>
      </trkpt>
      <trkpt lat="51.1568202" lon="12.1067194">
        <ele>180.9</ele>
        <time>2026-10-04T05:48:19Z</time>
        <hdop>7.8</hdop>
        <extensions>
          <osmand:speed>5.8</osmand:speed>
        </extensions>
      </trkpt>
      <trkpt lat="51.1568305" lon="12.1061863">
        <ele>181.1</ele>
        <time>2026-10-04T05:48:25Z</time>
        <hdop>7.3</hdop>
        <extensions>
          <osmand:speed>6.2</osmand:speed>
        </extensions>
      </trkpt>
      <trkpt lat="51.1568169" lon="12.1056617">
        <ele>181.1</ele>
        <time>2026-10-04T05:48:31Z</time>
        <hdop>6.7</hdop>
        <extensions>
          <osmand:speed>6.1</osmand:speed>
        </extensions>
      </trkpt>
      <trkpt lat="51.1568127" lon="12.1051591">
        <ele>181.8</ele>
        <time>2026-10-04T05:48:37Z</time>
        <hdop>7</hdop>
        <extensions>
          <osmand:speed>6</osmand:speed>
        </extensions>
      </trkpt>
      <trkpt lat="51.1568132" lon="12.1047055">
        <ele>181.6</ele>
        <time>2026-10-04T05:48:42Z</time>
        <hdop>7.2</hdop>
        <extensions>
          <osmand:speed>6.2</osmand:speed>
        </extensions>
      </trkpt>
      <trkpt lat="51.1568151" lon="12.104279">
        <ele>181.9</ele>
        <time>2026-10-04T05:48:47Z</time>
        <hdop>7.3</hdop>
        <extensions>
          <osmand:speed>5.9</osmand:speed>
        </extensions>
      </trkpt>
      <trkpt lat="51.1568046" lon="12.1037229">
        <ele>182.4</ele>
        <time>2026-10-04T05:48:53Z</time>
        <hdop>7.2</hdop>
        <extensions>
          <osmand:speed>6.1</osmand:speed>
        </extensions>
      </trkpt>
      <trkpt lat="51.1568105" lon="12.1032186">
        <ele>182.4</ele>
        <time>2026-10-04T05:48:59Z</time>
        <hdop>7</hdop>
        <extensions>
          <osmand:speed>6</osmand:speed>
        </extensions>
      </trkpt>
      <trkpt lat="51.1568155" lon="12.102661">
        <ele>183.2</ele>
        <time>2026-10-04T05:49:05Z</time>
        <hdop>7.4</hdop>
        <extensions>
          <osmand:speed>6.2</osmand:speed>
        </extensions>
      </trkpt>
      <trkpt lat="51.1568067" lon="12.1021511">
        <ele>183</ele>
        <time>2026-10-04T05:49:11Z</time>
        <hdop>7</hdop>
        <extensions>
          <osmand:speed>6.1</osmand:speed>
        </extensions>
      </trkpt>
      <trkpt lat="51.1567915" lon="12.1017174">
        <ele>183.1</ele>
        <time>2026-10-04T05:49:16Z</time>
        <hdop>8.1</hdop>
        <extensions>
          <osmand:speed>5.9</osmand:speed>
        </extensions>
      </trkpt>
      <trkpt lat="51.1567575" lon="12.1011803">
        <ele>183.9</ele>
        <time>2026-10-04T05:49:22Z</time>
        <hdop>8.3</hdop>
        <extensions>
          <osmand:speed>6.1</osmand:speed>
        </extensions>
      </trkpt>
      <trkpt lat="51.1566607" lon="12.1008047">
        <ele>184.3</ele>
        <time>2026-10-04T05:49:27Z</time>
        <hdop>7.7</hdop>
        <extensions>
          <osmand:speed>5.9</osmand:speed>
        </extensions>
      </trkpt>
      <trkpt lat="51.1565435" lon="12.1003756">
        <ele>184.6</ele>
        <time>2026-10-04T05:49:33Z</time>
        <hdop>7.9</hdop>
        <extensions>
          <osmand:speed>5.3</osmand:speed>
        </extensions>
      </trkpt>
      <trkpt lat="51.1564603" lon="12.0999506">
        <ele>184.4</ele>
        <time>2026-10-04T05:49:39Z</time>
        <hdop>7.7</hdop>
        <extensions>
          <osmand:speed>5</osmand:speed>
        </extensions>
      </trkpt>
      <trkpt lat="51.1564239" lon="12.0997523">
        <ele>184.5</ele>
        <time>2026-10-04T05:49:45Z</time>
        <hdop>8.7</hdop>
        <extensions>
          <osmand:speed>1.9</osmand:speed>
        </extensions>
      </trkpt>
      <trkpt lat="51.1561438" lon="12.1000683">
        <ele>184.9</ele>
        <time>2026-10-04T05:49:51Z</time>
        <hdop>6.7</hdop>
        <extensions>
          <osmand:speed>4.8</osmand:speed>
        </extensions>
      </trkpt>
      <trkpt lat="51.1559522" lon="12.1003978">
        <ele>184.7</ele>
        <time>2026-10-04T05:49:56Z</time>
        <hdop>7.7</hdop>
        <extensions>
          <osmand:speed>6</osmand:speed>
        </extensions>
      </trkpt>
      <trkpt lat="51.1557272" lon="12.1007848">
        <ele>184.6</ele>
        <time>2026-10-04T05:50:02Z</time>
        <hdop>8</hdop>
        <extensions>
          <osmand:speed>6</osmand:speed>
        </extensions>
      </trkpt>
      <trkpt lat="51.1555074" lon="12.1005305">
        <ele>184.5</ele>
        <time>2026-10-04T05:50:07Z</time>
        <hdop>9.7</hdop>
        <extensions>
          <osmand:speed>4.7</osmand:speed>
        </extensions>
      </trkpt>
      <trkpt lat="51.1555216" lon="12.0999377">
        <ele>185.2</ele>
        <time>2026-10-04T05:50:13Z</time>
        <hdop>10.8</hdop>
        <extensions>
          <osmand:speed>6</osmand:speed>
        </extensions>
      </trkpt>
      <trkpt lat="51.1555542" lon="12.0994325">
        <ele>185.7</ele>
        <time>2026-10-04T05:50:18Z</time>
        <hdop>8.5</hdop>
        <extensions>
          <osmand:speed>6.5</osmand:speed>
        </extensions>
      </trkpt>
      <trkpt lat="51.1555898" lon="12.098931">
        <ele>185.7</ele>
        <time>2026-10-04T05:50:23Z</time>
        <hdop>8.1</hdop>
        <extensions>
          <osmand:speed>7</osmand:speed>
        </extensions>
      </trkpt>
      <trkpt lat="51.1556236" lon="12.0982727">
        <ele>185.7</ele>
        <time>2026-10-04T05:50:29Z</time>
        <hdop>7.9</hdop>
        <extensions>
          <osmand:speed>7.6</osmand:speed>
        </extensions>
      </trkpt>
      <trkpt lat="51.1556401" lon="12.0976095">
        <ele>185.9</ele>
        <time>2026-10-04T05:50:35Z</time>
        <hdop>9</hdop>
        <extensions>
          <osmand:speed>7.8</osmand:speed>
        </extensions>
      </trkpt>
      <trkpt lat="51.1556656" lon="12.0970529">
        <ele>185.6</ele>
        <time>2026-10-04T05:50:40Z</time>
        <hdop>9</hdop>
        <extensions>
          <osmand:speed>7.8</osmand:speed>
        </extensions>
      </trkpt>
      <trkpt lat="51.1556152" lon="12.0963696">
        <ele>184.6</ele>
        <time>2026-10-04T05:50:46Z</time>
        <hdop>9.3</hdop>
        <extensions>
          <osmand:speed>7.9</osmand:speed>
        </extensions>
      </trkpt>
      <trkpt lat="51.1555409" lon="12.0958389">
        <ele>183.3</ele>
        <time>2026-10-04T05:50:51Z</time>
        <hdop>9</hdop>
        <extensions>
          <osmand:speed>7.4</osmand:speed>
        </extensions>
      </trkpt>
      <trkpt lat="51.1556708" lon="12.0955112">
        <ele>180.5</ele>
        <time>2026-10-04T05:50:57Z</time>
        <hdop>8.5</hdop>
        <extensions>
          <osmand:speed>3.5</osmand:speed>
        </extensions>
      </trkpt>
      <trkpt lat="51.1556218" lon="12.0953673">
        <ele>178.8</ele>
        <time>2026-10-04T05:51:02Z</time>
        <hdop>10.9</hdop>
        <extensions>
          <osmand:speed>0.6</osmand:speed>
        </extensions>
      </trkpt>
      <trkpt lat="51.1553358" lon="12.0952177">
        <ele>177.9</ele>
        <time>2026-10-04T05:51:07Z</time>
        <hdop>9.8</hdop>
        <extensions>
          <osmand:speed>5.1</osmand:speed>
        </extensions>
      </trkpt>
      <trkpt lat="51.1549396" lon="12.0950838">
        <ele>178.2</ele>
        <time>2026-10-04T05:51:13Z</time>
        <hdop>10.6</hdop>
        <extensions>
          <osmand:speed>6.5</osmand:speed>
        </extensions>
      </trkpt>
      <trkpt lat="51.1545752" lon="12.0949204">
        <ele>178.2</ele>
        <time>2026-10-04T05:51:19Z</time>
        <hdop>9.3</hdop>
        <extensions>
          <osmand:speed>6.9</osmand:speed>
        </extensions>
      </trkpt>
      <trkpt lat="51.1542613" lon="12.0949777">
        <ele>177.9</ele>
        <time>2026-10-04T05:51:24Z</time>
        <hdop>8</hdop>
        <extensions>
          <osmand:speed>7.4</osmand:speed>
        </extensions>
      </trkpt>
      <trkpt lat="51.1538044" lon="12.0952013">
        <ele>175.4</ele>
        <time>2026-10-04T05:51:30Z</time>
        <hdop>7.9</hdop>
        <extensions>
          <osmand:speed>8.9</osmand:speed>
        </extensions>
      </trkpt>
      <trkpt lat="51.1533039" lon="12.0951979">
        <ele>172.9</ele>
        <time>2026-10-04T05:51:36Z</time>
        <hdop>8.1</hdop>
        <extensions>
          <osmand:speed>9</osmand:speed>
        </extensions>
      </trkpt>
      <trkpt lat="51.1530093" lon="12.0955175">
        <ele>171.4</ele>
        <time>2026-10-04T05:51:41Z</time>
        <hdop>9.4</hdop>
        <extensions>
          <osmand:speed>7.6</osmand:speed>
        </extensions>
      </trkpt>
      <trkpt lat="51.1530602" lon="12.0964563">
        <ele>169.6</ele>
        <time>2026-10-04T05:51:47Z</time>
        <hdop>9.2</hdop>
        <extensions>
          <osmand:speed>9.6</osmand:speed>
        </extensions>
      </trkpt>
      <trkpt lat="51.1528172" lon="12.0971896">
        <ele>165.8</ele>
        <time>2026-10-04T05:51:53Z</time>
        <hdop>7.9</hdop>
        <extensions>
          <osmand:speed>9.7</osmand:speed>
        </extensions>
      </trkpt>
      <trkpt lat="51.1522469" lon="12.0969952">
        <ele>162.4</ele>
        <time>2026-10-04T05:51:59Z</time>
        <hdop>8.2</hdop>
        <extensions>
          <osmand:speed>10.2</osmand:speed>
        </extensions>
      </trkpt>
      <trkpt lat="51.1517046" lon="12.0966356">
        <ele>159.4</ele>
        <time>2026-10-04T05:52:05Z</time>
        <hdop>8.4</hdop>
        <extensions>
          <osmand:speed>10.6</osmand:speed>
        </extensions>
      </trkpt>
      <trkpt lat="51.1514104" lon="12.0958058">
        <ele>156</ele>
        <time>2026-10-04T05:52:11Z</time>
        <hdop>8.2</hdop>
        <extensions>
          <osmand:speed>10.7</osmand:speed>
        </extensions>
      </trkpt>
      <trkpt lat="51.1508554" lon="12.0955054">
        <ele>152.7</ele>
        <time>2026-10-04T05:52:17Z</time>
        <hdop>8.3</hdop>
        <extensions>
          <osmand:speed>10.4</osmand:speed>
        </extensions>
      </trkpt>
      <trkpt lat="51.1505083" lon="12.0951656">
        <ele>149.1</ele>
        <time>2026-10-04T05:52:23Z</time>
        <hdop>7.4</hdop>
        <extensions>
          <osmand:speed>7.1</osmand:speed>
        </extensions>
      </trkpt>
      <trkpt lat="51.1500756" lon="12.0952248">
        <ele>146.1</ele>
        <time>2026-10-04T05:52:29Z</time>
        <hdop>7.1</hdop>
        <extensions>
          <osmand:speed>8.5</osmand:speed>
        </extensions>
      </trkpt>
      <trkpt lat="51.1496274" lon="12.0951825">
        <ele>144.2</ele>
        <time>2026-10-04T05:52:34Z</time>
        <hdop>6.7</hdop>
        <extensions>
          <osmand:speed>9.4</osmand:speed>
        </extensions>
      </trkpt>
      <trkpt lat="51.149145" lon="12.0951401">
        <ele>142.8</ele>
        <time>2026-10-04T05:52:40Z</time>
        <hdop>6.6</hdop>
        <extensions>
          <osmand:speed>8.6</osmand:speed>
        </extensions>
      </trkpt>
      <trkpt lat="51.1487334" lon="12.0951052">
        <ele>143.1</ele>
        <time>2026-10-04T05:52:46Z</time>
        <hdop>7</hdop>
        <extensions>
          <osmand:speed>7.3</osmand:speed>
        </extensions>
      </trkpt>
      <trkpt lat="51.1483528" lon="12.0950662">
        <ele>144.1</ele>
        <time>2026-10-04T05:52:52Z</time>
        <hdop>7.2</hdop>
        <extensions>
          <osmand:speed>6.6</osmand:speed>
        </extensions>
      </trkpt>
      <trkpt lat="51.148002" lon="12.0950462">
        <ele>145.6</ele>
        <time>2026-10-04T05:52:58Z</time>
        <hdop>7.5</hdop>
        <extensions>
          <osmand:speed>6.4</osmand:speed>
        </extensions>
      </trkpt>
      <trkpt lat="51.1476277" lon="12.0951683">
        <ele>146</ele>
        <time>2026-10-04T05:53:04Z</time>
        <hdop>6.8</hdop>
        <extensions>
          <osmand:speed>7</osmand:speed>
        </extensions>
      </trkpt>
      <trkpt lat="51.147322" lon="12.095265">
        <ele>145.6</ele>
        <time>2026-10-04T05:53:09Z</time>
        <hdop>6.5</hdop>
        <extensions>
          <osmand:speed>7</osmand:speed>
        </extensions>
      </trkpt>
      <trkpt lat="51.1469492" lon="12.0953871">
        <ele>145.9</ele>
        <time>2026-10-04T05:53:15Z</time>
        <hdop>6.4</hdop>
        <extensions>
          <osmand:speed>7</osmand:speed>
        </extensions>
      </trkpt>
      <trkpt lat="51.1466301" lon="12.0954545">
        <ele>145.8</ele>
        <time>2026-10-04T05:53:20Z</time>
        <hdop>6.5</hdop>
        <extensions>
          <osmand:speed>7.1</osmand:speed>
        </extensions>
      </trkpt>
      <trkpt lat="51.1462541" lon="12.0954563">
        <ele>145.7</ele>
        <time>2026-10-04T05:53:26Z</time>
        <hdop>6.5</hdop>
        <extensions>
          <osmand:speed>7</osmand:speed>
        </extensions>
      </trkpt>
      <trkpt lat="51.1459353" lon="12.0954682">
        <ele>146.1</ele>
        <time>2026-10-04T05:53:31Z</time>
        <hdop>6.9</hdop>
        <extensions>
          <osmand:speed>7</osmand:speed>
        </extensions>
      </trkpt>
      <trkpt lat="51.1456187" lon="12.0954466">
        <ele>150.4</ele>
        <time>2026-10-04T05:53:36Z</time>
        <hdop>7.2</hdop>
        <extensions>
          <osmand:speed>7</osmand:speed>
        </extensions>
      </trkpt>
      <trkpt lat="51.1452466" lon="12.0953715">
        <ele>147.4</ele>
        <time>2026-10-04T05:53:42Z</time>
        <hdop>7.3</hdop>
        <extensions>
          <osmand:speed>6.8</osmand:speed>
        </extensions>
      </trkpt>
      <trkpt lat="51.1449384" lon="12.0952499">
        <ele>146.1</ele>
        <time>2026-10-04T05:53:47Z</time>
        <hdop>7.7</hdop>
        <extensions>
          <osmand:speed>6.9</osmand:speed>
        </extensions>
      </trkpt>
      <trkpt lat="51.1445768" lon="12.0951066">
        <ele>146.2</ele>
        <time>2026-10-04T05:53:53Z</time>
        <hdop>7.4</hdop>
        <extensions>
          <osmand:speed>6.8</osmand:speed>
        </extensions>
      </trkpt>
      <trkpt lat="51.1442698" lon="12.0949915">
        <ele>146.6</ele>
        <time>2026-10-04T05:53:58Z</time>
        <hdop>7</hdop>
        <extensions>
          <osmand:speed>6.7</osmand:speed>
        </extensions>
      </trkpt>
      <trkpt lat="51.1439957" lon="12.0948807">
        <ele>146.7</ele>
        <time>2026-10-04T05:54:03Z</time>
        <hdop>7</hdop>
        <extensions>
          <osmand:speed>6.1</osmand:speed>
        </extensions>
      </trkpt>
      <trkpt lat="51.143746" lon="12.0948017">
        <ele>147.5</ele>
        <time>2026-10-04T05:54:08Z</time>
        <hdop>7.6</hdop>
        <extensions>
          <osmand:speed>5.5</osmand:speed>
        </extensions>
      </trkpt>
      <trkpt lat="51.1434993" lon="12.0946968">
        <ele>148.4</ele>
        <time>2026-10-04T05:54:13Z</time>
        <hdop>8.2</hdop>
        <extensions>
          <osmand:speed>5.5</osmand:speed>
        </extensions>
      </trkpt>
      <trkpt lat="51.1432501" lon="12.0945962">
        <ele>149</ele>
        <time>2026-10-04T05:54:18Z</time>
        <hdop>8.8</hdop>
        <extensions>
          <osmand:speed>5.3</osmand:speed>
        </extensions>
      </trkpt>
      <trkpt lat="51.1429691" lon="12.0945007">
        <ele>150.3</ele>
        <time>2026-10-04T05:54:24Z</time>
        <hdop>7.7</hdop>
        <extensions>
          <osmand:speed>5.3</osmand:speed>
        </extensions>
      </trkpt>
      <trkpt lat="51.1426737" lon="12.0944056">
        <ele>150.9</ele>
        <time>2026-10-04T05:54:30Z</time>
        <hdop>7.5</hdop>
        <extensions>
          <osmand:speed>5.6</osmand:speed>
        </extensions>
      </trkpt>
      <trkpt lat="51.1423382" lon="12.0942605">
        <ele>150.6</ele>
        <time>2026-10-04T05:54:36Z</time>
        <hdop>7.7</hdop>
        <extensions>
          <osmand:speed>6.6</osmand:speed>
        </extensions>
      </trkpt>
      <trkpt lat="51.142013" lon="12.0940193">
        <ele>149</ele>
        <time>2026-10-04T05:54:42Z</time>
        <hdop>7.1</hdop>
        <extensions>
          <osmand:speed>6.2</osmand:speed>
        </extensions>
      </trkpt>
      <trkpt lat="51.14195" lon="12.0934692">
        <ele>147.2</ele>
        <time>2026-10-04T05:54:48Z</time>
        <hdop>7.7</hdop>
        <extensions>
          <osmand:speed>6.5</osmand:speed>
        </extensions>
      </trkpt>
      <trkpt lat="51.1420168" lon="12.0929106">
        <ele>147.6</ele>
        <time>2026-10-04T05:54:53Z</time>
        <hdop>8.5</hdop>
        <extensions>
          <osmand:speed>7.1</osmand:speed>
        </extensions>
      </trkpt>
      <trkpt lat="51.1420392" lon="12.0922956">
        <ele>147.2</ele>
        <time>2026-10-04T05:54:59Z</time>
        <hdop>9.6</hdop>
        <extensions>
          <osmand:speed>7.3</osmand:speed>
        </extensions>
      </trkpt>
      <trkpt lat="51.1420329" lon="12.0917657">
        <ele>145.4</ele>
        <time>2026-10-04T05:55:04Z</time>
        <hdop>9.6</hdop>
        <extensions>
          <osmand:speed>7.1</osmand:speed>
        </extensions>
      </trkpt>
      <trkpt lat="51.1422323" lon="12.0911761">
        <ele>144.7</ele>
        <time>2026-10-04T05:55:10Z</time>
        <hdop>8.7</hdop>
        <extensions>
          <osmand:speed>7.4</osmand:speed>
        </extensions>
      </trkpt>
      <trkpt lat="51.1424784" lon="12.0907987">
        <ele>144.6</ele>
        <time>2026-10-04T05:55:15Z</time>
        <hdop>7.4</hdop>
        <extensions>
          <osmand:speed>7.5</osmand:speed>
        </extensions>
      </trkpt>
      <trkpt lat="51.1426268" lon="12.0902185">
        <ele>143.7</ele>
        <time>2026-10-04T05:55:21Z</time>
        <hdop>7.3</hdop>
        <extensions>
          <osmand:speed>7.4</osmand:speed>
        </extensions>
      </trkpt>
      <trkpt lat="51.1425992" lon="12.0896621">
        <ele>143.3</ele>
        <time>2026-10-04T05:55:26Z</time>
        <hdop>8.6</hdop>
        <extensions>
          <osmand:speed>7.6</osmand:speed>
        </extensions>
      </trkpt>
      <trkpt lat="51.1425163" lon="12.0889725">
        <ele>142.4</ele>
        <time>2026-10-04T05:55:32Z</time>
        <hdop>8.1</hdop>
        <extensions>
          <osmand:speed>7.9</osmand:speed>
        </extensions>
      </trkpt>
      <trkpt lat="51.1424316" lon="12.0883187">
        <ele>142.1</ele>
        <time>2026-10-04T05:55:38Z</time>
        <hdop>7.8</hdop>
        <extensions>
          <osmand:speed>7.7</osmand:speed>
        </extensions>
      </trkpt>
      <trkpt lat="51.142351" lon="12.0877128">
        <ele>142.2</ele>
        <time>2026-10-04T05:55:44Z</time>
        <hdop>7.2</hdop>
        <extensions>
          <osmand:speed>7.1</osmand:speed>
        </extensions>
      </trkpt>
      <trkpt lat="51.1422921" lon="12.0872298">
        <ele>142.6</ele>
        <time>2026-10-04T05:55:49Z</time>
        <hdop>7.1</hdop>
        <extensions>
          <osmand:speed>6.7</osmand:speed>
        </extensions>
      </trkpt>
      <trkpt lat="51.1422268" lon="12.0867563">
        <ele>142.8</ele>
        <time>2026-10-04T05:55:54Z</time>
        <hdop>7.5</hdop>
        <extensions>
          <osmand:speed>6.6</osmand:speed>
        </extensions>
      </trkpt>
      <trkpt lat="51.1421658" lon="12.0862453">
        <ele>143.5</ele>
        <time>2026-10-04T05:56:00Z</time>
        <hdop>7</hdop>
        <extensions>
          <osmand:speed>5.9</osmand:speed>
        </extensions>
      </trkpt>
      <trkpt lat="51.1421153" lon="12.0858608">
        <ele>144.7</ele>
        <time>2026-10-04T05:56:05Z</time>
        <hdop>7.2</hdop>
        <extensions>
          <osmand:speed>5.3</osmand:speed>
        </extensions>
      </trkpt>
      <trkpt lat="51.1420923" lon="12.0854148">
        <ele>145.9</ele>
        <time>2026-10-04T05:56:11Z</time>
        <hdop>7</hdop>
        <extensions>
          <osmand:speed>5.1</osmand:speed>
        </extensions>
      </trkpt>
      <trkpt lat="51.1420674" lon="12.0850051">
        <ele>147.4</ele>
        <time>2026-10-04T05:56:17Z</time>
        <hdop>7.3</hdop>
        <extensions>
          <osmand:speed>4.7</osmand:speed>
        </extensions>
      </trkpt>
      <trkpt lat="51.142103" lon="12.0846434">
        <ele>148.5</ele>
        <time>2026-10-04T05:56:22Z</time>
        <hdop>7.4</hdop>
        <extensions>
          <osmand:speed>3.9</osmand:speed>
        </extensions>
      </trkpt>
      <trkpt lat="51.1420667" lon="12.0843182">
        <ele>149.4</ele>
        <time>2026-10-04T05:56:27Z</time>
        <hdop>4.3</hdop>
        <extensions>
          <osmand:speed>3.9</osmand:speed>
        </extensions>
      </trkpt>
      <trkpt lat="51.1419982" lon="12.0839701">
        <ele>150.3</ele>
        <time>2026-10-04T05:56:33Z</time>
        <hdop>4.6</hdop>
        <extensions>
          <osmand:speed>3.9</osmand:speed>
        </extensions>
      </trkpt>
      <trkpt lat="51.141945" lon="12.0836267">
        <ele>151.6</ele>
        <time>2026-10-04T05:56:38Z</time>
        <hdop>5.3</hdop>
        <extensions>
          <osmand:speed>4</osmand:speed>
        </extensions>
      </trkpt>
      <trkpt lat="51.1418997" lon="12.0832314">
        <ele>151.9</ele>
        <time>2026-10-04T05:56:43Z</time>
        <hdop>7.5</hdop>
        <extensions>
          <osmand:speed>4.9</osmand:speed>
        </extensions>
      </trkpt>
      <trkpt lat="51.141859" lon="12.0828813">
        <ele>152.2</ele>
        <time>2026-10-04T05:56:48Z</time>
        <hdop>8.3</hdop>
        <extensions>
          <osmand:speed>4.9</osmand:speed>
        </extensions>
      </trkpt>
      <trkpt lat="51.1418332" lon="12.0824301">
        <ele>152.7</ele>
        <time>2026-10-04T05:56:54Z</time>
        <hdop>8.9</hdop>
        <extensions>
          <osmand:speed>4.8</osmand:speed>
        </extensions>
      </trkpt>
      <trkpt lat="51.1418284" lon="12.0820072">
        <ele>152.8</ele>
        <time>2026-10-04T05:56:59Z</time>
        <hdop>8</hdop>
        <extensions>
          <osmand:speed>5.6</osmand:speed>
        </extensions>
      </trkpt>
      <trkpt lat="51.1418025" lon="12.0816147">
        <ele>153.1</ele>
        <time>2026-10-04T05:57:04Z</time>
        <hdop>8.1</hdop>
        <extensions>
          <osmand:speed>5.7</osmand:speed>
        </extensions>
      </trkpt>
      <trkpt lat="51.1417785" lon="12.0811151">
        <ele>153.1</ele>
        <time>2026-10-04T05:57:10Z</time>
        <hdop>8.2</hdop>
        <extensions>
          <osmand:speed>5.7</osmand:speed>
        </extensions>
      </trkpt>
      <trkpt lat="51.1417549" lon="12.0806867">
        <ele>153.6</ele>
        <time>2026-10-04T05:57:15Z</time>
        <hdop>8.9</hdop>
        <extensions>
          <osmand:speed>5.9</osmand:speed>
        </extensions>
      </trkpt>
      <trkpt lat="51.1416623" lon="12.0801302">
        <ele>153.6</ele>
        <time>2026-10-04T05:57:21Z</time>
        <hdop>8.1</hdop>
        <extensions>
          <osmand:speed>7</osmand:speed>
        </extensions>
      </trkpt>
      <trkpt lat="51.1415542" lon="12.0795716">
        <ele>151.7</ele>
        <time>2026-10-04T05:57:26Z</time>
        <hdop>7.2</hdop>
        <extensions>
          <osmand:speed>8.2</osmand:speed>
        </extensions>
      </trkpt>
      <trkpt lat="51.1414822" lon="12.0789429">
        <ele>150.3</ele>
        <time>2026-10-04T05:57:31Z</time>
        <hdop>6.6</hdop>
        <extensions>
          <osmand:speed>9</osmand:speed>
        </extensions>
      </trkpt>
      <trkpt lat="51.1414544" lon="12.0782096">
        <ele>148.8</ele>
        <time>2026-10-04T05:57:37Z</time>
        <hdop>7</hdop>
        <extensions>
          <osmand:speed>8.4</osmand:speed>
        </extensions>
      </trkpt>
      <trkpt lat="51.1414224" lon="12.0775385">
        <ele>148.1</ele>
        <time>2026-10-04T05:57:43Z</time>
        <hdop>7.6</hdop>
        <extensions>
          <osmand:speed>7.9</osmand:speed>
        </extensions>
      </trkpt>
      <trkpt lat="51.1413973" lon="12.077003">
        <ele>147.7</ele>
        <time>2026-10-04T05:57:48Z</time>
        <hdop>7.3</hdop>
        <extensions>
          <osmand:speed>7.3</osmand:speed>
        </extensions>
      </trkpt>
      <trkpt lat="51.1413759" lon="12.0763985">
        <ele>147.9</ele>
        <time>2026-10-04T05:57:54Z</time>
        <hdop>7.5</hdop>
        <extensions>
          <osmand:speed>6.9</osmand:speed>
        </extensions>
      </trkpt>
      <trkpt lat="51.1413538" lon="12.0759349">
        <ele>148.1</ele>
        <time>2026-10-04T05:57:59Z</time>
        <hdop>7.5</hdop>
        <extensions>
          <osmand:speed>6.3</osmand:speed>
        </extensions>
      </trkpt>
      <trkpt lat="51.1413341" lon="12.075432">
        <ele>149.7</ele>
        <time>2026-10-04T05:58:05Z</time>
        <hdop>7.8</hdop>
        <extensions>
          <osmand:speed>5.5</osmand:speed>
        </extensions>
      </trkpt>
      <trkpt lat="51.1413107" lon="12.074969">
        <ele>150.8</ele>
        <time>2026-10-04T05:58:11Z</time>
        <hdop>7.7</hdop>
        <extensions>
          <osmand:speed>5.1</osmand:speed>
        </extensions>
      </trkpt>
      <trkpt lat="51.141294" lon="12.0745973">
        <ele>151.7</ele>
        <time>2026-10-04T05:58:16Z</time>
        <hdop>7.6</hdop>
        <extensions>
          <osmand:speed>5</osmand:speed>
        </extensions>
      </trkpt>
      <trkpt lat="51.1412317" lon="12.0743148">
        <ele>153</ele>
        <time>2026-10-04T05:58:21Z</time>
        <hdop>6.3</hdop>
        <extensions>
          <osmand:speed>3.5</osmand:speed>
        </extensions>
      </trkpt>
      <trkpt lat="51.1411173" lon="12.0740388">
        <ele>153.8</ele>
        <time>2026-10-04T05:58:26Z</time>
        <hdop>3.6</hdop>
        <extensions>
          <osmand:speed>3.7</osmand:speed>
        </extensions>
      </trkpt>
      <trkpt lat="51.1410942" lon="12.0736634">
        <ele>154.9</ele>
        <time>2026-10-04T05:58:32Z</time>
        <hdop>3.8</hdop>
        <extensions>
          <osmand:speed>3.8</osmand:speed>
        </extensions>
      </trkpt>
      <trkpt lat="51.1412204" lon="12.0733282">
        <ele>156</ele>
        <time>2026-10-04T05:58:37Z</time>
        <hdop>4.6</hdop>
        <extensions>
          <osmand:speed>4</osmand:speed>
        </extensions>
      </trkpt>
      <trkpt lat="51.1412367" lon="12.0729894">
        <ele>156.9</ele>
        <time>2026-10-04T05:58:42Z</time>
        <hdop>4.6</hdop>
        <extensions>
          <osmand:speed>3.7</osmand:speed>
        </extensions>
      </trkpt>
      <trkpt lat="51.1412038" lon="12.0726528">
        <ele>157.8</ele>
        <time>2026-10-04T05:58:47Z</time>
        <hdop>4.7</hdop>
        <extensions>
          <osmand:speed>3.6</osmand:speed>
        </extensions>
      </trkpt>
      <trkpt lat="51.1411926" lon="12.0723436">
        <ele>158.6</ele>
        <time>2026-10-04T05:58:52Z</time>
        <hdop>4.9</hdop>
        <extensions>
          <osmand:speed>3.7</osmand:speed>
        </extensions>
      </trkpt>
      <trkpt lat="51.1411769" lon="12.072017">
        <ele>159.3</ele>
        <time>2026-10-04T05:58:57Z</time>
        <hdop>5.2</hdop>
        <extensions>
          <osmand:speed>3.6</osmand:speed>
        </extensions>
      </trkpt>
      <trkpt lat="51.1411645" lon="12.0716836">
        <ele>160.2</ele>
        <time>2026-10-04T05:59:03Z</time>
        <hdop>5.2</hdop>
        <extensions>
          <osmand:speed>3.7</osmand:speed>
        </extensions>
      </trkpt>
      <trkpt lat="51.1411426" lon="12.0713261">
        <ele>161.1</ele>
        <time>2026-10-04T05:59:08Z</time>
        <hdop>5.7</hdop>
        <extensions>
          <osmand:speed>4.2</osmand:speed>
        </extensions>
      </trkpt>
      <trkpt lat="51.1411146" lon="12.0709094">
        <ele>160.9</ele>
        <time>2026-10-04T05:59:13Z</time>
        <hdop>7.2</hdop>
        <extensions>
          <osmand:speed>5.5</osmand:speed>
        </extensions>
      </trkpt>
      <trkpt lat="51.1409967" lon="12.0703711">
        <ele>159.8</ele>
        <time>2026-10-04T05:59:19Z</time>
        <hdop>6.8</hdop>
        <extensions>
          <osmand:speed>6.8</osmand:speed>
        </extensions>
      </trkpt>
      <trkpt lat="51.1408307" lon="12.0698756">
        <ele>158.5</ele>
        <time>2026-10-04T05:59:24Z</time>
        <hdop>6.3</hdop>
        <extensions>
          <osmand:speed>7.9</osmand:speed>
        </extensions>
      </trkpt>
      <trkpt lat="51.1406576" lon="12.0693661">
        <ele>156.8</ele>
        <time>2026-10-04T05:59:29Z</time>
        <hdop>6.1</hdop>
        <extensions>
          <osmand:speed>8.1</osmand:speed>
        </extensions>
      </trkpt>
      <trkpt lat="51.1404513" lon="12.0687753">
        <ele>155</ele>
        <time>2026-10-04T05:59:35Z</time>
        <hdop>7.1</hdop>
        <extensions>
          <osmand:speed>7.7</osmand:speed>
        </extensions>
      </trkpt>
      <trkpt lat="51.1403047" lon="12.0683356">
        <ele>154.7</ele>
        <time>2026-10-04T05:59:40Z</time>
        <hdop>7.2</hdop>
        <extensions>
          <osmand:speed>6.7</osmand:speed>
        </extensions>
      </trkpt>
      <trkpt lat="51.1401416" lon="12.0678886">
        <ele>155.8</ele>
        <time>2026-10-04T05:59:46Z</time>
        <hdop>7.4</hdop>
        <extensions>
          <osmand:speed>5.9</osmand:speed>
        </extensions>
      </trkpt>
      <trkpt lat="51.1400016" lon="12.0674794">
        <ele>156.6</ele>
        <time>2026-10-04T05:59:52Z</time>
        <hdop>8</hdop>
        <extensions>
          <osmand:speed>5.3</osmand:speed>
        </extensions>
      </trkpt>
      <trkpt lat="51.1398864" lon="12.0671481">
        <ele>157.6</ele>
        <time>2026-10-04T05:59:57Z</time>
        <hdop>8.1</hdop>
        <extensions>
          <osmand:speed>5.2</osmand:speed>
        </extensions>
      </trkpt>
      <trkpt lat="51.1397498" lon="12.0667538">
        <ele>158.5</ele>
        <time>2026-10-04T06:00:03Z</time>
        <hdop>8.1</hdop>
        <extensions>
          <osmand:speed>5.2</osmand:speed>
        </extensions>
      </trkpt>
      <trkpt lat="51.1396367" lon="12.0664194">
        <ele>159.3</ele>
        <time>2026-10-04T06:00:08Z</time>
        <hdop>7.8</hdop>
        <extensions>
          <osmand:speed>5.2</osmand:speed>
        </extensions>
      </trkpt>
      <trkpt lat="51.1394823" lon="12.0659838">
        <ele>159.7</ele>
        <time>2026-10-04T06:00:14Z</time>
        <hdop>8</hdop>
        <extensions>
          <osmand:speed>5.6</osmand:speed>
        </extensions>
      </trkpt>
      <trkpt lat="51.1393593" lon="12.0656214">
        <ele>159.5</ele>
        <time>2026-10-04T06:00:19Z</time>
        <hdop>8.1</hdop>
        <extensions>
          <osmand:speed>5.8</osmand:speed>
        </extensions>
      </trkpt>
      <trkpt lat="51.1392362" lon="12.0652582">
        <ele>159.4</ele>
        <time>2026-10-04T06:00:24Z</time>
        <hdop>8.2</hdop>
        <extensions>
          <osmand:speed>5.6</osmand:speed>
        </extensions>
      </trkpt>
      <trkpt lat="51.1391006" lon="12.0648686">
        <ele>159.9</ele>
        <time>2026-10-04T06:00:29Z</time>
        <hdop>8.4</hdop>
        <extensions>
          <osmand:speed>6.1</osmand:speed>
        </extensions>
      </trkpt>
      <trkpt lat="51.1389288" lon="12.0643807">
        <ele>159.5</ele>
        <time>2026-10-04T06:00:35Z</time>
        <hdop>7.7</hdop>
        <extensions>
          <osmand:speed>6.3</osmand:speed>
        </extensions>
      </trkpt>
      <trkpt lat="51.138767" lon="12.0638788">
        <ele>158.8</ele>
        <time>2026-10-04T06:00:41Z</time>
        <hdop>7.9</hdop>
        <extensions>
          <osmand:speed>6.5</osmand:speed>
        </extensions>
      </trkpt>
      <trkpt lat="51.1386367" lon="12.0634399">
        <ele>160.5</ele>
        <time>2026-10-04T06:00:46Z</time>
        <hdop>8.3</hdop>
        <extensions>
          <osmand:speed>6.6</osmand:speed>
        </extensions>
      </trkpt>
      <trkpt lat="51.1385304" lon="12.0629085">
        <ele>158.3</ele>
        <time>2026-10-04T06:00:52Z</time>
        <hdop>8.4</hdop>
        <extensions>
          <osmand:speed>6.7</osmand:speed>
        </extensions>
      </trkpt>
      <trkpt lat="51.1384062" lon="12.06248">
        <ele>157.9</ele>
        <time>2026-10-04T06:00:57Z</time>
        <hdop>8.1</hdop>
        <extensions>
          <osmand:speed>6.7</osmand:speed>
        </extensions>
      </trkpt>
      <trkpt lat="51.1381886" lon="12.0621318">
        <ele>157.5</ele>
        <time>2026-10-04T06:01:02Z</time>
        <hdop>7.8</hdop>
        <extensions>
          <osmand:speed>6.8</osmand:speed>
        </extensions>
      </trkpt>
      <trkpt lat="51.1379206" lon="12.0618427">
        <ele>157.1</ele>
        <time>2026-10-04T06:01:07Z</time>
        <hdop>7.6</hdop>
        <extensions>
          <osmand:speed>7.1</osmand:speed>
        </extensions>
      </trkpt>
      <trkpt lat="51.1376574" lon="12.0615538">
        <ele>156.8</ele>
        <time>2026-10-04T06:01:12Z</time>
        <hdop>8.2</hdop>
        <extensions>
          <osmand:speed>6.9</osmand:speed>
        </extensions>
      </trkpt>
      <trkpt lat="51.1374186" lon="12.0612812">
        <ele>157.3</ele>
        <time>2026-10-04T06:01:17Z</time>
        <hdop>8</hdop>
        <extensions>
          <osmand:speed>6.3</osmand:speed>
        </extensions>
      </trkpt>
      <trkpt lat="51.1371413" lon="12.0610096">
        <ele>158.2</ele>
        <time>2026-10-04T06:01:23Z</time>
        <hdop>7.8</hdop>
        <extensions>
          <osmand:speed>5.8</osmand:speed>
        </extensions>
      </trkpt>
      <trkpt lat="51.1369227" lon="12.0607794">
        <ele>159.4</ele>
        <time>2026-10-04T06:01:28Z</time>
        <hdop>8</hdop>
        <extensions>
          <osmand:speed>5.8</osmand:speed>
        </extensions>
      </trkpt>
      <trkpt lat="51.1366965" lon="12.0605033">
        <ele>159.6</ele>
        <time>2026-10-04T06:01:33Z</time>
        <hdop>7.4</hdop>
        <extensions>
          <osmand:speed>6.3</osmand:speed>
        </extensions>
      </trkpt>
      <trkpt lat="51.1364591" lon="12.0600238">
        <ele>159.2</ele>
        <time>2026-10-04T06:01:39Z</time>
        <hdop>5.1</hdop>
        <extensions>
          <osmand:speed>7.3</osmand:speed>
        </extensions>
      </trkpt>
      <trkpt lat="51.1362241" lon="12.0595024">
        <ele>158</ele>
        <time>2026-10-04T06:01:45Z</time>
        <hdop>4.9</hdop>
        <extensions>
          <osmand:speed>7.6</osmand:speed>
        </extensions>
      </trkpt>
      <trkpt lat="51.1359312" lon="12.0592096">
        <ele>156.9</ele>
        <time>2026-10-04T06:01:50Z</time>
        <hdop>7.2</hdop>
        <extensions>
          <osmand:speed>7.6</osmand:speed>
        </extensions>
      </trkpt>
      <trkpt lat="51.1354929" lon="12.0592647">
        <ele>155.9</ele>
        <time>2026-10-04T06:01:56Z</time>
        <hdop>8.3</hdop>
        <extensions>
          <osmand:speed>8.1</osmand:speed>
        </extensions>
      </trkpt>
      <trkpt lat="51.1351202" lon="12.0592921">
        <ele>155</ele>
        <time>2026-10-04T06:02:01Z</time>
        <hdop>8.2</hdop>
        <extensions>
          <osmand:speed>8.2</osmand:speed>
        </extensions>
      </trkpt>
      <trkpt lat="51.1347704" lon="12.0592134">
        <ele>154.2</ele>
        <time>2026-10-04T06:02:06Z</time>
        <hdop>9.6</hdop>
        <extensions>
          <osmand:speed>7.9</osmand:speed>
        </extensions>
      </trkpt>
      <trkpt lat="51.1343868" lon="12.0589176">
        <ele>153.5</ele>
        <time>2026-10-04T06:02:12Z</time>
        <hdop>8.7</hdop>
        <extensions>
          <osmand:speed>7.7</osmand:speed>
        </extensions>
      </trkpt>
      <trkpt lat="51.1341015" lon="12.0584335">
        <ele>153.1</ele>
        <time>2026-10-04T06:02:18Z</time>
        <hdop>7.7</hdop>
        <extensions>
          <osmand:speed>7.7</osmand:speed>
        </extensions>
      </trkpt>
      <trkpt lat="51.1338061" lon="12.057983">
        <ele>153.2</ele>
        <time>2026-10-04T06:02:24Z</time>
        <hdop>7.7</hdop>
        <extensions>
          <osmand:speed>7.5</osmand:speed>
        </extensions>
      </trkpt>
      <trkpt lat="51.1335193" lon="12.0575366">
        <ele>153.2</ele>
        <time>2026-10-04T06:02:30Z</time>
        <hdop>7.1</hdop>
        <extensions>
          <osmand:speed>7.4</osmand:speed>
        </extensions>
      </trkpt>
      <trkpt lat="51.1332781" lon="12.0571719">
        <ele>153.1</ele>
        <time>2026-10-04T06:02:35Z</time>
        <hdop>7.3</hdop>
        <extensions>
          <osmand:speed>7.4</osmand:speed>
        </extensions>
      </trkpt>
      <trkpt lat="51.1330462" lon="12.0568175">
        <ele>153.5</ele>
        <time>2026-10-04T06:02:40Z</time>
        <hdop>7.3</hdop>
        <extensions>
          <osmand:speed>7</osmand:speed>
        </extensions>
      </trkpt>
      <trkpt lat="51.1327777" lon="12.05641">
        <ele>153.1</ele>
        <time>2026-10-04T06:02:46Z</time>
        <hdop>7.2</hdop>
        <extensions>
          <osmand:speed>6.8</osmand:speed>
        </extensions>
      </trkpt>
      <trkpt lat="51.1325645" lon="12.0560787">
        <ele>152.9</ele>
        <time>2026-10-04T06:02:51Z</time>
        <hdop>7.2</hdop>
        <extensions>
          <osmand:speed>6.6</osmand:speed>
        </extensions>
      </trkpt>
      <trkpt lat="51.132322" lon="12.055683">
        <ele>153.4</ele>
        <time>2026-10-04T06:02:57Z</time>
        <hdop>6.8</hdop>
        <extensions>
          <osmand:speed>6.2</osmand:speed>
        </extensions>
      </trkpt>
      <trkpt lat="51.1321681" lon="12.0553984">
        <ele>154.1</ele>
        <time>2026-10-04T06:03:02Z</time>
        <hdop>7.3</hdop>
        <extensions>
          <osmand:speed>5</osmand:speed>
        </extensions>
      </trkpt>
      <trkpt lat="51.1320715" lon="12.0552156">
        <ele>155</ele>
        <time>2026-10-04T06:03:08Z</time>
        <hdop>7.8</hdop>
        <extensions>
          <osmand:speed>2.5</osmand:speed>
        </extensions>
      </trkpt>
      <trkpt lat="51.1320746" lon="12.0551424">
        <ele>155.4</ele>
        <time>2026-10-04T06:03:18Z</time>
        <hdop>6.2</hdop>
        <extensions>
          <osmand:speed>0.2</osmand:speed>
        </extensions>
      </trkpt>
      <trkpt lat="51.1320184" lon="12.0550692">
        <ele>155.7</ele>
        <time>2026-10-04T06:03:23Z</time>
        <hdop>4.8</hdop>
        <extensions>
          <osmand:speed>1.1</osmand:speed>
        </extensions>
      </trkpt>
      <trkpt lat="51.1319412" lon="12.0549256">
        <ele>155.7</ele>
        <time>2026-10-04T06:03:28Z</time>
        <hdop>3.9</hdop>
        <extensions>
          <osmand:speed>1.8</osmand:speed>
        </extensions>
      </trkpt>
      <trkpt lat="51.1317825" lon="12.0546241">
        <ele>155.9</ele>
        <time>2026-10-04T06:03:34Z</time>
        <hdop>4.5</hdop>
        <extensions>
          <osmand:speed>3.6</osmand:speed>
        </extensions>
      </trkpt>
      <trkpt lat="51.1315754" lon="12.0541158">
        <ele>154.9</ele>
        <time>2026-10-04T06:03:40Z</time>
        <hdop>7.3</hdop>
        <extensions>
          <osmand:speed>6.1</osmand:speed>
        </extensions>
      </trkpt>
      <trkpt lat="51.1314074" lon="12.0536499">
        <ele>153.9</ele>
        <time>2026-10-04T06:03:46Z</time>
        <hdop>8</hdop>
        <extensions>
          <osmand:speed>6.3</osmand:speed>
        </extensions>
      </trkpt>
      <trkpt lat="51.13124" lon="12.0531679">
        <ele>153.9</ele>
        <time>2026-10-04T06:03:52Z</time>
        <hdop>7.6</hdop>
        <extensions>
          <osmand:speed>6.2</osmand:speed>
        </extensions>
      </trkpt>
      <trkpt lat="51.1309847" lon="12.053085">
        <ele>153.4</ele>
        <time>2026-10-04T06:03:57Z</time>
        <hdop>7</hdop>
        <extensions>
          <osmand:speed>6.3</osmand:speed>
        </extensions>
      </trkpt>
      <trkpt lat="51.1306847" lon="12.0534133">
        <ele>153.1</ele>
        <time>2026-10-04T06:04:03Z</time>
        <hdop>7.9</hdop>
        <extensions>
          <osmand:speed>6.4</osmand:speed>
        </extensions>
      </trkpt>
      <trkpt lat="51.1304124" lon="12.0537824">
        <ele>153.5</ele>
        <time>2026-10-04T06:04:09Z</time>
        <hdop>6.8</hdop>
        <extensions>
          <osmand:speed>6.5</osmand:speed>
        </extensions>
      </trkpt>
      <trkpt lat="51.1302477" lon="12.054209">
        <ele>153.7</ele>
        <time>2026-10-04T06:04:14Z</time>
        <hdop>6.9</hdop>
        <extensions>
          <osmand:speed>6.6</osmand:speed>
        </extensions>
      </trkpt>
      <trkpt lat="51.1300956" lon="12.0547341">
        <ele>154.5</ele>
        <time>2026-10-04T06:04:20Z</time>
        <hdop>7.3</hdop>
        <extensions>
          <osmand:speed>6.7</osmand:speed>
        </extensions>
      </trkpt>
      <trkpt lat="51.1299284" lon="12.0552328">
        <ele>154.6</ele>
        <time>2026-10-04T06:04:26Z</time>
        <hdop>7.4</hdop>
        <extensions>
          <osmand:speed>6.5</osmand:speed>
        </extensions>
      </trkpt>
      <trkpt lat="51.1297651" lon="12.0557419">
        <ele>154.5</ele>
        <time>2026-10-04T06:04:32Z</time>
        <hdop>7.6</hdop>
        <extensions>
          <osmand:speed>6.6</osmand:speed>
        </extensions>
      </trkpt>
      <trkpt lat="51.1296176" lon="12.0561538">
        <ele>155.9</ele>
        <time>2026-10-04T06:04:37Z</time>
        <hdop>7.5</hdop>
        <extensions>
          <osmand:speed>6.5</osmand:speed>
        </extensions>
      </trkpt>
      <trkpt lat="51.1293817" lon="12.0565602">
        <ele>155.8</ele>
        <time>2026-10-04T06:04:43Z</time>
        <hdop>8.2</hdop>
        <extensions>
          <osmand:speed>6.4</osmand:speed>
        </extensions>
      </trkpt>
      <trkpt lat="51.1291057" lon="12.0568542">
        <ele>156.7</ele>
        <time>2026-10-04T06:04:49Z</time>
        <hdop>8.3</hdop>
        <extensions>
          <osmand:speed>6.2</osmand:speed>
        </extensions>
      </trkpt>
      <trkpt lat="51.1288709" lon="12.0570634">
        <ele>156.9</ele>
        <time>2026-10-04T06:04:54Z</time>
        <hdop>7.7</hdop>
        <extensions>
          <osmand:speed>6.1</osmand:speed>
        </extensions>
      </trkpt>
      <trkpt lat="51.1286426" lon="12.0572654">
        <ele>157.2</ele>
        <time>2026-10-04T06:04:59Z</time>
        <hdop>8.2</hdop>
        <extensions>
          <osmand:speed>5.8</osmand:speed>
        </extensions>
      </trkpt>
      <trkpt lat="51.1283823" lon="12.0574829">
        <ele>158.5</ele>
        <time>2026-10-04T06:05:05Z</time>
        <hdop>7.8</hdop>
        <extensions>
          <osmand:speed>5.4</osmand:speed>
        </extensions>
      </trkpt>
      <trkpt lat="51.1281783" lon="12.0576762">
        <ele>159</ele>
        <time>2026-10-04T06:05:10Z</time>
        <hdop>7.9</hdop>
        <extensions>
          <osmand:speed>5.2</osmand:speed>
        </extensions>
      </trkpt>
      <trkpt lat="51.1279463" lon="12.0578852">
        <ele>160.7</ele>
        <time>2026-10-04T06:05:16Z</time>
        <hdop>7.9</hdop>
        <extensions>
          <osmand:speed>4.9</osmand:speed>
        </extensions>
      </trkpt>
      <trkpt lat="51.1277572" lon="12.0579906">
        <ele>161.4</ele>
        <time>2026-10-04T06:05:21Z</time>
        <hdop>9.2</hdop>
        <extensions>
          <osmand:speed>3.7</osmand:speed>
        </extensions>
      </trkpt>
      <trkpt lat="51.1275732" lon="12.0581774">
        <ele>162.3</ele>
        <time>2026-10-04T06:05:26Z</time>
        <hdop>7.5</hdop>
        <extensions>
          <osmand:speed>3.8</osmand:speed>
        </extensions>
      </trkpt>
      <trkpt lat="51.1273269" lon="12.0581728">
        <ele>163.4</ele>
        <time>2026-10-04T06:05:31Z</time>
        <hdop>5.7</hdop>
        <extensions>
          <osmand:speed>3.8</osmand:speed>
        </extensions>
      </trkpt>
      <trkpt lat="51.1271127" lon="12.0580418">
        <ele>164.3</ele>
        <time>2026-10-04T06:05:37Z</time>
        <hdop>5.6</hdop>
        <extensions>
          <osmand:speed>3.8</osmand:speed>
        </extensions>
      </trkpt>
      <trkpt lat="51.1269358" lon="12.0578299">
        <ele>165.2</ele>
        <time>2026-10-04T06:05:42Z</time>
        <hdop>5.7</hdop>
        <extensions>
          <osmand:speed>3.7</osmand:speed>
        </extensions>
      </trkpt>
      <trkpt lat="51.1267688" lon="12.0574644">
        <ele>166.4</ele>
        <time>2026-10-04T06:05:48Z</time>
        <hdop>6.5</hdop>
        <extensions>
          <osmand:speed>4.9</osmand:speed>
        </extensions>
      </trkpt>
      <trkpt lat="51.1266558" lon="12.0571287">
        <ele>166.5</ele>
        <time>2026-10-04T06:05:53Z</time>
        <hdop>7</hdop>
        <extensions>
          <osmand:speed>5.2</osmand:speed>
        </extensions>
      </trkpt>
      <trkpt lat="51.1265147" lon="12.0566906">
        <ele>166.5</ele>
        <time>2026-10-04T06:05:59Z</time>
        <hdop>7.3</hdop>
        <extensions>
          <osmand:speed>5.5</osmand:speed>
        </extensions>
      </trkpt>
      <trkpt lat="51.1263981" lon="12.0562727">
        <ele>166.4</ele>
        <time>2026-10-04T06:06:05Z</time>
        <hdop>8.2</hdop>
        <extensions>
          <osmand:speed>5.4</osmand:speed>
        </extensions>
      </trkpt>
      <trkpt lat="51.1262943" lon="12.0558041">
        <ele>166.2</ele>
        <time>2026-10-04T06:06:11Z</time>
        <hdop>8.3</hdop>
        <extensions>
          <osmand:speed>5.6</osmand:speed>
        </extensions>
      </trkpt>
      <trkpt lat="51.1261691" lon="12.0553493">
        <ele>166.6</ele>
        <time>2026-10-04T06:06:17Z</time>
        <hdop>7.6</hdop>
        <extensions>
          <osmand:speed>5.5</osmand:speed>
        </extensions>
      </trkpt>
      <trkpt lat="51.1260382" lon="12.0549719">
        <ele>167</ele>
        <time>2026-10-04T06:06:22Z</time>
        <hdop>7.7</hdop>
        <extensions>
          <osmand:speed>5.9</osmand:speed>
        </extensions>
      </trkpt>
      <trkpt lat="51.1258769" lon="12.0545243">
        <ele>167.4</ele>
        <time>2026-10-04T06:06:28Z</time>
        <hdop>8</hdop>
        <extensions>
          <osmand:speed>5.7</osmand:speed>
        </extensions>
      </trkpt>
      <trkpt lat="51.1257489" lon="12.0541611">
        <ele>168</ele>
        <time>2026-10-04T06:06:33Z</time>
        <hdop>8</hdop>
        <extensions>
          <osmand:speed>5.6</osmand:speed>
        </extensions>
      </trkpt>
      <trkpt lat="51.125616" lon="12.053817">
        <ele>169</ele>
        <time>2026-10-04T06:06:38Z</time>
        <hdop>7.9</hdop>
        <extensions>
          <osmand:speed>5.5</osmand:speed>
        </extensions>
      </trkpt>
      <trkpt lat="51.12546" lon="12.0533796">
        <ele>169.7</ele>
        <time>2026-10-04T06:06:44Z</time>
        <hdop>7.7</hdop>
        <extensions>
          <osmand:speed>5.7</osmand:speed>
        </extensions>
      </trkpt>
      <trkpt lat="51.1253206" lon="12.0529296">
        <ele>170.2</ele>
        <time>2026-10-04T06:06:50Z</time>
        <hdop>7.3</hdop>
        <extensions>
          <osmand:speed>6</osmand:speed>
        </extensions>
      </trkpt>
      <trkpt lat="51.1251788" lon="12.0524993">
        <ele>170</ele>
        <time>2026-10-04T06:06:55Z</time>
        <hdop>7.1</hdop>
        <extensions>
          <osmand:speed>6.7</osmand:speed>
        </extensions>
      </trkpt>
      <trkpt lat="51.1251881" lon="12.0519813">
        <ele>169.9</ele>
        <time>2026-10-04T06:07:01Z</time>
        <hdop>7</hdop>
        <extensions>
          <osmand:speed>6.2</osmand:speed>
        </extensions>
      </trkpt>
      <trkpt lat="51.125205" lon="12.0514611">
        <ele>168.2</ele>
        <time>2026-10-04T06:07:07Z</time>
        <hdop>7.5</hdop>
        <extensions>
          <osmand:speed>6.5</osmand:speed>
        </extensions>
      </trkpt>
      <trkpt lat="51.1250472" lon="12.0509017">
        <ele>167.6</ele>
        <time>2026-10-04T06:07:13Z</time>
        <hdop>7.4</hdop>
        <extensions>
          <osmand:speed>6.9</osmand:speed>
        </extensions>
      </trkpt>
      <trkpt lat="51.1249102" lon="12.0503737">
        <ele>168.2</ele>
        <time>2026-10-04T06:07:19Z</time>
        <hdop>7.7</hdop>
        <extensions>
          <osmand:speed>6.5</osmand:speed>
        </extensions>
      </trkpt>
      <trkpt lat="51.1247907" lon="12.0498779">
        <ele>169</ele>
        <time>2026-10-04T06:07:25Z</time>
        <hdop>7.6</hdop>
        <extensions>
          <osmand:speed>6.1</osmand:speed>
        </extensions>
      </trkpt>
      <trkpt lat="51.1246701" lon="12.0493969">
        <ele>169.8</ele>
        <time>2026-10-04T06:07:31Z</time>
        <hdop>6.9</hdop>
        <extensions>
          <osmand:speed>5.8</osmand:speed>
        </extensions>
      </trkpt>
      <trkpt lat="51.1245502" lon="12.0489204">
        <ele>170.3</ele>
        <time>2026-10-04T06:07:37Z</time>
        <hdop>7.1</hdop>
        <extensions>
          <osmand:speed>6</osmand:speed>
        </extensions>
      </trkpt>
      <trkpt lat="51.1244195" lon="12.04842">
        <ele>170.4</ele>
        <time>2026-10-04T06:07:43Z</time>
        <hdop>7.2</hdop>
        <extensions>
          <osmand:speed>6.3</osmand:speed>
        </extensions>
      </trkpt>
      <trkpt lat="51.1242081" lon="12.0479036">
        <ele>169.8</ele>
        <time>2026-10-04T06:07:49Z</time>
        <hdop>7.5</hdop>
        <extensions>
          <osmand:speed>7.4</osmand:speed>
        </extensions>
      </trkpt>
      <trkpt lat="51.1240054" lon="12.0474292">
        <ele>168.3</ele>
        <time>2026-10-04T06:07:54Z</time>
        <hdop>7.4</hdop>
        <extensions>
          <osmand:speed>7.9</osmand:speed>
        </extensions>
      </trkpt>
      <trkpt lat="51.1237927" lon="12.0469355">
        <ele>167.2</ele>
        <time>2026-10-04T06:07:59Z</time>
        <hdop>7</hdop>
        <extensions>
          <osmand:speed>8.6</osmand:speed>
        </extensions>
      </trkpt>
      <trkpt lat="51.1235363" lon="12.0463141">
        <ele>164.9</ele>
        <time>2026-10-04T06:08:05Z</time>
        <hdop>6.6</hdop>
        <extensions>
          <osmand:speed>8.5</osmand:speed>
        </extensions>
      </trkpt>
      <trkpt lat="51.1232957" lon="12.0457505">
        <ele>164.2</ele>
        <time>2026-10-04T06:08:11Z</time>
        <hdop>7.2</hdop>
        <extensions>
          <osmand:speed>7.8</osmand:speed>
        </extensions>
      </trkpt>
      <trkpt lat="51.1230772" lon="12.0452398">
        <ele>164</ele>
        <time>2026-10-04T06:08:17Z</time>
        <hdop>6.9</hdop>
        <extensions>
          <osmand:speed>6.9</osmand:speed>
        </extensions>
      </trkpt>
      <trkpt lat="51.1229126" lon="12.0448629">
        <ele>164.2</ele>
        <time>2026-10-04T06:08:22Z</time>
        <hdop>7.1</hdop>
        <extensions>
          <osmand:speed>6.2</osmand:speed>
        </extensions>
      </trkpt>
      <trkpt lat="51.1227383" lon="12.0444805">
        <ele>165.6</ele>
        <time>2026-10-04T06:08:28Z</time>
        <hdop>7.2</hdop>
        <extensions>
          <osmand:speed>5.4</osmand:speed>
        </extensions>
      </trkpt>
      <trkpt lat="51.1226057" lon="12.0441685">
        <ele>166.8</ele>
        <time>2026-10-04T06:08:33Z</time>
        <hdop>8.6</hdop>
        <extensions>
          <osmand:speed>5</osmand:speed>
        </extensions>
      </trkpt>
      <trkpt lat="51.1224824" lon="12.0438966">
        <ele>168.1</ele>
        <time>2026-10-04T06:08:38Z</time>
        <hdop>9.8</hdop>
        <extensions>
          <osmand:speed>2.4</osmand:speed>
        </extensions>
      </trkpt>
      <trkpt lat="51.1223955" lon="12.0436238">
        <ele>169.5</ele>
        <time>2026-10-04T06:08:44Z</time>
        <hdop>9.8</hdop>
        <extensions>
          <osmand:speed>3.5</osmand:speed>
        </extensions>
      </trkpt>
      <trkpt lat="51.1222656" lon="12.0431257">
        <ele>170.6</ele>
        <time>2026-10-04T06:08:50Z</time>
        <hdop>7.8</hdop>
        <extensions>
          <osmand:speed>4.8</osmand:speed>
        </extensions>
      </trkpt>
      <trkpt lat="51.122142" lon="12.0427144">
        <ele>170.8</ele>
        <time>2026-10-04T06:08:55Z</time>
        <hdop>10.3</hdop>
        <extensions>
          <osmand:speed>6</osmand:speed>
        </extensions>
      </trkpt>
      <trkpt lat="51.1220954" lon="12.0421813">
        <ele>168.3</ele>
        <time>2026-10-04T06:09:00Z</time>
        <hdop>9.7</hdop>
        <extensions>
          <osmand:speed>7.2</osmand:speed>
        </extensions>
      </trkpt>
      <trkpt lat="51.1219461" lon="12.0415637">
        <ele>166.9</ele>
        <time>2026-10-04T06:09:06Z</time>
        <hdop>9.9</hdop>
        <extensions>
          <osmand:speed>7.4</osmand:speed>
        </extensions>
      </trkpt>
      <trkpt lat="51.1218234" lon="12.0410372">
        <ele>166.8</ele>
        <time>2026-10-04T06:09:12Z</time>
        <hdop>9.8</hdop>
        <extensions>
          <osmand:speed>6.4</osmand:speed>
        </extensions>
      </trkpt>
      <trkpt lat="51.1217748" lon="12.0404967">
        <ele>167.3</ele>
        <time>2026-10-04T06:09:18Z</time>
        <hdop>9.7</hdop>
        <extensions>
          <osmand:speed>5.9</osmand:speed>
        </extensions>
      </trkpt>
      <trkpt lat="51.1217238" lon="12.0400886">
        <ele>167.9</ele>
        <time>2026-10-04T06:09:23Z</time>
        <hdop>8.7</hdop>
        <extensions>
          <osmand:speed>5.8</osmand:speed>
        </extensions>
      </trkpt>
      <trkpt lat="51.1217954" lon="12.0396622">
        <ele>169.2</ele>
        <time>2026-10-04T06:09:29Z</time>
        <hdop>7.8</hdop>
        <extensions>
          <osmand:speed>5.1</osmand:speed>
        </extensions>
      </trkpt>
      <trkpt lat="51.1218895" lon="12.0394052">
        <ele>170.4</ele>
        <time>2026-10-04T06:09:34Z</time>
        <hdop>9.6</hdop>
        <extensions>
          <osmand:speed>1.9</osmand:speed>
        </extensions>
      </trkpt>
      <trkpt lat="51.122025" lon="12.0390789">
        <ele>172</ele>
        <time>2026-10-04T06:09:40Z</time>
        <hdop>7.9</hdop>
        <extensions>
          <osmand:speed>3.7</osmand:speed>
        </extensions>
      </trkpt>
      <trkpt lat="51.1222195" lon="12.0389545">
        <ele>173.2</ele>
        <time>2026-10-04T06:09:45Z</time>
        <hdop>6.4</hdop>
        <extensions>
          <osmand:speed>3.8</osmand:speed>
        </extensions>
      </trkpt>
      <trkpt lat="51.1225414" lon="12.0388938">
        <ele>172.8</ele>
        <time>2026-10-04T06:09:51Z</time>
        <hdop>7.2</hdop>
        <extensions>
          <osmand:speed>4.4</osmand:speed>
        </extensions>
      </trkpt>
      <trkpt lat="51.1228248" lon="12.0386155">
        <ele>172.2</ele>
        <time>2026-10-04T06:09:56Z</time>
        <hdop>9</hdop>
        <extensions>
          <osmand:speed>6.6</osmand:speed>
        </extensions>
      </trkpt>
      <trkpt lat="51.1229237" lon="12.0380329">
        <ele>171.2</ele>
        <time>2026-10-04T06:10:02Z</time>
        <hdop>8.5</hdop>
        <extensions>
          <osmand:speed>6.6</osmand:speed>
        </extensions>
      </trkpt>
      <trkpt lat="51.1228977" lon="12.0374914">
        <ele>171</ele>
        <time>2026-10-04T06:10:08Z</time>
        <hdop>8.2</hdop>
        <extensions>
          <osmand:speed>6.2</osmand:speed>
        </extensions>
      </trkpt>
      <trkpt lat="51.1228842" lon="12.0369866">
        <ele>171.7</ele>
        <time>2026-10-04T06:10:14Z</time>
        <hdop>8.1</hdop>
        <extensions>
          <osmand:speed>5.9</osmand:speed>
        </extensions>
      </trkpt>
      <trkpt lat="51.1228759" lon="12.0365439">
        <ele>172</ele>
        <time>2026-10-04T06:10:19Z</time>
        <hdop>8.1</hdop>
        <extensions>
          <osmand:speed>5.9</osmand:speed>
        </extensions>
      </trkpt>
      <trkpt lat="51.1228701" lon="12.0361296">
        <ele>173.5</ele>
        <time>2026-10-04T06:10:24Z</time>
        <hdop>8.3</hdop>
        <extensions>
          <osmand:speed>5.6</osmand:speed>
        </extensions>
      </trkpt>
      <trkpt lat="51.1228965" lon="12.0355997">
        <ele>173.5</ele>
        <time>2026-10-04T06:10:30Z</time>
        <hdop>8.2</hdop>
        <extensions>
          <osmand:speed>6.1</osmand:speed>
        </extensions>
      </trkpt>
      <trkpt lat="51.1230096" lon="12.0351816">
        <ele>173.7</ele>
        <time>2026-10-04T06:10:35Z</time>
        <hdop>8.4</hdop>
        <extensions>
          <osmand:speed>6.3</osmand:speed>
        </extensions>
      </trkpt>
      <trkpt lat="51.1232945" lon="12.0347775">
        <ele>172.6</ele>
        <time>2026-10-04T06:10:41Z</time>
        <hdop>8.8</hdop>
        <extensions>
          <osmand:speed>6.8</osmand:speed>
        </extensions>
      </trkpt>
      <trkpt lat="51.1234484" lon="12.0343707">
        <ele>172</ele>
        <time>2026-10-04T06:10:46Z</time>
        <hdop>9.5</hdop>
        <extensions>
          <osmand:speed>6.3</osmand:speed>
        </extensions>
      </trkpt>
      <trkpt lat="51.1233104" lon="12.0337319">
        <ele>172.5</ele>
        <time>2026-10-04T06:10:52Z</time>
        <hdop>10.7</hdop>
        <extensions>
          <osmand:speed>6.5</osmand:speed>
        </extensions>
      </trkpt>
      <trkpt lat="51.1232115" lon="12.0332965">
        <ele>171.9</ele>
        <time>2026-10-04T06:10:57Z</time>
        <hdop>10.5</hdop>
        <extensions>
          <osmand:speed>6.3</osmand:speed>
        </extensions>
      </trkpt>
      <trkpt lat="51.1230316" lon="12.0328031">
        <ele>172.1</ele>
        <time>2026-10-04T06:11:03Z</time>
        <hdop>10.2</hdop>
        <extensions>
          <osmand:speed>6.4</osmand:speed>
        </extensions>
      </trkpt>
      <trkpt lat="51.1228691" lon="12.0323479">
        <ele>171.1</ele>
        <time>2026-10-04T06:11:08Z</time>
        <hdop>10.9</hdop>
        <extensions>
          <osmand:speed>7</osmand:speed>
        </extensions>
      </trkpt>
      <trkpt lat="51.1226879" lon="12.0317874">
        <ele>169.8</ele>
        <time>2026-10-04T06:11:14Z</time>
        <hdop>10.5</hdop>
        <extensions>
          <osmand:speed>7.1</osmand:speed>
        </extensions>
      </trkpt>
      <trkpt lat="51.1224969" lon="12.0312461">
        <ele>169.6</ele>
        <time>2026-10-04T06:11:20Z</time>
        <hdop>10.3</hdop>
        <extensions>
          <osmand:speed>7.3</osmand:speed>
        </extensions>
      </trkpt>
      <trkpt lat="51.1222373" lon="12.0308832">
        <ele>168.5</ele>
        <time>2026-10-04T06:11:25Z</time>
        <hdop>10.3</hdop>
        <extensions>
          <osmand:speed>7</osmand:speed>
        </extensions>
      </trkpt>
      <trkpt lat="51.1218057" lon="12.0309056">
        <ele>168.1</ele>
        <time>2026-10-04T06:11:31Z</time>
        <hdop>9.8</hdop>
        <extensions>
          <osmand:speed>7.6</osmand:speed>
        </extensions>
      </trkpt>
      <trkpt lat="51.1213706" lon="12.0307987">
        <ele>166.9</ele>
        <time>2026-10-04T06:11:37Z</time>
        <hdop>10.2</hdop>
        <extensions>
          <osmand:speed>7.8</osmand:speed>
        </extensions>
      </trkpt>
      <trkpt lat="51.1210389" lon="12.0304188">
        <ele>165.8</ele>
        <time>2026-10-04T06:11:43Z</time>
        <hdop>10.4</hdop>
        <extensions>
          <osmand:speed>7.2</osmand:speed>
        </extensions>
      </trkpt>
      <trkpt lat="51.1208129" lon="12.0300616">
        <ele>166.5</ele>
        <time>2026-10-04T06:11:48Z</time>
        <hdop>9.2</hdop>
        <extensions>
          <osmand:speed>6.7</osmand:speed>
        </extensions>
      </trkpt>
      <trkpt lat="51.1206194" lon="12.0295961">
        <ele>166.5</ele>
        <time>2026-10-04T06:11:54Z</time>
        <hdop>9</hdop>
        <extensions>
          <osmand:speed>6.3</osmand:speed>
        </extensions>
      </trkpt>
      <trkpt lat="51.1204594" lon="12.0292244">
        <ele>167.6</ele>
        <time>2026-10-04T06:11:59Z</time>
        <hdop>8.8</hdop>
        <extensions>
          <osmand:speed>6.3</osmand:speed>
        </extensions>
      </trkpt>
      <trkpt lat="51.1202453" lon="12.0287714">
        <ele>166.5</ele>
        <time>2026-10-04T06:12:05Z</time>
        <hdop>10.1</hdop>
        <extensions>
          <osmand:speed>6.4</osmand:speed>
        </extensions>
      </trkpt>
      <trkpt lat="51.1200918" lon="12.0283723">
        <ele>166.1</ele>
        <time>2026-10-04T06:12:10Z</time>
        <hdop>10.6</hdop>
        <extensions>
          <osmand:speed>6.4</osmand:speed>
        </extensions>
      </trkpt>
      <trkpt lat="51.119994" lon="12.0278045">
        <ele>165.6</ele>
        <time>2026-10-04T06:12:16Z</time>
        <hdop>10.7</hdop>
        <extensions>
          <osmand:speed>6.7</osmand:speed>
        </extensions>
      </trkpt>
      <trkpt lat="51.1199123" lon="12.0272977">
        <ele>165.5</ele>
        <time>2026-10-04T06:12:21Z</time>
        <hdop>10.4</hdop>
        <extensions>
          <osmand:speed>7.3</osmand:speed>
        </extensions>
      </trkpt>
      <trkpt lat="51.1198857" lon="12.026741">
        <ele>165.4</ele>
        <time>2026-10-04T06:12:27Z</time>
        <hdop>10.2</hdop>
        <extensions>
          <osmand:speed>6.4</osmand:speed>
        </extensions>
      </trkpt>
      <trkpt lat="51.1199099" lon="12.0262132">
        <ele>165.6</ele>
        <time>2026-10-04T06:12:33Z</time>
        <hdop>8.7</hdop>
        <extensions>
          <osmand:speed>6.2</osmand:speed>
        </extensions>
      </trkpt>
      <trkpt lat="51.1199482" lon="12.0256963">
        <ele>165.5</ele>
        <time>2026-10-04T06:12:39Z</time>
        <hdop>9.4</hdop>
        <extensions>
          <osmand:speed>5.6</osmand:speed>
        </extensions>
      </trkpt>
      <trkpt lat="51.1199691" lon="12.0253946">
        <ele>166.8</ele>
        <time>2026-10-04T06:12:44Z</time>
        <hdop>9.3</hdop>
        <extensions>
          <osmand:speed>4</osmand:speed>
        </extensions>
      </trkpt>
      <trkpt lat="51.1199786" lon="12.0252779">
        <ele>168.3</ele>
        <time>2026-10-04T06:12:49Z</time>
        <hdop>9.6</hdop>
        <extensions>
          <osmand:speed>0.3</osmand:speed>
        </extensions>
      </trkpt>
      <trkpt lat="51.1198661" lon="12.0249969">
        <ele>167.5</ele>
        <time>2026-10-04T06:12:54Z</time>
        <hdop>7.7</hdop>
        <extensions>
          <osmand:speed>3.1</osmand:speed>
        </extensions>
      </trkpt>
      <trkpt lat="51.1197698" lon="12.0246896">
        <ele>167.8</ele>
        <time>2026-10-04T06:13:00Z</time>
        <hdop>6.1</hdop>
        <extensions>
          <osmand:speed>3.6</osmand:speed>
        </extensions>
      </trkpt>
      <trkpt lat="51.1196089" lon="12.0243778">
        <ele>168.4</ele>
        <time>2026-10-04T06:13:06Z</time>
        <hdop>6.5</hdop>
        <extensions>
          <osmand:speed>3.8</osmand:speed>
        </extensions>
      </trkpt>
      <trkpt lat="51.119264" lon="12.0243085">
        <ele>168.3</ele>
        <time>2026-10-04T06:13:12Z</time>
        <hdop>9.1</hdop>
        <extensions>
          <osmand:speed>5.7</osmand:speed>
        </extensions>
      </trkpt>
      <trkpt lat="51.1189188" lon="12.0244581">
        <ele>168</ele>
        <time>2026-10-04T06:13:18Z</time>
        <hdop>9.4</hdop>
        <extensions>
          <osmand:speed>6</osmand:speed>
        </extensions>
      </trkpt>
      <trkpt lat="51.1186674" lon="12.0246247">
        <ele>167.7</ele>
        <time>2026-10-04T06:13:23Z</time>
        <hdop>9.2</hdop>
        <extensions>
          <osmand:speed>5.9</osmand:speed>
        </extensions>
      </trkpt>
      <trkpt lat="51.1184499" lon="12.0249089">
        <ele>168.1</ele>
        <time>2026-10-04T06:13:28Z</time>
        <hdop>9.4</hdop>
        <extensions>
          <osmand:speed>6.2</osmand:speed>
        </extensions>
      </trkpt>
      <trkpt lat="51.118193" lon="12.0252498">
        <ele>168.3</ele>
        <time>2026-10-04T06:13:34Z</time>
        <hdop>9.8</hdop>
        <extensions>
          <osmand:speed>6.2</osmand:speed>
        </extensions>
      </trkpt>
      <trkpt lat="51.1179289" lon="12.0256036">
        <ele>168</ele>
        <time>2026-10-04T06:13:40Z</time>
        <hdop>9.9</hdop>
        <extensions>
          <osmand:speed>6.3</osmand:speed>
        </extensions>
      </trkpt>
      <trkpt lat="51.1177284" lon="12.0260003">
        <ele>168.7</ele>
        <time>2026-10-04T06:13:45Z</time>
        <hdop>9.6</hdop>
        <extensions>
          <osmand:speed>6.5</osmand:speed>
        </extensions>
      </trkpt>
      <trkpt lat="51.1175542" lon="12.0265166">
        <ele>168.3</ele>
        <time>2026-10-04T06:13:51Z</time>
        <hdop>8.9</hdop>
        <extensions>
          <osmand:speed>6.7</osmand:speed>
        </extensions>
      </trkpt>
      <trkpt lat="51.1173466" lon="12.0270026">
        <ele>168.7</ele>
        <time>2026-10-04T06:13:57Z</time>
        <hdop>10</hdop>
        <extensions>
          <osmand:speed>6.8</osmand:speed>
        </extensions>
      </trkpt>
      <trkpt lat="51.116988" lon="12.027136">
        <ele>168.9</ele>
        <time>2026-10-04T06:14:03Z</time>
        <hdop>9.2</hdop>
        <extensions>
          <osmand:speed>6.3</osmand:speed>
        </extensions>
      </trkpt>
      <trkpt lat="51.1166636" lon="12.0272955">
        <ele>168.9</ele>
        <time>2026-10-04T06:14:09Z</time>
        <hdop>9.1</hdop>
        <extensions>
          <osmand:speed>6.3</osmand:speed>
        </extensions>
      </trkpt>
      <trkpt lat="51.1163998" lon="12.0271702">
        <ele>169.6</ele>
        <time>2026-10-04T06:14:15Z</time>
        <hdop>8.9</hdop>
        <extensions>
          <osmand:speed>4.9</osmand:speed>
        </extensions>
      </trkpt>
      <trkpt lat="51.1165001" lon="12.0266103">
        <ele>169.1</ele>
        <time>2026-10-04T06:14:21Z</time>
        <hdop>8.1</hdop>
        <extensions>
          <osmand:speed>6</osmand:speed>
        </extensions>
      </trkpt>
      <trkpt lat="51.1164924" lon="12.0261278">
        <ele>169.5</ele>
        <time>2026-10-04T06:14:26Z</time>
        <hdop>8.2</hdop>
        <extensions>
          <osmand:speed>6.5</osmand:speed>
        </extensions>
      </trkpt>
      <trkpt lat="51.116465" lon="12.02566">
        <ele>169.2</ele>
        <time>2026-10-04T06:14:31Z</time>
        <hdop>9.6</hdop>
        <extensions>
          <osmand:speed>6.3</osmand:speed>
        </extensions>
      </trkpt>
      <trkpt lat="51.1164568" lon="12.0251389">
        <ele>168.8</ele>
        <time>2026-10-04T06:14:37Z</time>
        <hdop>9.6</hdop>
        <extensions>
          <osmand:speed>6</osmand:speed>
        </extensions>
      </trkpt>
      <trkpt lat="51.1164316" lon="12.0246056">
        <ele>169.6</ele>
        <time>2026-10-04T06:14:43Z</time>
        <hdop>10.7</hdop>
        <extensions>
          <osmand:speed>5.8</osmand:speed>
        </extensions>
      </trkpt>
      <trkpt lat="51.1161999" lon="12.024386">
        <ele>169.6</ele>
        <time>2026-10-04T06:14:48Z</time>
        <hdop>8.9</hdop>
        <extensions>
          <osmand:speed>5.4</osmand:speed>
        </extensions>
      </trkpt>
      <trkpt lat="51.1159931" lon="12.024189">
        <ele>170.7</ele>
        <time>2026-10-04T06:14:53Z</time>
        <hdop>8.4</hdop>
        <extensions>
          <osmand:speed>5.2</osmand:speed>
        </extensions>
      </trkpt>
      <trkpt lat="51.1157461" lon="12.0239423">
        <ele>171.4</ele>
        <time>2026-10-04T06:14:59Z</time>
        <hdop>7.9</hdop>
        <extensions>
          <osmand:speed>5.4</osmand:speed>
        </extensions>
      </trkpt>
      <trkpt lat="51.115546" lon="12.0237435">
        <ele>172</ele>
        <time>2026-10-04T06:15:04Z</time>
        <hdop>7.9</hdop>
        <extensions>
          <osmand:speed>5.2</osmand:speed>
        </extensions>
      </trkpt>
      <trkpt lat="51.1153165" lon="12.0235057">
        <ele>172.8</ele>
        <time>2026-10-04T06:15:10Z</time>
        <hdop>8.7</hdop>
        <extensions>
          <osmand:speed>4.8</osmand:speed>
        </extensions>
      </trkpt>
      <trkpt lat="51.1151642" lon="12.0233829">
        <ele>173.7</ele>
        <time>2026-10-04T06:15:15Z</time>
        <hdop>10</hdop>
        <extensions>
          <osmand:speed>3.1</osmand:speed>
        </extensions>
      </trkpt>
      <trkpt lat="51.1150557" lon="12.0232666">
        <ele>174.9</ele>
        <time>2026-10-04T06:15:20Z</time>
        <hdop>6.6</hdop>
        <extensions>
          <osmand:speed>2.2</osmand:speed>
        </extensions>
      </trkpt>
      <trkpt lat="51.1148703" lon="12.0230595">
        <ele>176.4</ele>
        <time>2026-10-04T06:15:25Z</time>
        <hdop>4.6</hdop>
        <extensions>
          <osmand:speed>3.5</osmand:speed>
        </extensions>
      </trkpt>
      <trkpt lat="51.1147075" lon="12.0228516">
        <ele>177.4</ele>
        <time>2026-10-04T06:15:30Z</time>
        <hdop>5.5</hdop>
        <extensions>
          <osmand:speed>3.5</osmand:speed>
        </extensions>
      </trkpt>
      <trkpt lat="51.1145294" lon="12.0226953">
        <ele>178.2</ele>
        <time>2026-10-04T06:15:36Z</time>
        <hdop>5.5</hdop>
        <extensions>
          <osmand:speed>3.2</osmand:speed>
        </extensions>
      </trkpt>
      <trkpt lat="51.1143771" lon="12.0225761">
        <ele>179.1</ele>
        <time>2026-10-04T06:15:41Z</time>
        <hdop>6.2</hdop>
        <extensions>
          <osmand:speed>3.2</osmand:speed>
        </extensions>
      </trkpt>
      <trkpt lat="51.1142358" lon="12.0224331">
        <ele>179.9</ele>
        <time>2026-10-04T06:15:46Z</time>
        <hdop>7.2</hdop>
        <extensions>
          <osmand:speed>3</osmand:speed>
        </extensions>
      </trkpt>
      <trkpt lat="51.1140888" lon="12.022254">
        <ele>181.6</ele>
        <time>2026-10-04T06:15:51Z</time>
        <hdop>7.2</hdop>
        <extensions>
          <osmand:speed>3.2</osmand:speed>
        </extensions>
      </trkpt>
      <trkpt lat="51.1139442" lon="12.022118">
        <ele>182.5</ele>
        <time>2026-10-04T06:15:56Z</time>
        <hdop>6.5</hdop>
        <extensions>
          <osmand:speed>3</osmand:speed>
        </extensions>
      </trkpt>
      <trkpt lat="51.1137825" lon="12.02198">
        <ele>183.4</ele>
        <time>2026-10-04T06:16:01Z</time>
        <hdop>6.4</hdop>
        <extensions>
          <osmand:speed>3.1</osmand:speed>
        </extensions>
      </trkpt>
      <trkpt lat="51.1136428" lon="12.0218123">
        <ele>184.2</ele>
        <time>2026-10-04T06:16:07Z</time>
        <hdop>6.4</hdop>
        <extensions>
          <osmand:speed>3.2</osmand:speed>
        </extensions>
      </trkpt>
      <trkpt lat="51.1134922" lon="12.0216458">
        <ele>185.5</ele>
        <time>2026-10-04T06:16:12Z</time>
        <hdop>6.5</hdop>
        <extensions>
          <osmand:speed>3.2</osmand:speed>
        </extensions>
      </trkpt>
      <trkpt lat="51.113348" lon="12.0215034">
        <ele>186.6</ele>
        <time>2026-10-04T06:16:17Z</time>
        <hdop>5.8</hdop>
        <extensions>
          <osmand:speed>3.1</osmand:speed>
        </extensions>
      </trkpt>
      <trkpt lat="51.1131853" lon="12.0213326">
        <ele>188</ele>
        <time>2026-10-04T06:16:22Z</time>
        <hdop>5.9</hdop>
        <extensions>
          <osmand:speed>3.4</osmand:speed>
        </extensions>
      </trkpt>
      <trkpt lat="51.1130341" lon="12.0211545">
        <ele>188.9</ele>
        <time>2026-10-04T06:16:27Z</time>
        <hdop>6</hdop>
        <extensions>
          <osmand:speed>3.2</osmand:speed>
        </extensions>
      </trkpt>
      <trkpt lat="51.1128986" lon="12.0209326">
        <ele>190.3</ele>
        <time>2026-10-04T06:16:33Z</time>
        <hdop>6.1</hdop>
        <extensions>
          <osmand:speed>3.4</osmand:speed>
        </extensions>
      </trkpt>
      <trkpt lat="51.1127533" lon="12.0207017">
        <ele>191.4</ele>
        <time>2026-10-04T06:16:38Z</time>
        <hdop>6.5</hdop>
        <extensions>
          <osmand:speed>3.3</osmand:speed>
        </extensions>
      </trkpt>
      <trkpt lat="51.1126221" lon="12.0204423">
        <ele>192.5</ele>
        <time>2026-10-04T06:16:44Z</time>
        <hdop>6.1</hdop>
        <extensions>
          <osmand:speed>3.4</osmand:speed>
        </extensions>
      </trkpt>
      <trkpt lat="51.1125274" lon="12.0201929">
        <ele>193.8</ele>
        <time>2026-10-04T06:16:49Z</time>
        <hdop>6.2</hdop>
        <extensions>
          <osmand:speed>3.4</osmand:speed>
        </extensions>
      </trkpt>
      <trkpt lat="51.112421" lon="12.0199055">
        <ele>194.5</ele>
        <time>2026-10-04T06:16:55Z</time>
        <hdop>5.9</hdop>
        <extensions>
          <osmand:speed>3.2</osmand:speed>
        </extensions>
      </trkpt>
      <trkpt lat="51.1123367" lon="12.0196473">
        <ele>195.6</ele>
        <time>2026-10-04T06:17:00Z</time>
        <hdop>5.9</hdop>
        <extensions>
          <osmand:speed>3.3</osmand:speed>
        </extensions>
      </trkpt>
      <trkpt lat="51.1122685" lon="12.0193856">
        <ele>197.2</ele>
        <time>2026-10-04T06:17:05Z</time>
        <hdop>6.3</hdop>
        <extensions>
          <osmand:speed>3.2</osmand:speed>
        </extensions>
      </trkpt>
      <trkpt lat="51.1121889" lon="12.0191137">
        <ele>198.6</ele>
        <time>2026-10-04T06:17:10Z</time>
        <hdop>6.6</hdop>
        <extensions>
          <osmand:speed>3.1</osmand:speed>
        </extensions>
      </trkpt>
      <trkpt lat="51.1121176" lon="12.0188118">
        <ele>199</ele>
        <time>2026-10-04T06:17:16Z</time>
        <hdop>6.1</hdop>
        <extensions>
          <osmand:speed>3.3</osmand:speed>
        </extensions>
      </trkpt>
      <trkpt lat="51.1120587" lon="12.0185574">
        <ele>200.2</ele>
        <time>2026-10-04T06:17:21Z</time>
        <hdop>5.7</hdop>
        <extensions>
          <osmand:speed>3.2</osmand:speed>
        </extensions>
      </trkpt>
      <trkpt lat="51.1119968" lon="12.0182855">
        <ele>201</ele>
        <time>2026-10-04T06:17:26Z</time>
        <hdop>5.8</hdop>
        <extensions>
          <osmand:speed>3.1</osmand:speed>
        </extensions>
      </trkpt>
      <trkpt lat="51.1119301" lon="12.0180346">
        <ele>202.1</ele>
        <time>2026-10-04T06:17:32Z</time>
        <hdop>6</hdop>
        <extensions>
          <osmand:speed>2.9</osmand:speed>
        </extensions>
      </trkpt>
      <trkpt lat="51.1118456" lon="12.0177889">
        <ele>203</ele>
        <time>2026-10-04T06:17:37Z</time>
        <hdop>6.1</hdop>
        <extensions>
          <osmand:speed>3.1</osmand:speed>
        </extensions>
      </trkpt>
      <trkpt lat="51.1117571" lon="12.0175436">
        <ele>204.3</ele>
        <time>2026-10-04T06:17:42Z</time>
        <hdop>6.1</hdop>
        <extensions>
          <osmand:speed>3</osmand:speed>
        </extensions>
      </trkpt>
      <trkpt lat="51.1116576" lon="12.0173343">
        <ele>205.7</ele>
        <time>2026-10-04T06:17:48Z</time>
        <hdop>5.9</hdop>
        <extensions>
          <osmand:speed>2.8</osmand:speed>
        </extensions>
      </trkpt>
      <trkpt lat="51.1115637" lon="12.0172571">
        <ele>206.2</ele>
        <time>2026-10-04T06:17:53Z</time>
        <hdop>5.3</hdop>
        <extensions>
          <osmand:speed>2.1</osmand:speed>
        </extensions>
      </trkpt>
      <trkpt lat="51.1115411" lon="12.0173259">
        <ele>206.3</ele>
        <time>2026-10-04T06:17:58Z</time>
        <hdop>4.4</hdop>
        <extensions>
          <osmand:speed>0.8</osmand:speed>
        </extensions>
      </trkpt>
      <trkpt lat="51.1115254" lon="12.0173931">
        <ele>206.1</ele>
        <time>2026-10-04T06:18:39Z</time>
        <hdop>5.2</hdop>
        <extensions>
          <osmand:speed>0.3</osmand:speed>
        </extensions>
      </trkpt>
      <trkpt lat="51.1115511" lon="12.0173295">
        <ele>206.3</ele>
        <time>2026-10-04T06:23:59Z</time>
        <hdop>4.8</hdop>
        <extensions>
          <osmand:speed>0.5</osmand:speed>
        </extensions>
      </trkpt>
      <trkpt lat="51.1115559" lon="12.0171638">
        <ele>207</ele>
        <time>2026-10-04T06:24:05Z</time>
        <hdop>4.7</hdop>
        <extensions>
          <osmand:speed>1.5</osmand:speed>
        </extensions>
      </trkpt>
      <trkpt lat="51.1114365" lon="12.0170011">
        <ele>207.4</ele>
        <time>2026-10-04T06:24:10Z</time>
        <hdop>5.3</hdop>
        <extensions>
          <osmand:speed>2.5</osmand:speed>
        </extensions>
      </trkpt>
      <trkpt lat="51.1113351" lon="12.0168464">
        <ele>208.5</ele>
        <time>2026-10-04T06:24:15Z</time>
        <hdop>4.5</hdop>
        <extensions>
          <osmand:speed>2.6</osmand:speed>
        </extensions>
      </trkpt>
      <trkpt lat="51.1112196" lon="12.0166496">
        <ele>208.9</ele>
        <time>2026-10-04T06:24:21Z</time>
        <hdop>5.2</hdop>
        <extensions>
          <osmand:speed>2.6</osmand:speed>
        </extensions>
      </trkpt>
      <trkpt lat="51.1111138" lon="12.0164701">
        <ele>210</ele>
        <time>2026-10-04T06:24:26Z</time>
        <hdop>4.9</hdop>
        <extensions>
          <osmand:speed>2.9</osmand:speed>
        </extensions>
      </trkpt>
      <trkpt lat="51.1109976" lon="12.0163">
        <ele>210.6</ele>
        <time>2026-10-04T06:24:31Z</time>
        <hdop>5</hdop>
        <extensions>
          <osmand:speed>3</osmand:speed>
        </extensions>
      </trkpt>
      <trkpt lat="51.1108812" lon="12.0161336">
        <ele>211.5</ele>
        <time>2026-10-04T06:24:36Z</time>
        <hdop>4.9</hdop>
        <extensions>
          <osmand:speed>3.1</osmand:speed>
        </extensions>
      </trkpt>
      <trkpt lat="51.1107582" lon="12.0159431">
        <ele>211.9</ele>
        <time>2026-10-04T06:24:41Z</time>
        <hdop>4.7</hdop>
        <extensions>
          <osmand:speed>3.3</osmand:speed>
        </extensions>
      </trkpt>
      <trkpt lat="51.1106163" lon="12.0157501">
        <ele>213.4</ele>
        <time>2026-10-04T06:24:46Z</time>
        <hdop>4.8</hdop>
        <extensions>
          <osmand:speed>3.4</osmand:speed>
        </extensions>
      </trkpt>
      <trkpt lat="51.110489" lon="12.0155499">
        <ele>214.2</ele>
        <time>2026-10-04T06:24:52Z</time>
        <hdop>4.6</hdop>
        <extensions>
          <osmand:speed>3.3</osmand:speed>
        </extensions>
      </trkpt>
      <trkpt lat="51.1103568" lon="12.0153723">
        <ele>214.5</ele>
        <time>2026-10-04T06:24:57Z</time>
        <hdop>4.7</hdop>
        <extensions>
          <osmand:speed>3.4</osmand:speed>
        </extensions>
      </trkpt>
      <trkpt lat="51.1102124" lon="12.0152059">
        <ele>215.9</ele>
        <time>2026-10-04T06:25:02Z</time>
        <hdop>5</hdop>
        <extensions>
          <osmand:speed>3.5</osmand:speed>
        </extensions>
      </trkpt>
      <trkpt lat="51.1100643" lon="12.0150379">
        <ele>216.4</ele>
        <time>2026-10-04T06:25:07Z</time>
        <hdop>4.9</hdop>
        <extensions>
          <osmand:speed>3.4</osmand:speed>
        </extensions>
      </trkpt>
      <trkpt lat="51.1099047" lon="12.0148645">
        <ele>217.1</ele>
        <time>2026-10-04T06:25:13Z</time>
        <hdop>4.8</hdop>
        <extensions>
          <osmand:speed>3.5</osmand:speed>
        </extensions>
      </trkpt>
      <trkpt lat="51.1097564" lon="12.0147091">
        <ele>217.8</ele>
        <time>2026-10-04T06:25:18Z</time>
        <hdop>5.2</hdop>
        <extensions>
          <osmand:speed>3.3</osmand:speed>
        </extensions>
      </trkpt>
      <trkpt lat="51.1096041" lon="12.0145538">
        <ele>218.8</ele>
        <time>2026-10-04T06:25:23Z</time>
        <hdop>4.7</hdop>
        <extensions>
          <osmand:speed>3.4</osmand:speed>
        </extensions>
      </trkpt>
      <trkpt lat="51.1094515" lon="12.01439">
        <ele>219.2</ele>
        <time>2026-10-04T06:25:28Z</time>
        <hdop>4.6</hdop>
        <extensions>
          <osmand:speed>3.5</osmand:speed>
        </extensions>
      </trkpt>
      <trkpt lat="51.1092859" lon="12.0142071">
        <ele>220.4</ele>
        <time>2026-10-04T06:25:34Z</time>
        <hdop>4.7</hdop>
        <extensions>
          <osmand:speed>3.4</osmand:speed>
        </extensions>
      </trkpt>
      <trkpt lat="51.1091363" lon="12.0140467">
        <ele>220.8</ele>
        <time>2026-10-04T06:25:39Z</time>
        <hdop>4.7</hdop>
        <extensions>
          <osmand:speed>3.5</osmand:speed>
        </extensions>
      </trkpt>
      <trkpt lat="51.1089962" lon="12.0138886">
        <ele>222.2</ele>
        <time>2026-10-04T06:25:44Z</time>
        <hdop>4.6</hdop>
        <extensions>
          <osmand:speed>3.4</osmand:speed>
        </extensions>
      </trkpt>
      <trkpt lat="51.1088373" lon="12.0136784">
        <ele>223</ele>
        <time>2026-10-04T06:25:50Z</time>
        <hdop>4.8</hdop>
        <extensions>
          <osmand:speed>3.5</osmand:speed>
        </extensions>
      </trkpt>
      <trkpt lat="51.1087066" lon="12.0134717">
        <ele>223.5</ele>
        <time>2026-10-04T06:25:55Z</time>
        <hdop>4.7</hdop>
        <extensions>
          <osmand:speed>3.4</osmand:speed>
        </extensions>
      </trkpt>
      <trkpt lat="51.1085789" lon="12.0132177">
        <ele>224.7</ele>
        <time>2026-10-04T06:26:00Z</time>
        <hdop>4.5</hdop>
        <extensions>
          <osmand:speed>3.6</osmand:speed>
        </extensions>
      </trkpt>
      <trkpt lat="51.1084615" lon="12.0129634">
        <ele>224.9</ele>
        <time>2026-10-04T06:26:06Z</time>
        <hdop>4.7</hdop>
        <extensions>
          <osmand:speed>3.8</osmand:speed>
        </extensions>
      </trkpt>
      <trkpt lat="51.1083384" lon="12.0127016">
        <ele>226.2</ele>
        <time>2026-10-04T06:26:11Z</time>
        <hdop>4.5</hdop>
        <extensions>
          <osmand:speed>3.8</osmand:speed>
        </extensions>
      </trkpt>
      <trkpt lat="51.1082135" lon="12.0124074">
        <ele>226.4</ele>
        <time>2026-10-04T06:26:16Z</time>
        <hdop>4.6</hdop>
        <extensions>
          <osmand:speed>3.9</osmand:speed>
        </extensions>
      </trkpt>
      <trkpt lat="51.1080642" lon="12.0120865">
        <ele>226.9</ele>
        <time>2026-10-04T06:26:22Z</time>
        <hdop>5</hdop>
        <extensions>
          <osmand:speed>4.4</osmand:speed>
        </extensions>
      </trkpt>
      <trkpt lat="51.1079047" lon="12.0117196">
        <ele>227.3</ele>
        <time>2026-10-04T06:26:28Z</time>
        <hdop>6.1</hdop>
        <extensions>
          <osmand:speed>5</osmand:speed>
        </extensions>
      </trkpt>
      <trkpt lat="51.1077362" lon="12.0113436">
        <ele>227.6</ele>
        <time>2026-10-04T06:26:34Z</time>
        <hdop>6.3</hdop>
        <extensions>
          <osmand:speed>5.3</osmand:speed>
        </extensions>
      </trkpt>
      <trkpt lat="51.1075976" lon="12.0110247">
        <ele>228.2</ele>
        <time>2026-10-04T06:26:39Z</time>
        <hdop>6.4</hdop>
        <extensions>
          <osmand:speed>5.4</osmand:speed>
        </extensions>
      </trkpt>
      <trkpt lat="51.1074366" lon="12.0106426">
        <ele>228.7</ele>
        <time>2026-10-04T06:26:45Z</time>
        <hdop>6.4</hdop>
        <extensions>
          <osmand:speed>5.5</osmand:speed>
        </extensions>
      </trkpt>
      <trkpt lat="51.1073049" lon="12.0103088">
        <ele>229.5</ele>
        <time>2026-10-04T06:26:50Z</time>
        <hdop>6.1</hdop>
        <extensions>
          <osmand:speed>5.6</osmand:speed>
        </extensions>
      </trkpt>
      <trkpt lat="51.107149" lon="12.0099142">
        <ele>229.7</ele>
        <time>2026-10-04T06:26:56Z</time>
        <hdop>6.2</hdop>
        <extensions>
          <osmand:speed>5.5</osmand:speed>
        </extensions>
      </trkpt>
      <trkpt lat="51.1070226" lon="12.0095771">
        <ele>230.1</ele>
        <time>2026-10-04T06:27:01Z</time>
        <hdop>6.4</hdop>
        <extensions>
          <osmand:speed>5.4</osmand:speed>
        </extensions>
      </trkpt>
      <trkpt lat="51.1068704" lon="12.0091786">
        <ele>230.4</ele>
        <time>2026-10-04T06:27:07Z</time>
        <hdop>6.2</hdop>
        <extensions>
          <osmand:speed>5.5</osmand:speed>
        </extensions>
      </trkpt>
      <trkpt lat="51.1067207" lon="12.0087827">
        <ele>231.1</ele>
        <time>2026-10-04T06:27:13Z</time>
        <hdop>6.4</hdop>
        <extensions>
          <osmand:speed>5.2</osmand:speed>
        </extensions>
      </trkpt>
      <trkpt lat="51.1066022" lon="12.0084681">
        <ele>231.2</ele>
        <time>2026-10-04T06:27:18Z</time>
        <hdop>6.3</hdop>
        <extensions>
          <osmand:speed>5.2</osmand:speed>
        </extensions>
      </trkpt>
      <trkpt lat="51.106463" lon="12.0081371">
        <ele>231.2</ele>
        <time>2026-10-04T06:27:23Z</time>
        <hdop>6.6</hdop>
        <extensions>
          <osmand:speed>5.3</osmand:speed>
        </extensions>
      </trkpt>
      <trkpt lat="51.1062923" lon="12.0077761">
        <ele>232.1</ele>
        <time>2026-10-04T06:27:29Z</time>
        <hdop>6.7</hdop>
        <extensions>
          <osmand:speed>5.3</osmand:speed>
        </extensions>
      </trkpt>
      <trkpt lat="51.1061364" lon="12.0074873">
        <ele>232.1</ele>
        <time>2026-10-04T06:27:34Z</time>
        <hdop>6.5</hdop>
        <extensions>
          <osmand:speed>5.3</osmand:speed>
        </extensions>
      </trkpt>
      <trkpt lat="51.1059792" lon="12.0071862">
        <ele>232.9</ele>
        <time>2026-10-04T06:27:39Z</time>
        <hdop>6.5</hdop>
        <extensions>
          <osmand:speed>5.3</osmand:speed>
        </extensions>
      </trkpt>
      <trkpt lat="51.1057939" lon="12.0068201">
        <ele>233.5</ele>
        <time>2026-10-04T06:27:45Z</time>
        <hdop>6.2</hdop>
        <extensions>
          <osmand:speed>5.4</osmand:speed>
        </extensions>
      </trkpt>
      <trkpt lat="51.1056316" lon="12.0064217">
        <ele>233.6</ele>
        <time>2026-10-04T06:27:51Z</time>
        <hdop>6.3</hdop>
        <extensions>
          <osmand:speed>5.5</osmand:speed>
        </extensions>
      </trkpt>
      <trkpt lat="51.1055068" lon="12.0060739">
        <ele>233.9</ele>
        <time>2026-10-04T06:27:56Z</time>
        <hdop>6.4</hdop>
        <extensions>
          <osmand:speed>5.5</osmand:speed>
        </extensions>
      </trkpt>
      <trkpt lat="51.1053834" lon="12.0056486">
        <ele>234.3</ele>
        <time>2026-10-04T06:28:02Z</time>
        <hdop>6</hdop>
        <extensions>
          <osmand:speed>5.3</osmand:speed>
        </extensions>
      </trkpt>
      <trkpt lat="51.1052861" lon="12.0052894">
        <ele>235</ele>
        <time>2026-10-04T06:28:07Z</time>
        <hdop>6</hdop>
        <extensions>
          <osmand:speed>5.5</osmand:speed>
        </extensions>
      </trkpt>
      <trkpt lat="51.1051712" lon="12.0048556">
        <ele>235.1</ele>
        <time>2026-10-04T06:28:13Z</time>
        <hdop>6.2</hdop>
        <extensions>
          <osmand:speed>5.5</osmand:speed>
        </extensions>
      </trkpt>
      <trkpt lat="51.1050522" lon="12.0044126">
        <ele>235.6</ele>
        <time>2026-10-04T06:28:19Z</time>
        <hdop>6.6</hdop>
        <extensions>
          <osmand:speed>5.4</osmand:speed>
        </extensions>
      </trkpt>
      <trkpt lat="51.1049498" lon="12.0040393">
        <ele>235.9</ele>
        <time>2026-10-04T06:28:24Z</time>
        <hdop>6.5</hdop>
        <extensions>
          <osmand:speed>5.5</osmand:speed>
        </extensions>
      </trkpt>
      <trkpt lat="51.1048264" lon="12.0035967">
        <ele>235.9</ele>
        <time>2026-10-04T06:28:30Z</time>
        <hdop>6.1</hdop>
        <extensions>
          <osmand:speed>5.6</osmand:speed>
        </extensions>
      </trkpt>
      <trkpt lat="51.1047311" lon="12.0032246">
        <ele>236.1</ele>
        <time>2026-10-04T06:28:35Z</time>
        <hdop>6.2</hdop>
        <extensions>
          <osmand:speed>5.5</osmand:speed>
        </extensions>
      </trkpt>
      <trkpt lat="51.1046113" lon="12.0027975">
        <ele>236.8</ele>
        <time>2026-10-04T06:28:41Z</time>
        <hdop>6.2</hdop>
        <extensions>
          <osmand:speed>5.5</osmand:speed>
        </extensions>
      </trkpt>
      <trkpt lat="51.1045184" lon="12.0024182">
        <ele>237.3</ele>
        <time>2026-10-04T06:28:46Z</time>
        <hdop>6</hdop>
        <extensions>
          <osmand:speed>5.4</osmand:speed>
        </extensions>
      </trkpt>
      <trkpt lat="51.1044297" lon="12.0020567">
        <ele>237.1</ele>
        <time>2026-10-04T06:28:51Z</time>
        <hdop>6</hdop>
        <extensions>
          <osmand:speed>5.3</osmand:speed>
        </extensions>
      </trkpt>
      <trkpt lat="51.1043142" lon="12.0016317">
        <ele>238.1</ele>
        <time>2026-10-04T06:28:57Z</time>
        <hdop>5.8</hdop>
        <extensions>
          <osmand:speed>5.3</osmand:speed>
        </extensions>
      </trkpt>
      <trkpt lat="51.1041983" lon="12.0012099">
        <ele>237.9</ele>
        <time>2026-10-04T06:29:03Z</time>
        <hdop>5.9</hdop>
        <extensions>
          <osmand:speed>5.3</osmand:speed>
        </extensions>
      </trkpt>
      <trkpt lat="51.1040793" lon="12.0007827">
        <ele>239</ele>
        <time>2026-10-04T06:29:09Z</time>
        <hdop>6.1</hdop>
        <extensions>
          <osmand:speed>5.4</osmand:speed>
        </extensions>
      </trkpt>
      <trkpt lat="51.1039592" lon="12.000359">
        <ele>239.6</ele>
        <time>2026-10-04T06:29:15Z</time>
        <hdop>6.1</hdop>
        <extensions>
          <osmand:speed>5.4</osmand:speed>
        </extensions>
      </trkpt>
      <trkpt lat="51.103862" lon="11.999997">
        <ele>239.5</ele>
        <time>2026-10-04T06:29:20Z</time>
        <hdop>6</hdop>
        <extensions>
          <osmand:speed>5.5</osmand:speed>
        </extensions>
      </trkpt>
      <trkpt lat="51.1037446" lon="11.9995577">
        <ele>239.8</ele>
        <time>2026-10-04T06:29:26Z</time>
        <hdop>6.2</hdop>
        <extensions>
          <osmand:speed>5.6</osmand:speed>
        </extensions>
      </trkpt>
      <trkpt lat="51.1036216" lon="11.9990957">
        <ele>239.9</ele>
        <time>2026-10-04T06:29:32Z</time>
        <hdop>6.4</hdop>
        <extensions>
          <osmand:speed>5.8</osmand:speed>
        </extensions>
      </trkpt>
      <trkpt lat="51.1035167" lon="11.9987071">
        <ele>240.5</ele>
        <time>2026-10-04T06:29:37Z</time>
        <hdop>6.6</hdop>
        <extensions>
          <osmand:speed>5.9</osmand:speed>
        </extensions>
      </trkpt>
      <trkpt lat="51.103395" lon="11.9982403">
        <ele>241</ele>
        <time>2026-10-04T06:29:43Z</time>
        <hdop>6.8</hdop>
        <extensions>
          <osmand:speed>5.8</osmand:speed>
        </extensions>
      </trkpt>
      <trkpt lat="51.1032917" lon="11.9978433">
        <ele>241.5</ele>
        <time>2026-10-04T06:29:48Z</time>
        <hdop>7</hdop>
        <extensions>
          <osmand:speed>6</osmand:speed>
        </extensions>
      </trkpt>
      <trkpt lat="51.1031809" lon="11.997455">
        <ele>241.9</ele>
        <time>2026-10-04T06:29:53Z</time>
        <hdop>6.6</hdop>
        <extensions>
          <osmand:speed>6</osmand:speed>
        </extensions>
      </trkpt>
      <trkpt lat="51.103071" lon="11.9970606">
        <ele>240.8</ele>
        <time>2026-10-04T06:29:58Z</time>
        <hdop>6.4</hdop>
        <extensions>
          <osmand:speed>5.9</osmand:speed>
        </extensions>
      </trkpt>
      <trkpt lat="51.1029593" lon="11.9966605">
        <ele>240.9</ele>
        <time>2026-10-04T06:30:03Z</time>
        <hdop>6.6</hdop>
        <extensions>
          <osmand:speed>6</osmand:speed>
        </extensions>
      </trkpt>
      <trkpt lat="51.102824" lon="11.9961642">
        <ele>241.4</ele>
        <time>2026-10-04T06:30:09Z</time>
        <hdop>6.3</hdop>
        <extensions>
          <osmand:speed>6.3</osmand:speed>
        </extensions>
      </trkpt>
      <trkpt lat="51.1026871" lon="11.9956375">
        <ele>241.2</ele>
        <time>2026-10-04T06:30:15Z</time>
        <hdop>6.7</hdop>
        <extensions>
          <osmand:speed>6.7</osmand:speed>
        </extensions>
      </trkpt>
      <trkpt lat="51.102573" lon="11.9951879">
        <ele>241</ele>
        <time>2026-10-04T06:30:20Z</time>
        <hdop>6.8</hdop>
        <extensions>
          <osmand:speed>6.7</osmand:speed>
        </extensions>
      </trkpt>
      <trkpt lat="51.1024478" lon="11.9946249">
        <ele>240.5</ele>
        <time>2026-10-04T06:30:26Z</time>
        <hdop>6.2</hdop>
        <extensions>
          <osmand:speed>6.9</osmand:speed>
        </extensions>
      </trkpt>
      <trkpt lat="51.1023515" lon="11.9940478">
        <ele>240.7</ele>
        <time>2026-10-04T06:30:32Z</time>
        <hdop>6.3</hdop>
        <extensions>
          <osmand:speed>7</osmand:speed>
        </extensions>
      </trkpt>
      <trkpt lat="51.1022794" lon="11.9935869">
        <ele>240.3</ele>
        <time>2026-10-04T06:30:37Z</time>
        <hdop>6.2</hdop>
        <extensions>
          <osmand:speed>6.7</osmand:speed>
        </extensions>
      </trkpt>
      <trkpt lat="51.1022009" lon="11.9931091">
        <ele>239.8</ele>
        <time>2026-10-04T06:30:42Z</time>
        <hdop>6.2</hdop>
        <extensions>
          <osmand:speed>6.9</osmand:speed>
        </extensions>
      </trkpt>
      <trkpt lat="51.1021143" lon="11.9925348">
        <ele>239.8</ele>
        <time>2026-10-04T06:30:48Z</time>
        <hdop>6.4</hdop>
        <extensions>
          <osmand:speed>6.8</osmand:speed>
        </extensions>
      </trkpt>
      <trkpt lat="51.1020281" lon="11.9919537">
        <ele>239.6</ele>
        <time>2026-10-04T06:30:54Z</time>
        <hdop>6.5</hdop>
        <extensions>
          <osmand:speed>7.1</osmand:speed>
        </extensions>
      </trkpt>
      <trkpt lat="51.1019557" lon="11.9914561">
        <ele>239.3</ele>
        <time>2026-10-04T06:30:59Z</time>
        <hdop>6.3</hdop>
        <extensions>
          <osmand:speed>7.1</osmand:speed>
        </extensions>
      </trkpt>
      <trkpt lat="51.1018593" lon="11.9908649">
        <ele>239.8</ele>
        <time>2026-10-04T06:31:05Z</time>
        <hdop>6.7</hdop>
        <extensions>
          <osmand:speed>7</osmand:speed>
        </extensions>
      </trkpt>
      <trkpt lat="51.1017482" lon="11.9902632">
        <ele>239.3</ele>
        <time>2026-10-04T06:31:11Z</time>
        <hdop>6.5</hdop>
        <extensions>
          <osmand:speed>7.1</osmand:speed>
        </extensions>
      </trkpt>
      <trkpt lat="51.1015865" lon="11.9897075">
        <ele>238.5</ele>
        <time>2026-10-04T06:31:17Z</time>
        <hdop>6.7</hdop>
        <extensions>
          <osmand:speed>7.2</osmand:speed>
        </extensions>
      </trkpt>
      <trkpt lat="51.1014064" lon="11.9891665">
        <ele>238</ele>
        <time>2026-10-04T06:31:23Z</time>
        <hdop>6.8</hdop>
        <extensions>
          <osmand:speed>7.2</osmand:speed>
        </extensions>
      </trkpt>
      <trkpt lat="51.1012331" lon="11.9886192">
        <ele>237.8</ele>
        <time>2026-10-04T06:31:29Z</time>
        <hdop>6.7</hdop>
        <extensions>
          <osmand:speed>7.1</osmand:speed>
        </extensions>
      </trkpt>
      <trkpt lat="51.1010692" lon="11.988088">
        <ele>238.2</ele>
        <time>2026-10-04T06:31:35Z</time>
        <hdop>6.8</hdop>
        <extensions>
          <osmand:speed>6.9</osmand:speed>
        </extensions>
      </trkpt>
      <trkpt lat="51.1009093" lon="11.9875913">
        <ele>238.3</ele>
        <time>2026-10-04T06:31:41Z</time>
        <hdop>6.6</hdop>
        <extensions>
          <osmand:speed>6.6</osmand:speed>
        </extensions>
      </trkpt>
      <trkpt lat="51.1007751" lon="11.9871763">
        <ele>238.2</ele>
        <time>2026-10-04T06:31:46Z</time>
        <hdop>6.7</hdop>
        <extensions>
          <osmand:speed>6.4</osmand:speed>
        </extensions>
      </trkpt>
      <trkpt lat="51.1006223" lon="11.986692">
        <ele>238.9</ele>
        <time>2026-10-04T06:31:52Z</time>
        <hdop>6.7</hdop>
        <extensions>
          <osmand:speed>6.3</osmand:speed>
        </extensions>
      </trkpt>
      <trkpt lat="51.1004674" lon="11.9862014">
        <ele>238.7</ele>
        <time>2026-10-04T06:31:58Z</time>
        <hdop>6.7</hdop>
        <extensions>
          <osmand:speed>6.3</osmand:speed>
        </extensions>
      </trkpt>
      <trkpt lat="51.1003134" lon="11.9857227">
        <ele>238.8</ele>
        <time>2026-10-04T06:32:04Z</time>
        <hdop>6.8</hdop>
        <extensions>
          <osmand:speed>6.3</osmand:speed>
        </extensions>
      </trkpt>
      <trkpt lat="51.1001812" lon="11.9853169">
        <ele>238.9</ele>
        <time>2026-10-04T06:32:09Z</time>
        <hdop>6.8</hdop>
        <extensions>
          <osmand:speed>6.3</osmand:speed>
        </extensions>
      </trkpt>
      <trkpt lat="51.1000577" lon="11.9849171">
        <ele>238.9</ele>
        <time>2026-10-04T06:32:14Z</time>
        <hdop>6.8</hdop>
        <extensions>
          <osmand:speed>6.1</osmand:speed>
        </extensions>
      </trkpt>
      <trkpt lat="51.099936" lon="11.9845296">
        <ele>239.3</ele>
        <time>2026-10-04T06:32:19Z</time>
        <hdop>6.9</hdop>
        <extensions>
          <osmand:speed>6.1</osmand:speed>
        </extensions>
      </trkpt>
      <trkpt lat="51.0997842" lon="11.98405">
        <ele>238.9</ele>
        <time>2026-10-04T06:32:25Z</time>
        <hdop>6.5</hdop>
        <extensions>
          <osmand:speed>6.2</osmand:speed>
        </extensions>
      </trkpt>
      <trkpt lat="51.09963" lon="11.9835832">
        <ele>239.4</ele>
        <time>2026-10-04T06:32:31Z</time>
        <hdop>6.6</hdop>
        <extensions>
          <osmand:speed>6.2</osmand:speed>
        </extensions>
      </trkpt>
      <trkpt lat="51.0995047" lon="11.983184">
        <ele>239.8</ele>
        <time>2026-10-04T06:32:36Z</time>
        <hdop>6.7</hdop>
        <extensions>
          <osmand:speed>6.2</osmand:speed>
        </extensions>
      </trkpt>
      <trkpt lat="51.0993543" lon="11.9827108">
        <ele>240.2</ele>
        <time>2026-10-04T06:32:42Z</time>
        <hdop>7</hdop>
        <extensions>
          <osmand:speed>6.2</osmand:speed>
        </extensions>
      </trkpt>
      <trkpt lat="51.0992327" lon="11.9823254">
        <ele>240.6</ele>
        <time>2026-10-04T06:32:47Z</time>
        <hdop>6.8</hdop>
        <extensions>
          <osmand:speed>6</osmand:speed>
        </extensions>
      </trkpt>
      <trkpt lat="51.0990782" lon="11.9818523">
        <ele>240.5</ele>
        <time>2026-10-04T06:32:53Z</time>
        <hdop>6.8</hdop>
        <extensions>
          <osmand:speed>6</osmand:speed>
        </extensions>
      </trkpt>
      <trkpt lat="51.0989361" lon="11.9813863">
        <ele>241.1</ele>
        <time>2026-10-04T06:32:59Z</time>
        <hdop>6.7</hdop>
        <extensions>
          <osmand:speed>6.1</osmand:speed>
        </extensions>
      </trkpt>
      <trkpt lat="51.0987988" lon="11.9809844">
        <ele>241.1</ele>
        <time>2026-10-04T06:33:04Z</time>
        <hdop>6.9</hdop>
        <extensions>
          <osmand:speed>6.3</osmand:speed>
        </extensions>
      </trkpt>
      <trkpt lat="51.0986745" lon="11.9805797">
        <ele>241.8</ele>
        <time>2026-10-04T06:33:09Z</time>
        <hdop>6.8</hdop>
        <extensions>
          <osmand:speed>6.3</osmand:speed>
        </extensions>
      </trkpt>
      <trkpt lat="51.0985416" lon="11.980158">
        <ele>242.4</ele>
        <time>2026-10-04T06:33:14Z</time>
        <hdop>6.8</hdop>
        <extensions>
          <osmand:speed>6.6</osmand:speed>
        </extensions>
      </trkpt>
      <trkpt lat="51.0984038" lon="11.9797346">
        <ele>242</ele>
        <time>2026-10-04T06:33:19Z</time>
        <hdop>6.7</hdop>
        <extensions>
          <osmand:speed>6.6</osmand:speed>
        </extensions>
      </trkpt>
      <trkpt lat="51.0982714" lon="11.9793095">
        <ele>242</ele>
        <time>2026-10-04T06:33:24Z</time>
        <hdop>6.6</hdop>
        <extensions>
          <osmand:speed>6.6</osmand:speed>
        </extensions>
      </trkpt>
      <trkpt lat="51.0981166" lon="11.978828">
        <ele>242.6</ele>
        <time>2026-10-04T06:33:30Z</time>
        <hdop>6.5</hdop>
        <extensions>
          <osmand:speed>6.3</osmand:speed>
        </extensions>
      </trkpt>
      <trkpt lat="51.0979657" lon="11.9783408">
        <ele>243.3</ele>
        <time>2026-10-04T06:33:36Z</time>
        <hdop>6.8</hdop>
        <extensions>
          <osmand:speed>6.2</osmand:speed>
        </extensions>
      </trkpt>
      <trkpt lat="51.0978106" lon="11.9778627">
        <ele>243.4</ele>
        <time>2026-10-04T06:33:42Z</time>
        <hdop>6.7</hdop>
        <extensions>
          <osmand:speed>6.1</osmand:speed>
        </extensions>
      </trkpt>
      <trkpt lat="51.0976646" lon="11.9774062">
        <ele>244.1</ele>
        <time>2026-10-04T06:33:48Z</time>
        <hdop>6.6</hdop>
        <extensions>
          <osmand:speed>5.9</osmand:speed>
        </extensions>
      </trkpt>
      <trkpt lat="51.0975408" lon="11.9770193">
        <ele>244</ele>
        <time>2026-10-04T06:33:53Z</time>
        <hdop>6.3</hdop>
        <extensions>
          <osmand:speed>6</osmand:speed>
        </extensions>
      </trkpt>
      <trkpt lat="51.0974145" lon="11.9766275">
        <ele>244.3</ele>
        <time>2026-10-04T06:33:58Z</time>
        <hdop>6.5</hdop>
        <extensions>
          <osmand:speed>6.1</osmand:speed>
        </extensions>
      </trkpt>
      <trkpt lat="51.0972621" lon="11.9761599">
        <ele>244.8</ele>
        <time>2026-10-04T06:34:04Z</time>
        <hdop>6.5</hdop>
        <extensions>
          <osmand:speed>6.1</osmand:speed>
        </extensions>
      </trkpt>
      <trkpt lat="51.0971378" lon="11.9757681">
        <ele>244.7</ele>
        <time>2026-10-04T06:34:09Z</time>
        <hdop>6.5</hdop>
        <extensions>
          <osmand:speed>6.2</osmand:speed>
        </extensions>
      </trkpt>
      <trkpt lat="51.0970098" lon="11.9753689">
        <ele>245.5</ele>
        <time>2026-10-04T06:34:14Z</time>
        <hdop>6.4</hdop>
        <extensions>
          <osmand:speed>6.1</osmand:speed>
        </extensions>
      </trkpt>
      <trkpt lat="51.096857" lon="11.974887">
        <ele>245.3</ele>
        <time>2026-10-04T06:34:20Z</time>
        <hdop>6.4</hdop>
        <extensions>
          <osmand:speed>6.3</osmand:speed>
        </extensions>
      </trkpt>
      <trkpt lat="51.0967289" lon="11.9744792">
        <ele>245.6</ele>
        <time>2026-10-04T06:34:25Z</time>
        <hdop>6.6</hdop>
        <extensions>
          <osmand:speed>6.3</osmand:speed>
        </extensions>
      </trkpt>
      <trkpt lat="51.0965849" lon="11.9739953">
        <ele>245.6</ele>
        <time>2026-10-04T06:34:31Z</time>
        <hdop>6.6</hdop>
        <extensions>
          <osmand:speed>6.2</osmand:speed>
        </extensions>
      </trkpt>
      <trkpt lat="51.0964445" lon="11.9735018">
        <ele>245.5</ele>
        <time>2026-10-04T06:34:37Z</time>
        <hdop>6.7</hdop>
        <extensions>
          <osmand:speed>6.3</osmand:speed>
        </extensions>
      </trkpt>
      <trkpt lat="51.0963181" lon="11.9731089">
        <ele>246.4</ele>
        <time>2026-10-04T06:34:42Z</time>
        <hdop>6.9</hdop>
        <extensions>
          <osmand:speed>6</osmand:speed>
        </extensions>
      </trkpt>
      <trkpt lat="51.0961963" lon="11.9726822">
        <ele>246.3</ele>
        <time>2026-10-04T06:34:48Z</time>
        <hdop>7</hdop>
        <extensions>
          <osmand:speed>5.2</osmand:speed>
        </extensions>
      </trkpt>
      <trkpt lat="51.0960592" lon="11.9724845">
        <ele>246</ele>
        <time>2026-10-04T06:34:53Z</time>
        <hdop>6.8</hdop>
        <extensions>
          <osmand:speed>4.2</osmand:speed>
        </extensions>
      </trkpt>
      <trkpt lat="51.0957419" lon="11.9727139">
        <ele>245.6</ele>
        <time>2026-10-04T06:34:59Z</time>
        <hdop>6.3</hdop>
        <extensions>
          <osmand:speed>6</osmand:speed>
        </extensions>
      </trkpt>
      <trkpt lat="51.0954145" lon="11.9727912">
        <ele>245.4</ele>
        <time>2026-10-04T06:35:05Z</time>
        <hdop>7.1</hdop>
        <extensions>
          <osmand:speed>6.2</osmand:speed>
        </extensions>
      </trkpt>
      <trkpt lat="51.0950623" lon="11.9726792">
        <ele>244.9</ele>
        <time>2026-10-04T06:35:11Z</time>
        <hdop>7.1</hdop>
        <extensions>
          <osmand:speed>6.4</osmand:speed>
        </extensions>
      </trkpt>
      <trkpt lat="51.0946992" lon="11.9725604">
        <ele>244.7</ele>
        <time>2026-10-04T06:35:17Z</time>
        <hdop>7.4</hdop>
        <extensions>
          <osmand:speed>6.7</osmand:speed>
        </extensions>
      </trkpt>
      <trkpt lat="51.0944121" lon="11.9724829">
        <ele>244.3</ele>
        <time>2026-10-04T06:35:22Z</time>
        <hdop>7.2</hdop>
        <extensions>
          <osmand:speed>6.5</osmand:speed>
        </extensions>
      </trkpt>
      <trkpt lat="51.0940575" lon="11.972396">
        <ele>243.8</ele>
        <time>2026-10-04T06:35:28Z</time>
        <hdop>7.1</hdop>
        <extensions>
          <osmand:speed>6.6</osmand:speed>
        </extensions>
      </trkpt>
      <trkpt lat="51.0937554" lon="11.9722381">
        <ele>243.6</ele>
        <time>2026-10-04T06:35:33Z</time>
        <hdop>7.3</hdop>
        <extensions>
          <osmand:speed>6.9</osmand:speed>
        </extensions>
      </trkpt>
      <trkpt lat="51.0935478" lon="11.9719177">
        <ele>243</ele>
        <time>2026-10-04T06:35:38Z</time>
        <hdop>6.9</hdop>
        <extensions>
          <osmand:speed>6.4</osmand:speed>
        </extensions>
      </trkpt>
      <trkpt lat="51.0933326" lon="11.971609">
        <ele>243.3</ele>
        <time>2026-10-04T06:35:43Z</time>
        <hdop>6.8</hdop>
        <extensions>
          <osmand:speed>6.3</osmand:speed>
        </extensions>
      </trkpt>
      <trkpt lat="51.0931018" lon="11.9712525">
        <ele>243.3</ele>
        <time>2026-10-04T06:35:49Z</time>
        <hdop>6.2</hdop>
        <extensions>
          <osmand:speed>6.1</osmand:speed>
        </extensions>
      </trkpt>
      <trkpt lat="51.0928519" lon="11.9709152">
        <ele>243.5</ele>
        <time>2026-10-04T06:35:55Z</time>
        <hdop>6.1</hdop>
        <extensions>
          <osmand:speed>6</osmand:speed>
        </extensions>
      </trkpt>
      <trkpt lat="51.0926749" lon="11.9705928">
        <ele>243.5</ele>
        <time>2026-10-04T06:36:00Z</time>
        <hdop>6</hdop>
        <extensions>
          <osmand:speed>5.9</osmand:speed>
        </extensions>
      </trkpt>
      <trkpt lat="51.0925468" lon="11.9701093">
        <ele>244</ele>
        <time>2026-10-04T06:36:06Z</time>
        <hdop>5.9</hdop>
        <extensions>
          <osmand:speed>6.1</osmand:speed>
        </extensions>
      </trkpt>
      <trkpt lat="51.0924325" lon="11.9697079">
        <ele>244.2</ele>
        <time>2026-10-04T06:36:11Z</time>
        <hdop>6</hdop>
        <extensions>
          <osmand:speed>6.1</osmand:speed>
        </extensions>
      </trkpt>
      <trkpt lat="51.0923033" lon="11.9692253">
        <ele>244.2</ele>
        <time>2026-10-04T06:36:17Z</time>
        <hdop>5.9</hdop>
        <extensions>
          <osmand:speed>6.1</osmand:speed>
        </extensions>
      </trkpt>
      <trkpt lat="51.0921864" lon="11.9688282">
        <ele>244.4</ele>
        <time>2026-10-04T06:36:22Z</time>
        <hdop>5.8</hdop>
        <extensions>
          <osmand:speed>6.2</osmand:speed>
        </extensions>
      </trkpt>
      <trkpt lat="51.0920535" lon="11.9683449">
        <ele>244.9</ele>
        <time>2026-10-04T06:36:28Z</time>
        <hdop>5.9</hdop>
        <extensions>
          <osmand:speed>6.1</osmand:speed>
        </extensions>
      </trkpt>
      <trkpt lat="51.0919455" lon="11.9679424">
        <ele>244.9</ele>
        <time>2026-10-04T06:36:33Z</time>
        <hdop>5.9</hdop>
        <extensions>
          <osmand:speed>6</osmand:speed>
        </extensions>
      </trkpt>
      <trkpt lat="51.0918111" lon="11.9674709">
        <ele>245.1</ele>
        <time>2026-10-04T06:36:39Z</time>
        <hdop>6.3</hdop>
        <extensions>
          <osmand:speed>5.9</osmand:speed>
        </extensions>
      </trkpt>
      <trkpt lat="51.0916846" lon="11.9669903">
        <ele>245.8</ele>
        <time>2026-10-04T06:36:45Z</time>
        <hdop>6.7</hdop>
        <extensions>
          <osmand:speed>6</osmand:speed>
        </extensions>
      </trkpt>
      <trkpt lat="51.0915391" lon="11.9665035">
        <ele>245.9</ele>
        <time>2026-10-04T06:36:51Z</time>
        <hdop>6.6</hdop>
        <extensions>
          <osmand:speed>6.2</osmand:speed>
        </extensions>
      </trkpt>
      <trkpt lat="51.0914321" lon="11.9661228">
        <ele>245.7</ele>
        <time>2026-10-04T06:36:57Z</time>
        <hdop>6.9</hdop>
        <extensions>
          <osmand:speed>4.4</osmand:speed>
        </extensions>
      </trkpt>
      <trkpt lat="51.0913911" lon="11.9659938">
        <ele>246.6</ele>
        <time>2026-10-04T06:37:02Z</time>
        <hdop>7.6</hdop>
        <extensions>
          <osmand:speed>1</osmand:speed>
        </extensions>
      </trkpt>
      <trkpt lat="51.0913521" lon="11.96587">
        <ele>246.7</ele>
        <time>2026-10-04T06:37:07Z</time>
        <hdop>5</hdop>
        <extensions>
          <osmand:speed>1.6</osmand:speed>
        </extensions>
      </trkpt>
      <trkpt lat="51.0912358" lon="11.965655">
        <ele>246</ele>
        <time>2026-10-04T06:37:12Z</time>
        <hdop>5.4</hdop>
        <extensions>
          <osmand:speed>3</osmand:speed>
        </extensions>
      </trkpt>
      <trkpt lat="51.0911805" lon="11.9653106">
        <ele>245.7</ele>
        <time>2026-10-04T06:37:17Z</time>
        <hdop>3.6</hdop>
        <extensions>
          <osmand:speed>3.7</osmand:speed>
        </extensions>
      </trkpt>
      <trkpt lat="51.0910598" lon="11.964838">
        <ele>245.9</ele>
        <time>2026-10-04T06:37:23Z</time>
        <hdop>5</hdop>
        <extensions>
          <osmand:speed>4.8</osmand:speed>
        </extensions>
      </trkpt>
      <trkpt lat="51.0909564" lon="11.9644926">
        <ele>246.1</ele>
        <time>2026-10-04T06:37:28Z</time>
        <hdop>6.2</hdop>
        <extensions>
          <osmand:speed>4.9</osmand:speed>
        </extensions>
      </trkpt>
      <trkpt lat="51.0908811" lon="11.964209">
        <ele>246.5</ele>
        <time>2026-10-04T06:37:33Z</time>
        <hdop>8.1</hdop>
        <extensions>
          <osmand:speed>2.7</osmand:speed>
        </extensions>
      </trkpt>
      <trkpt lat="51.0907636" lon="11.9637463">
        <ele>247</ele>
        <time>2026-10-04T06:37:39Z</time>
        <hdop>6.6</hdop>
        <extensions>
          <osmand:speed>5.3</osmand:speed>
        </extensions>
      </trkpt>
      <trkpt lat="51.0906342" lon="11.9633135">
        <ele>246.6</ele>
        <time>2026-10-04T06:37:45Z</time>
        <hdop>6.2</hdop>
        <extensions>
          <osmand:speed>5.4</osmand:speed>
        </extensions>
      </trkpt>
      <trkpt lat="51.0904887" lon="11.9629964">
        <ele>247.1</ele>
        <time>2026-10-04T06:37:50Z</time>
        <hdop>6.5</hdop>
        <extensions>
          <osmand:speed>5.5</osmand:speed>
        </extensions>
      </trkpt>
      <trkpt lat="51.090263" lon="11.9626748">
        <ele>247.5</ele>
        <time>2026-10-04T06:37:56Z</time>
        <hdop>6.6</hdop>
        <extensions>
          <osmand:speed>5.7</osmand:speed>
        </extensions>
      </trkpt>
      <trkpt lat="51.0900409" lon="11.9623273">
        <ele>247.8</ele>
        <time>2026-10-04T06:38:02Z</time>
        <hdop>6.3</hdop>
        <extensions>
          <osmand:speed>5.7</osmand:speed>
        </extensions>
      </trkpt>
      <trkpt lat="51.0898254" lon="11.9620045">
        <ele>248.1</ele>
        <time>2026-10-04T06:38:08Z</time>
        <hdop>6.6</hdop>
        <extensions>
          <osmand:speed>5.5</osmand:speed>
        </extensions>
      </trkpt>
      <trkpt lat="51.0896122" lon="11.961673">
        <ele>248.5</ele>
        <time>2026-10-04T06:38:14Z</time>
        <hdop>6.5</hdop>
        <extensions>
          <osmand:speed>5.5</osmand:speed>
        </extensions>
      </trkpt>
      <trkpt lat="51.0894065" lon="11.9613453">
        <ele>249</ele>
        <time>2026-10-04T06:38:20Z</time>
        <hdop>6.5</hdop>
        <extensions>
          <osmand:speed>5.2</osmand:speed>
        </extensions>
      </trkpt>
      <trkpt lat="51.0892153" lon="11.9610517">
        <ele>249.7</ele>
        <time>2026-10-04T06:38:26Z</time>
        <hdop>6.3</hdop>
        <extensions>
          <osmand:speed>4.7</osmand:speed>
        </extensions>
      </trkpt>
      <trkpt lat="51.0890748" lon="11.9608407">
        <ele>249.7</ele>
        <time>2026-10-04T06:38:31Z</time>
        <hdop>6.8</hdop>
        <extensions>
          <osmand:speed>3.5</osmand:speed>
        </extensions>
      </trkpt>
      <trkpt lat="51.08892" lon="11.9605852">
        <ele>249.7</ele>
        <time>2026-10-04T06:38:36Z</time>
        <hdop>4.9</hdop>
        <extensions>
          <osmand:speed>3.6</osmand:speed>
        </extensions>
      </trkpt>
      <trkpt lat="51.0888306" lon="11.9604417">
        <ele>249.9</ele>
        <time>2026-10-04T06:38:42Z</time>
        <hdop>5.1</hdop>
        <extensions>
          <osmand:speed>2.2</osmand:speed>
        </extensions>
      </trkpt>
      <trkpt lat="51.0887802" lon="11.9604836">
        <ele>250.7</ele>
        <time>2026-10-04T06:39:05Z</time>
        <hdop>4.1</hdop>
        <extensions>
          <osmand:speed>3.2</osmand:speed>
        </extensions>
      </trkpt>
      <trkpt lat="51.088561" lon="11.9607846">
        <ele>250.8</ele>
        <time>2026-10-04T06:39:11Z</time>
        <hdop>6.1</hdop>
        <extensions>
          <osmand:speed>4.6</osmand:speed>
        </extensions>
      </trkpt>
      <trkpt lat="51.0883211" lon="11.961103">
        <ele>250.8</ele>
        <time>2026-10-04T06:39:17Z</time>
        <hdop>6.9</hdop>
        <extensions>
          <osmand:speed>5.8</osmand:speed>
        </extensions>
      </trkpt>
      <trkpt lat="51.0880894" lon="11.9613532">
        <ele>250.8</ele>
        <time>2026-10-04T06:39:22Z</time>
        <hdop>6.4</hdop>
        <extensions>
          <osmand:speed>6.1</osmand:speed>
        </extensions>
      </trkpt>
      <trkpt lat="51.0878241" lon="11.9616556">
        <ele>251.1</ele>
        <time>2026-10-04T06:39:28Z</time>
        <hdop>6.4</hdop>
        <extensions>
          <osmand:speed>6</osmand:speed>
        </extensions>
      </trkpt>
      <trkpt lat="51.0875198" lon="11.9615881">
        <ele>251.6</ele>
        <time>2026-10-04T06:39:34Z</time>
        <hdop>6.2</hdop>
        <extensions>
          <osmand:speed>5.7</osmand:speed>
        </extensions>
      </trkpt>
      <trkpt lat="51.0872885" lon="11.9612104">
        <ele>252</ele>
        <time>2026-10-04T06:39:40Z</time>
        <hdop>6.4</hdop>
        <extensions>
          <osmand:speed>5.8</osmand:speed>
        </extensions>
      </trkpt>
      <trkpt lat="51.0870813" lon="11.9608182">
        <ele>252.5</ele>
        <time>2026-10-04T06:39:46Z</time>
        <hdop>6.2</hdop>
        <extensions>
          <osmand:speed>5.9</osmand:speed>
        </extensions>
      </trkpt>
      <trkpt lat="51.0868792" lon="11.9604503">
        <ele>253.1</ele>
        <time>2026-10-04T06:39:52Z</time>
        <hdop>6.2</hdop>
        <extensions>
          <osmand:speed>5.6</osmand:speed>
        </extensions>
      </trkpt>
      <trkpt lat="51.0867112" lon="11.9601514">
        <ele>253.6</ele>
        <time>2026-10-04T06:39:57Z</time>
        <hdop>6.1</hdop>
        <extensions>
          <osmand:speed>5.6</osmand:speed>
        </extensions>
      </trkpt>
      <trkpt lat="51.0864407" lon="11.9599273">
        <ele>254.3</ele>
        <time>2026-10-04T06:40:03Z</time>
        <hdop>6.2</hdop>
        <extensions>
          <osmand:speed>5.6</osmand:speed>
        </extensions>
      </trkpt>
      <trkpt lat="51.0861886" lon="11.9599305">
        <ele>254.8</ele>
        <time>2026-10-04T06:40:08Z</time>
        <hdop>6.1</hdop>
        <extensions>
          <osmand:speed>5.4</osmand:speed>
        </extensions>
      </trkpt>
      <trkpt lat="51.0858994" lon="11.9599207">
        <ele>255.7</ele>
        <time>2026-10-04T06:40:14Z</time>
        <hdop>6.5</hdop>
        <extensions>
          <osmand:speed>5.2</osmand:speed>
        </extensions>
      </trkpt>
      <trkpt lat="51.0856582" lon="11.9596831">
        <ele>256.2</ele>
        <time>2026-10-04T06:40:20Z</time>
        <hdop>6.7</hdop>
        <extensions>
          <osmand:speed>5.3</osmand:speed>
        </extensions>
      </trkpt>
      <trkpt lat="51.0855511" lon="11.9592949">
        <ele>256.9</ele>
        <time>2026-10-04T06:40:25Z</time>
        <hdop>6.5</hdop>
        <extensions>
          <osmand:speed>5.7</osmand:speed>
        </extensions>
      </trkpt>
      <trkpt lat="51.0854365" lon="11.9588386">
        <ele>257.2</ele>
        <time>2026-10-04T06:40:31Z</time>
        <hdop>6.4</hdop>
        <extensions>
          <osmand:speed>5.8</osmand:speed>
        </extensions>
      </trkpt>
      <trkpt lat="51.085329" lon="11.9584256">
        <ele>257.2</ele>
        <time>2026-10-04T06:40:36Z</time>
        <hdop>6.1</hdop>
        <extensions>
          <osmand:speed>6.2</osmand:speed>
        </extensions>
      </trkpt>
      <trkpt lat="51.0852119" lon="11.9579028">
        <ele>257.4</ele>
        <time>2026-10-04T06:40:42Z</time>
        <hdop>6.1</hdop>
        <extensions>
          <osmand:speed>6.4</osmand:speed>
        </extensions>
      </trkpt>
      <trkpt lat="51.0850775" lon="11.957383">
        <ele>257.3</ele>
        <time>2026-10-04T06:40:48Z</time>
        <hdop>6.2</hdop>
        <extensions>
          <osmand:speed>6.6</osmand:speed>
        </extensions>
      </trkpt>
      <trkpt lat="51.0849692" lon="11.9569442">
        <ele>257.1</ele>
        <time>2026-10-04T06:40:53Z</time>
        <hdop>6.2</hdop>
        <extensions>
          <osmand:speed>6.6</osmand:speed>
        </extensions>
      </trkpt>
      <trkpt lat="51.0848372" lon="11.9564257">
        <ele>257.1</ele>
        <time>2026-10-04T06:40:59Z</time>
        <hdop>6</hdop>
        <extensions>
          <osmand:speed>6.5</osmand:speed>
        </extensions>
      </trkpt>
      <trkpt lat="51.0846953" lon="11.9558988">
        <ele>257.1</ele>
        <time>2026-10-04T06:41:05Z</time>
        <hdop>6.4</hdop>
        <extensions>
          <osmand:speed>6.7</osmand:speed>
        </extensions>
      </trkpt>
      <trkpt lat="51.0845874" lon="11.9555016">
        <ele>256.9</ele>
        <time>2026-10-04T06:41:10Z</time>
        <hdop>10.7</hdop>
        <extensions>
          <osmand:speed>6.1</osmand:speed>
        </extensions>
      </trkpt>
      <trkpt lat="51.0844676" lon="11.9549877">
        <ele>256.5</ele>
        <time>2026-10-04T06:41:15Z</time>
        <hdop>9.4</hdop>
        <extensions>
          <osmand:speed>6.9</osmand:speed>
        </extensions>
      </trkpt>
      <trkpt lat="51.084329" lon="11.9544484">
        <ele>256.6</ele>
        <time>2026-10-04T06:41:21Z</time>
        <hdop>5.6</hdop>
        <extensions>
          <osmand:speed>6.6</osmand:speed>
        </extensions>
      </trkpt>
      <trkpt lat="51.0842002" lon="11.9539342">
        <ele>256.8</ele>
        <time>2026-10-04T06:41:27Z</time>
        <hdop>6.6</hdop>
        <extensions>
          <osmand:speed>6.6</osmand:speed>
        </extensions>
      </trkpt>
      <trkpt lat="51.0840865" lon="11.9534806">
        <ele>256.7</ele>
        <time>2026-10-04T06:41:32Z</time>
        <hdop>6.6</hdop>
        <extensions>
          <osmand:speed>6.8</osmand:speed>
        </extensions>
      </trkpt>
      <trkpt lat="51.0839697" lon="11.9530109">
        <ele>256.3</ele>
        <time>2026-10-04T06:41:37Z</time>
        <hdop>6.3</hdop>
        <extensions>
          <osmand:speed>7</osmand:speed>
        </extensions>
      </trkpt>
      <trkpt lat="51.0838325" lon="11.9524729">
        <ele>256.1</ele>
        <time>2026-10-04T06:41:43Z</time>
        <hdop>6.3</hdop>
        <extensions>
          <osmand:speed>6.5</osmand:speed>
        </extensions>
      </trkpt>
      <trkpt lat="51.0836902" lon="11.951937">
        <ele>256.3</ele>
        <time>2026-10-04T06:41:49Z</time>
        <hdop>6.4</hdop>
        <extensions>
          <osmand:speed>6.8</osmand:speed>
        </extensions>
      </trkpt>
      <trkpt lat="51.0835598" lon="11.9513821">
        <ele>255.6</ele>
        <time>2026-10-04T06:41:55Z</time>
        <hdop>6.4</hdop>
        <extensions>
          <osmand:speed>6.9</osmand:speed>
        </extensions>
      </trkpt>
      <trkpt lat="51.0834166" lon="11.9508273">
        <ele>254.9</ele>
        <time>2026-10-04T06:42:01Z</time>
        <hdop>6.6</hdop>
        <extensions>
          <osmand:speed>7</osmand:speed>
        </extensions>
      </trkpt>
      <trkpt lat="51.0833043" lon="11.9503184">
        <ele>254.3</ele>
        <time>2026-10-04T06:42:06Z</time>
        <hdop>7.3</hdop>
        <extensions>
          <osmand:speed>7.4</osmand:speed>
        </extensions>
      </trkpt>
      <trkpt lat="51.0831896" lon="11.9497066">
        <ele>252.9</ele>
        <time>2026-10-04T06:42:12Z</time>
        <hdop>7.6</hdop>
        <extensions>
          <osmand:speed>7.3</osmand:speed>
        </extensions>
      </trkpt>
      <trkpt lat="51.0830898" lon="11.9491405">
        <ele>252.4</ele>
        <time>2026-10-04T06:42:18Z</time>
        <hdop>7.2</hdop>
        <extensions>
          <osmand:speed>6.7</osmand:speed>
        </extensions>
      </trkpt>
      <trkpt lat="51.0829979" lon="11.9486911">
        <ele>251.4</ele>
        <time>2026-10-04T06:42:23Z</time>
        <hdop>6.3</hdop>
        <extensions>
          <osmand:speed>6.7</osmand:speed>
        </extensions>
      </trkpt>
      <trkpt lat="51.0829108" lon="11.9482695">
        <ele>249.5</ele>
        <time>2026-10-04T06:42:29Z</time>
        <hdop>6.1</hdop>
        <extensions>
          <osmand:speed>4.1</osmand:speed>
        </extensions>
      </trkpt>
      <trkpt lat="51.0828657" lon="11.9481683">
        <ele>249</ele>
        <time>2026-10-04T06:42:35Z</time>
        <hdop>7.4</hdop>
        <extensions>
          <osmand:speed>0.9</osmand:speed>
        </extensions>
      </trkpt>
      <trkpt lat="51.0828655" lon="11.947959">
        <ele>248.9</ele>
        <time>2026-10-04T06:42:40Z</time>
        <hdop>6.7</hdop>
        <extensions>
          <osmand:speed>2.6</osmand:speed>
        </extensions>
      </trkpt>
      <trkpt lat="51.0829137" lon="11.9475151">
        <ele>247.2</ele>
        <time>2026-10-04T06:42:46Z</time>
        <hdop>9</hdop>
        <extensions>
          <osmand:speed>4.9</osmand:speed>
        </extensions>
      </trkpt>
      <trkpt lat="51.0830358" lon="11.947138">
        <ele>246.5</ele>
        <time>2026-10-04T06:42:51Z</time>
        <hdop>6.5</hdop>
        <extensions>
          <osmand:speed>5.7</osmand:speed>
        </extensions>
      </trkpt>
      <trkpt lat="51.0832064" lon="11.9467257">
        <ele>246.5</ele>
        <time>2026-10-04T06:42:57Z</time>
        <hdop>6.6</hdop>
        <extensions>
          <osmand:speed>5.7</osmand:speed>
        </extensions>
      </trkpt>
      <trkpt lat="51.0834382" lon="11.9464116">
        <ele>246</ele>
        <time>2026-10-04T06:43:03Z</time>
        <hdop>6.8</hdop>
        <extensions>
          <osmand:speed>5.3</osmand:speed>
        </extensions>
      </trkpt>
      <trkpt lat="51.0833826" lon="11.9459003">
        <ele>246.2</ele>
        <time>2026-10-04T06:43:09Z</time>
        <hdop>7.1</hdop>
        <extensions>
          <osmand:speed>6.1</osmand:speed>
        </extensions>
      </trkpt>
      <trkpt lat="51.0833028" lon="11.945425">
        <ele>245.8</ele>
        <time>2026-10-04T06:43:14Z</time>
        <hdop>6.7</hdop>
        <extensions>
          <osmand:speed>6.6</osmand:speed>
        </extensions>
      </trkpt>
      <trkpt lat="51.0831353" lon="11.9449367">
        <ele>245.1</ele>
        <time>2026-10-04T06:43:20Z</time>
        <hdop>6.6</hdop>
        <extensions>
          <osmand:speed>6.5</osmand:speed>
        </extensions>
      </trkpt>
      <trkpt lat="51.0830612" lon="11.9445391">
        <ele>244.5</ele>
        <time>2026-10-04T06:43:25Z</time>
        <hdop>7.4</hdop>
        <extensions>
          <osmand:speed>6.1</osmand:speed>
        </extensions>
      </trkpt>
      <trkpt lat="51.0830504" lon="11.9440571">
        <ele>243.9</ele>
        <time>2026-10-04T06:43:30Z</time>
        <hdop>7.8</hdop>
        <extensions>
          <osmand:speed>6.6</osmand:speed>
        </extensions>
      </trkpt>
      <trkpt lat="51.0829882" lon="11.9435985">
        <ele>243.1</ele>
        <time>2026-10-04T06:43:35Z</time>
        <hdop>7.2</hdop>
        <extensions>
          <osmand:speed>6.4</osmand:speed>
        </extensions>
      </trkpt>
      <trkpt lat="51.0828491" lon="11.9431387">
        <ele>243</ele>
        <time>2026-10-04T06:43:40Z</time>
        <hdop>6.6</hdop>
        <extensions>
          <osmand:speed>7.1</osmand:speed>
        </extensions>
      </trkpt>
      <trkpt lat="51.082714" lon="11.9426756">
        <ele>242.5</ele>
        <time>2026-10-04T06:43:45Z</time>
        <hdop>6.6</hdop>
        <extensions>
          <osmand:speed>7.1</osmand:speed>
        </extensions>
      </trkpt>
      <trkpt lat="51.0825698" lon="11.9421659">
        <ele>241.8</ele>
        <time>2026-10-04T06:43:51Z</time>
        <hdop>6.6</hdop>
        <extensions>
          <osmand:speed>6.3</osmand:speed>
        </extensions>
      </trkpt>
      <trkpt lat="51.0824597" lon="11.9418308">
        <ele>241</ele>
        <time>2026-10-04T06:43:57Z</time>
        <hdop>6.5</hdop>
        <extensions>
          <osmand:speed>4.2</osmand:speed>
        </extensions>
      </trkpt>
      <trkpt lat="51.082414" lon="11.9416249">
        <ele>240.6</ele>
        <time>2026-10-04T06:44:02Z</time>
        <hdop>7.9</hdop>
        <extensions>
          <osmand:speed>3.2</osmand:speed>
        </extensions>
      </trkpt>
      <trkpt lat="51.0822594" lon="11.941155">
        <ele>240.4</ele>
        <time>2026-10-04T06:44:08Z</time>
        <hdop>6.5</hdop>
        <extensions>
          <osmand:speed>5.9</osmand:speed>
        </extensions>
      </trkpt>
      <trkpt lat="51.082118" lon="11.9406309">
        <ele>239.7</ele>
        <time>2026-10-04T06:44:14Z</time>
        <hdop>6.7</hdop>
        <extensions>
          <osmand:speed>6.6</osmand:speed>
        </extensions>
      </trkpt>
      <trkpt lat="51.0819525" lon="11.9400775">
        <ele>238.9</ele>
        <time>2026-10-04T06:44:20Z</time>
        <hdop>6.8</hdop>
        <extensions>
          <osmand:speed>7.1</osmand:speed>
        </extensions>
      </trkpt>
      <trkpt lat="51.081793" lon="11.9395967">
        <ele>238.1</ele>
        <time>2026-10-04T06:44:25Z</time>
        <hdop>6.7</hdop>
        <extensions>
          <osmand:speed>7.6</osmand:speed>
        </extensions>
      </trkpt>
      <trkpt lat="51.0816337" lon="11.9390906">
        <ele>237.3</ele>
        <time>2026-10-04T06:44:30Z</time>
        <hdop>6.5</hdop>
        <extensions>
          <osmand:speed>7.9</osmand:speed>
        </extensions>
      </trkpt>
      <trkpt lat="51.08144" lon="11.9384505">
        <ele>235.4</ele>
        <time>2026-10-04T06:44:36Z</time>
        <hdop>6.6</hdop>
        <extensions>
          <osmand:speed>8</osmand:speed>
        </extensions>
      </trkpt>
      <trkpt lat="51.081269" lon="11.9378324">
        <ele>234.5</ele>
        <time>2026-10-04T06:44:42Z</time>
        <hdop>6.7</hdop>
        <extensions>
          <osmand:speed>7.8</osmand:speed>
        </extensions>
      </trkpt>
      <trkpt lat="51.0811171" lon="11.9373527">
        <ele>233.6</ele>
        <time>2026-10-04T06:44:47Z</time>
        <hdop>6.6</hdop>
        <extensions>
          <osmand:speed>7.5</osmand:speed>
        </extensions>
      </trkpt>
      <trkpt lat="51.0809631" lon="11.9368597">
        <ele>233.5</ele>
        <time>2026-10-04T06:44:52Z</time>
        <hdop>6.5</hdop>
        <extensions>
          <osmand:speed>7.6</osmand:speed>
        </extensions>
      </trkpt>
      <trkpt lat="51.0808018" lon="11.9362879">
        <ele>232.7</ele>
        <time>2026-10-04T06:44:58Z</time>
        <hdop>6.3</hdop>
        <extensions>
          <osmand:speed>7.2</osmand:speed>
        </extensions>
      </trkpt>
      <trkpt lat="51.0806491" lon="11.9357543">
        <ele>232.3</ele>
        <time>2026-10-04T06:45:04Z</time>
        <hdop>5.9</hdop>
        <extensions>
          <osmand:speed>6.8</osmand:speed>
        </extensions>
      </trkpt>
      <trkpt lat="51.0805288" lon="11.9353657">
        <ele>231.3</ele>
        <time>2026-10-04T06:45:10Z</time>
        <hdop>6.7</hdop>
        <extensions>
          <osmand:speed>4.6</osmand:speed>
        </extensions>
      </trkpt>
      <trkpt lat="51.0804436" lon="11.9350152">
        <ele>230.3</ele>
        <time>2026-10-04T06:45:15Z</time>
        <hdop>8.5</hdop>
        <extensions>
          <osmand:speed>5.1</osmand:speed>
        </extensions>
      </trkpt>
      <trkpt lat="51.0804018" lon="11.9347827">
        <ele>228.7</ele>
        <time>2026-10-04T06:45:20Z</time>
        <hdop>8.1</hdop>
        <extensions>
          <osmand:speed>2.9</osmand:speed>
        </extensions>
      </trkpt>
      <trkpt lat="51.0803535" lon="11.9344567">
        <ele>227.1</ele>
        <time>2026-10-04T06:45:25Z</time>
        <hdop>5.7</hdop>
        <extensions>
          <osmand:speed>3.2</osmand:speed>
        </extensions>
      </trkpt>
      <trkpt lat="51.0803349" lon="11.9340884">
        <ele>223.6</ele>
        <time>2026-10-04T06:45:31Z</time>
        <hdop>6.1</hdop>
        <extensions>
          <osmand:speed>3.5</osmand:speed>
        </extensions>
      </trkpt>
      <trkpt lat="51.0804257" lon="11.9336104">
        <ele>221</ele>
        <time>2026-10-04T06:45:36Z</time>
        <hdop>7.6</hdop>
        <extensions>
          <osmand:speed>4.6</osmand:speed>
        </extensions>
      </trkpt>
      <trkpt lat="51.0805162" lon="11.9331509">
        <ele>218.8</ele>
        <time>2026-10-04T06:45:42Z</time>
        <hdop>7.8</hdop>
        <extensions>
          <osmand:speed>5.2</osmand:speed>
        </extensions>
      </trkpt>
      <trkpt lat="51.080559" lon="11.9329208">
        <ele>215.7</ele>
        <time>2026-10-04T06:45:47Z</time>
        <hdop>8.9</hdop>
        <extensions>
          <osmand:speed>1.8</osmand:speed>
        </extensions>
      </trkpt>
      <trkpt lat="51.0805787" lon="11.9326115">
        <ele>213</ele>
        <time>2026-10-04T06:45:52Z</time>
        <hdop>6.5</hdop>
        <extensions>
          <osmand:speed>3</osmand:speed>
        </extensions>
      </trkpt>
      <trkpt lat="51.0803846" lon="11.9324454">
        <ele>212.5</ele>
        <time>2026-10-04T06:45:57Z</time>
        <hdop>5.7</hdop>
        <extensions>
          <osmand:speed>4.1</osmand:speed>
        </extensions>
      </trkpt>
      <trkpt lat="51.0801602" lon="11.9320117">
        <ele>211.5</ele>
        <time>2026-10-04T06:46:03Z</time>
        <hdop>7.8</hdop>
        <extensions>
          <osmand:speed>5.8</osmand:speed>
        </extensions>
      </trkpt>
      <trkpt lat="51.0800714" lon="11.9316024">
        <ele>212.5</ele>
        <time>2026-10-04T06:46:09Z</time>
        <hdop>9.1</hdop>
        <extensions>
          <osmand:speed>4.9</osmand:speed>
        </extensions>
      </trkpt>
      <trkpt lat="51.0800544" lon="11.9311845">
        <ele>214.2</ele>
        <time>2026-10-04T06:46:15Z</time>
        <hdop>8.6</hdop>
        <extensions>
          <osmand:speed>4.5</osmand:speed>
        </extensions>
      </trkpt>
      <trkpt lat="51.0800243" lon="11.9308919">
        <ele>216</ele>
        <time>2026-10-04T06:46:20Z</time>
        <hdop>8.7</hdop>
        <extensions>
          <osmand:speed>3.3</osmand:speed>
        </extensions>
      </trkpt>
      <trkpt lat="51.0799286" lon="11.9306222">
        <ele>217.1</ele>
        <time>2026-10-04T06:46:25Z</time>
        <hdop>8.8</hdop>
        <extensions>
          <osmand:speed>3.4</osmand:speed>
        </extensions>
      </trkpt>
      <trkpt lat="51.0798249" lon="11.9303472">
        <ele>217.8</ele>
        <time>2026-10-04T06:46:30Z</time>
        <hdop>6.3</hdop>
        <extensions>
          <osmand:speed>3.4</osmand:speed>
        </extensions>
      </trkpt>
      <trkpt lat="51.0796071" lon="11.9303355">
        <ele>218.7</ele>
        <time>2026-10-04T06:46:36Z</time>
        <hdop>5.6</hdop>
        <extensions>
          <osmand:speed>3.5</osmand:speed>
        </extensions>
      </trkpt>
      <trkpt lat="51.0794039" lon="11.9303386">
        <ele>218.2</ele>
        <time>2026-10-04T06:46:41Z</time>
        <hdop>5.9</hdop>
        <extensions>
          <osmand:speed>3.6</osmand:speed>
        </extensions>
      </trkpt>
      <trkpt lat="51.0791015" lon="11.9303064">
        <ele>216.5</ele>
        <time>2026-10-04T06:46:46Z</time>
        <hdop>5.6</hdop>
        <extensions>
          <osmand:speed>4.5</osmand:speed>
        </extensions>
      </trkpt>
      <trkpt lat="51.0785808" lon="11.9301459">
        <ele>213.9</ele>
        <time>2026-10-04T06:46:52Z</time>
        <hdop>6</hdop>
        <extensions>
          <osmand:speed>7</osmand:speed>
        </extensions>
      </trkpt>
      <trkpt lat="51.0781694" lon="11.93005">
        <ele>212</ele>
        <time>2026-10-04T06:46:57Z</time>
        <hdop>8.7</hdop>
        <extensions>
          <osmand:speed>7.7</osmand:speed>
        </extensions>
      </trkpt>
      <trkpt lat="51.0779689" lon="11.929845">
        <ele>211.1</ele>
        <time>2026-10-04T06:47:03Z</time>
        <hdop>7.5</hdop>
        <extensions>
          <osmand:speed>4.8</osmand:speed>
        </extensions>
      </trkpt>
      <trkpt lat="51.0778404" lon="11.9294208">
        <ele>211.6</ele>
        <time>2026-10-04T06:47:09Z</time>
        <hdop>8.3</hdop>
        <extensions>
          <osmand:speed>5.2</osmand:speed>
        </extensions>
      </trkpt>
      <trkpt lat="51.077709" lon="11.929032">
        <ele>210.5</ele>
        <time>2026-10-04T06:47:14Z</time>
        <hdop>7.7</hdop>
        <extensions>
          <osmand:speed>6.6</osmand:speed>
        </extensions>
      </trkpt>
      <trkpt lat="51.0775243" lon="11.9285323">
        <ele>208.5</ele>
        <time>2026-10-04T06:47:19Z</time>
        <hdop>8.2</hdop>
        <extensions>
          <osmand:speed>8.3</osmand:speed>
        </extensions>
      </trkpt>
      <trkpt lat="51.0772013" lon="11.9278896">
        <ele>205.3</ele>
        <time>2026-10-04T06:47:25Z</time>
        <hdop>6.9</hdop>
        <extensions>
          <osmand:speed>9.9</osmand:speed>
        </extensions>
      </trkpt>
      <trkpt lat="51.0769477" lon="11.9271161">
        <ele>202.9</ele>
        <time>2026-10-04T06:47:31Z</time>
        <hdop>6.5</hdop>
        <extensions>
          <osmand:speed>10</osmand:speed>
        </extensions>
      </trkpt>
      <trkpt lat="51.0766974" lon="11.9266032">
        <ele>201.1</ele>
        <time>2026-10-04T06:47:36Z</time>
        <hdop>6</hdop>
        <extensions>
          <osmand:speed>8.8</osmand:speed>
        </extensions>
      </trkpt>
      <trkpt lat="51.0765265" lon="11.9260799">
        <ele>200.4</ele>
        <time>2026-10-04T06:47:41Z</time>
        <hdop>6.4</hdop>
        <extensions>
          <osmand:speed>8</osmand:speed>
        </extensions>
      </trkpt>
      <trkpt lat="51.0764083" lon="11.9255888">
        <ele>200.9</ele>
        <time>2026-10-04T06:47:46Z</time>
        <hdop>6.5</hdop>
        <extensions>
          <osmand:speed>7</osmand:speed>
        </extensions>
      </trkpt>
      <trkpt lat="51.0763023" lon="11.9252081">
        <ele>201.6</ele>
        <time>2026-10-04T06:47:51Z</time>
        <hdop>6.2</hdop>
        <extensions>
          <osmand:speed>5.6</osmand:speed>
        </extensions>
      </trkpt>
      <trkpt lat="51.0761734" lon="11.9248192">
        <ele>203.4</ele>
        <time>2026-10-04T06:47:57Z</time>
        <hdop>6.8</hdop>
        <extensions>
          <osmand:speed>4.9</osmand:speed>
        </extensions>
      </trkpt>
      <trkpt lat="51.076075" lon="11.924512">
        <ele>204.5</ele>
        <time>2026-10-04T06:48:02Z</time>
        <hdop>8.2</hdop>
        <extensions>
          <osmand:speed>4.7</osmand:speed>
        </extensions>
      </trkpt>
      <trkpt lat="51.0760157" lon="11.924254">
        <ele>205.8</ele>
        <time>2026-10-04T06:48:07Z</time>
        <hdop>8.8</hdop>
        <extensions>
          <osmand:speed>3.4</osmand:speed>
        </extensions>
      </trkpt>
      <trkpt lat="51.0758858" lon="11.9239561">
        <ele>206.7</ele>
        <time>2026-10-04T06:48:12Z</time>
        <hdop>4</hdop>
        <extensions>
          <osmand:speed>3.8</osmand:speed>
        </extensions>
      </trkpt>
      <trkpt lat="51.0757713" lon="11.9236637">
        <ele>208.1</ele>
        <time>2026-10-04T06:48:18Z</time>
        <hdop>4.8</hdop>
        <extensions>
          <osmand:speed>3.7</osmand:speed>
        </extensions>
      </trkpt>
      <trkpt lat="51.0756664" lon="11.9233833">
        <ele>208.9</ele>
        <time>2026-10-04T06:48:23Z</time>
        <hdop>4.9</hdop>
        <extensions>
          <osmand:speed>3.6</osmand:speed>
        </extensions>
      </trkpt>
      <trkpt lat="51.0755662" lon="11.9230841">
        <ele>210.7</ele>
        <time>2026-10-04T06:48:29Z</time>
        <hdop>4.7</hdop>
        <extensions>
          <osmand:speed>3.5</osmand:speed>
        </extensions>
      </trkpt>
      <trkpt lat="51.0754653" lon="11.9227862">
        <ele>211.9</ele>
        <time>2026-10-04T06:48:35Z</time>
        <hdop>4.4</hdop>
        <extensions>
          <osmand:speed>3.4</osmand:speed>
        </extensions>
      </trkpt>
      <trkpt lat="51.0753767" lon="11.9225456">
        <ele>212.9</ele>
        <time>2026-10-04T06:48:40Z</time>
        <hdop>4.3</hdop>
        <extensions>
          <osmand:speed>3.4</osmand:speed>
        </extensions>
      </trkpt>
      <trkpt lat="51.0752753" lon="11.9222638">
        <ele>214.2</ele>
        <time>2026-10-04T06:48:46Z</time>
        <hdop>4.4</hdop>
        <extensions>
          <osmand:speed>3.3</osmand:speed>
        </extensions>
      </trkpt>
      <trkpt lat="51.0751903" lon="11.9220287">
        <ele>215.1</ele>
        <time>2026-10-04T06:48:51Z</time>
        <hdop>4.6</hdop>
        <extensions>
          <osmand:speed>3.4</osmand:speed>
        </extensions>
      </trkpt>
      <trkpt lat="51.0750837" lon="11.9217495">
        <ele>216.1</ele>
        <time>2026-10-04T06:48:57Z</time>
        <hdop>4.8</hdop>
        <extensions>
          <osmand:speed>3.4</osmand:speed>
        </extensions>
      </trkpt>
      <trkpt lat="51.074961" lon="11.9215165">
        <ele>217.5</ele>
        <time>2026-10-04T06:49:03Z</time>
        <hdop>4.8</hdop>
        <extensions>
          <osmand:speed>3.3</osmand:speed>
        </extensions>
      </trkpt>
      <trkpt lat="51.0748437" lon="11.9213106">
        <ele>218.2</ele>
        <time>2026-10-04T06:49:08Z</time>
        <hdop>4.8</hdop>
        <extensions>
          <osmand:speed>3.3</osmand:speed>
        </extensions>
      </trkpt>
      <trkpt lat="51.0747079" lon="11.9210756">
        <ele>219.7</ele>
        <time>2026-10-04T06:49:14Z</time>
        <hdop>4.2</hdop>
        <extensions>
          <osmand:speed>3.4</osmand:speed>
        </extensions>
      </trkpt>
      <trkpt lat="51.074596" lon="11.9208821">
        <ele>220.4</ele>
        <time>2026-10-04T06:49:19Z</time>
        <hdop>4.6</hdop>
        <extensions>
          <osmand:speed>3.2</osmand:speed>
        </extensions>
      </trkpt>
      <trkpt lat="51.0744923" lon="11.9206776">
        <ele>221.6</ele>
        <time>2026-10-04T06:49:24Z</time>
        <hdop>4.7</hdop>
        <extensions>
          <osmand:speed>3.2</osmand:speed>
        </extensions>
      </trkpt>
      <trkpt lat="51.0743771" lon="11.9204879">
        <ele>222.6</ele>
        <time>2026-10-04T06:49:29Z</time>
        <hdop>4.9</hdop>
        <extensions>
          <osmand:speed>3.2</osmand:speed>
        </extensions>
      </trkpt>
      <trkpt lat="51.0742485" lon="11.9202748">
        <ele>223.4</ele>
        <time>2026-10-04T06:49:34Z</time>
        <hdop>4.6</hdop>
        <extensions>
          <osmand:speed>3.2</osmand:speed>
        </extensions>
      </trkpt>
      <trkpt lat="51.0741228" lon="11.9200587">
        <ele>224.5</ele>
        <time>2026-10-04T06:49:40Z</time>
        <hdop>4.8</hdop>
        <extensions>
          <osmand:speed>3.3</osmand:speed>
        </extensions>
      </trkpt>
      <trkpt lat="51.0740101" lon="11.9198419">
        <ele>225.8</ele>
        <time>2026-10-04T06:49:45Z</time>
        <hdop>4.7</hdop>
        <extensions>
          <osmand:speed>3.4</osmand:speed>
        </extensions>
      </trkpt>
      <trkpt lat="51.0738826" lon="11.9196051">
        <ele>227</ele>
        <time>2026-10-04T06:49:51Z</time>
        <hdop>4.3</hdop>
        <extensions>
          <osmand:speed>3.3</osmand:speed>
        </extensions>
      </trkpt>
      <trkpt lat="51.0737685" lon="11.9194025">
        <ele>227.8</ele>
        <time>2026-10-04T06:49:56Z</time>
        <hdop>4.6</hdop>
        <extensions>
          <osmand:speed>3.3</osmand:speed>
        </extensions>
      </trkpt>
      <trkpt lat="51.0736427" lon="11.9191985">
        <ele>228.9</ele>
        <time>2026-10-04T06:50:01Z</time>
        <hdop>4.8</hdop>
        <extensions>
          <osmand:speed>3.3</osmand:speed>
        </extensions>
      </trkpt>
      <trkpt lat="51.0735143" lon="11.9189546">
        <ele>229.9</ele>
        <time>2026-10-04T06:50:07Z</time>
        <hdop>5</hdop>
        <extensions>
          <osmand:speed>3.3</osmand:speed>
        </extensions>
      </trkpt>
      <trkpt lat="51.0733767" lon="11.9187296">
        <ele>230.9</ele>
        <time>2026-10-04T06:50:13Z</time>
        <hdop>5.1</hdop>
        <extensions>
          <osmand:speed>3.2</osmand:speed>
        </extensions>
      </trkpt>
      <trkpt lat="51.073235" lon="11.9184664">
        <ele>231.6</ele>
        <time>2026-10-04T06:50:19Z</time>
        <hdop>4.7</hdop>
        <extensions>
          <osmand:speed>3.5</osmand:speed>
        </extensions>
      </trkpt>
      <trkpt lat="51.0731061" lon="11.9182447">
        <ele>232.5</ele>
        <time>2026-10-04T06:50:24Z</time>
        <hdop>4.5</hdop>
        <extensions>
          <osmand:speed>3.6</osmand:speed>
        </extensions>
      </trkpt>
      <trkpt lat="51.0729649" lon="11.9180061">
        <ele>233.2</ele>
        <time>2026-10-04T06:50:29Z</time>
        <hdop>4.9</hdop>
        <extensions>
          <osmand:speed>3.8</osmand:speed>
        </extensions>
      </trkpt>
      <trkpt lat="51.0728143" lon="11.9177234">
        <ele>233.9</ele>
        <time>2026-10-04T06:50:35Z</time>
        <hdop>4.9</hdop>
        <extensions>
          <osmand:speed>3.8</osmand:speed>
        </extensions>
      </trkpt>
      <trkpt lat="51.0726652" lon="11.917475">
        <ele>234.5</ele>
        <time>2026-10-04T06:50:40Z</time>
        <hdop>4.8</hdop>
        <extensions>
          <osmand:speed>3.9</osmand:speed>
        </extensions>
      </trkpt>
      <trkpt lat="51.0725036" lon="11.9171907">
        <ele>235</ele>
        <time>2026-10-04T06:50:45Z</time>
        <hdop>5.1</hdop>
        <extensions>
          <osmand:speed>3.9</osmand:speed>
        </extensions>
      </trkpt>
      <trkpt lat="51.0723517" lon="11.9169331">
        <ele>236.5</ele>
        <time>2026-10-04T06:50:51Z</time>
        <hdop>4.7</hdop>
        <extensions>
          <osmand:speed>3.9</osmand:speed>
        </extensions>
      </trkpt>
      <trkpt lat="51.0722049" lon="11.9166645">
        <ele>237.3</ele>
        <time>2026-10-04T06:50:56Z</time>
        <hdop>5</hdop>
        <extensions>
          <osmand:speed>3.9</osmand:speed>
        </extensions>
      </trkpt>
      <trkpt lat="51.0720611" lon="11.9164197">
        <ele>237.9</ele>
        <time>2026-10-04T06:51:01Z</time>
        <hdop>5.2</hdop>
        <extensions>
          <osmand:speed>3.9</osmand:speed>
        </extensions>
      </trkpt>
      <trkpt lat="51.0719281" lon="11.916179">
        <ele>239</ele>
        <time>2026-10-04T06:51:06Z</time>
        <hdop>5</hdop>
        <extensions>
          <osmand:speed>3.8</osmand:speed>
        </extensions>
      </trkpt>
      <trkpt lat="51.0717869" lon="11.9159043">
        <ele>239.3</ele>
        <time>2026-10-04T06:51:11Z</time>
        <hdop>5.5</hdop>
        <extensions>
          <osmand:speed>3.8</osmand:speed>
        </extensions>
      </trkpt>
      <trkpt lat="51.0716357" lon="11.9156113">
        <ele>239</ele>
        <time>2026-10-04T06:51:17Z</time>
        <hdop>4.6</hdop>
        <extensions>
          <osmand:speed>3.9</osmand:speed>
        </extensions>
      </trkpt>
      <trkpt lat="51.0714927" lon="11.9153474">
        <ele>239.5</ele>
        <time>2026-10-04T06:51:22Z</time>
        <hdop>4.8</hdop>
        <extensions>
          <osmand:speed>4</osmand:speed>
        </extensions>
      </trkpt>
      <trkpt lat="51.0713652" lon="11.9151285">
        <ele>239.1</ele>
        <time>2026-10-04T06:51:27Z</time>
        <hdop>4.6</hdop>
        <extensions>
          <osmand:speed>3.5</osmand:speed>
        </extensions>
      </trkpt>
      <trkpt lat="51.0713236" lon="11.9149711">
        <ele>238.9</ele>
        <time>2026-10-04T06:51:32Z</time>
        <hdop>4.5</hdop>
        <extensions>
          <osmand:speed>2.4</osmand:speed>
        </extensions>
      </trkpt>
      <trkpt lat="51.0714352" lon="11.9148413">
        <ele>238.6</ele>
        <time>2026-10-04T06:51:37Z</time>
        <hdop>4.5</hdop>
        <extensions>
          <osmand:speed>2.3</osmand:speed>
        </extensions>
      </trkpt>
      <trkpt lat="51.071566" lon="11.9145795">
        <ele>238.5</ele>
        <time>2026-10-04T06:51:43Z</time>
        <hdop>5</hdop>
        <extensions>
          <osmand:speed>3.4</osmand:speed>
        </extensions>
      </trkpt>
      <trkpt lat="51.0716591" lon="11.9142089">
        <ele>238.2</ele>
        <time>2026-10-04T06:51:48Z</time>
        <hdop>5</hdop>
        <extensions>
          <osmand:speed>4.3</osmand:speed>
        </extensions>
      </trkpt>
      <trkpt lat="51.0717522" lon="11.9137061">
        <ele>237.9</ele>
        <time>2026-10-04T06:51:54Z</time>
        <hdop>6.9</hdop>
        <extensions>
          <osmand:speed>5.7</osmand:speed>
        </extensions>
      </trkpt>
      <trkpt lat="51.0717999" lon="11.9132428">
        <ele>236.8</ele>
        <time>2026-10-04T06:51:59Z</time>
        <hdop>6.8</hdop>
        <extensions>
          <osmand:speed>6.5</osmand:speed>
        </extensions>
      </trkpt>
      <trkpt lat="51.0718068" lon="11.9127534">
        <ele>236</ele>
        <time>2026-10-04T06:52:04Z</time>
        <hdop>5.8</hdop>
        <extensions>
          <osmand:speed>6.8</osmand:speed>
        </extensions>
      </trkpt>
      <trkpt lat="51.0717526" lon="11.9121716">
        <ele>235.3</ele>
        <time>2026-10-04T06:52:10Z</time>
        <hdop>6</hdop>
        <extensions>
          <osmand:speed>6.7</osmand:speed>
        </extensions>
      </trkpt>
      <trkpt lat="51.0716735" lon="11.91171">
        <ele>234.6</ele>
        <time>2026-10-04T06:52:15Z</time>
        <hdop>6</hdop>
        <extensions>
          <osmand:speed>6.6</osmand:speed>
        </extensions>
      </trkpt>
      <trkpt lat="51.071583" lon="11.911216">
        <ele>233.6</ele>
        <time>2026-10-04T06:52:21Z</time>
        <hdop>6</hdop>
        <extensions>
          <osmand:speed>5.6</osmand:speed>
        </extensions>
      </trkpt>
      <trkpt lat="51.0715229" lon="11.9109155">
        <ele>232.8</ele>
        <time>2026-10-04T06:52:27Z</time>
        <hdop>5.9</hdop>
        <extensions>
          <osmand:speed>3.8</osmand:speed>
        </extensions>
      </trkpt>
      <trkpt lat="51.0714299" lon="11.91062">
        <ele>232.6</ele>
        <time>2026-10-04T06:52:32Z</time>
        <hdop>7.3</hdop>
        <extensions>
          <osmand:speed>3.8</osmand:speed>
        </extensions>
      </trkpt>
      <trkpt lat="51.0713396" lon="11.9100475">
        <ele>231.6</ele>
        <time>2026-10-04T06:52:38Z</time>
        <hdop>6.1</hdop>
        <extensions>
          <osmand:speed>6.1</osmand:speed>
        </extensions>
      </trkpt>
      <trkpt lat="51.071254" lon="11.9096089">
        <ele>230.8</ele>
        <time>2026-10-04T06:52:43Z</time>
        <hdop>6.3</hdop>
        <extensions>
          <osmand:speed>6.4</osmand:speed>
        </extensions>
      </trkpt>
      <trkpt lat="51.0711622" lon="11.9090386">
        <ele>230.4</ele>
        <time>2026-10-04T06:52:49Z</time>
        <hdop>6.6</hdop>
        <extensions>
          <osmand:speed>6.9</osmand:speed>
        </extensions>
      </trkpt>
      <trkpt lat="51.0710999" lon="11.9085541">
        <ele>229.3</ele>
        <time>2026-10-04T06:52:54Z</time>
        <hdop>6.7</hdop>
        <extensions>
          <osmand:speed>6.8</osmand:speed>
        </extensions>
      </trkpt>
      <trkpt lat="51.0710665" lon="11.9080712">
        <ele>229</ele>
        <time>2026-10-04T06:52:59Z</time>
        <hdop>6.7</hdop>
        <extensions>
          <osmand:speed>6.8</osmand:speed>
        </extensions>
      </trkpt>
      <trkpt lat="51.0710581" lon="11.9075538">
        <ele>228.2</ele>
        <time>2026-10-04T06:53:04Z</time>
        <hdop>6.9</hdop>
        <extensions>
          <osmand:speed>6.9</osmand:speed>
        </extensions>
      </trkpt>
      <trkpt lat="51.0710712" lon="11.9069414">
        <ele>227.2</ele>
        <time>2026-10-04T06:53:10Z</time>
        <hdop>7.3</hdop>
        <extensions>
          <osmand:speed>7.1</osmand:speed>
        </extensions>
      </trkpt>
      <trkpt lat="51.0710956" lon="11.9063373">
        <ele>226.5</ele>
        <time>2026-10-04T06:53:16Z</time>
        <hdop>7.6</hdop>
        <extensions>
          <osmand:speed>7.1</osmand:speed>
        </extensions>
      </trkpt>
      <trkpt lat="51.0711533" lon="11.9056945">
        <ele>225.6</ele>
        <time>2026-10-04T06:53:22Z</time>
        <hdop>7.5</hdop>
        <extensions>
          <osmand:speed>7.5</osmand:speed>
        </extensions>
      </trkpt>
      <trkpt lat="51.0712017" lon="11.9051583">
        <ele>224.5</ele>
        <time>2026-10-04T06:53:27Z</time>
        <hdop>7.8</hdop>
        <extensions>
          <osmand:speed>7.4</osmand:speed>
        </extensions>
      </trkpt>
      <trkpt lat="51.0712164" lon="11.9046244">
        <ele>223.9</ele>
        <time>2026-10-04T06:53:32Z</time>
        <hdop>8.1</hdop>
        <extensions>
          <osmand:speed>7.4</osmand:speed>
        </extensions>
      </trkpt>
      <trkpt lat="51.0711737" lon="11.9039738">
        <ele>222.8</ele>
        <time>2026-10-04T06:53:38Z</time>
        <hdop>7.3</hdop>
        <extensions>
          <osmand:speed>7.5</osmand:speed>
        </extensions>
      </trkpt>
      <trkpt lat="51.0710265" lon="11.9033326">
        <ele>221.3</ele>
        <time>2026-10-04T06:53:44Z</time>
        <hdop>6.9</hdop>
        <extensions>
          <osmand:speed>7.8</osmand:speed>
        </extensions>
      </trkpt>
      <trkpt lat="51.0708194" lon="11.9027032">
        <ele>219.9</ele>
        <time>2026-10-04T06:53:50Z</time>
        <hdop>6.8</hdop>
        <extensions>
          <osmand:speed>8.1</osmand:speed>
        </extensions>
      </trkpt>
      <trkpt lat="51.070631" lon="11.9021132">
        <ele>219.1</ele>
        <time>2026-10-04T06:53:56Z</time>
        <hdop>7</hdop>
        <extensions>
          <osmand:speed>7.6</osmand:speed>
        </extensions>
      </trkpt>
      <trkpt lat="51.0705338" lon="11.9014711">
        <ele>218.3</ele>
        <time>2026-10-04T06:54:02Z</time>
        <hdop>7.2</hdop>
        <extensions>
          <osmand:speed>7.6</osmand:speed>
        </extensions>
      </trkpt>
      <trkpt lat="51.0705037" lon="11.9009157">
        <ele>217</ele>
        <time>2026-10-04T06:54:07Z</time>
        <hdop>7.9</hdop>
        <extensions>
          <osmand:speed>7.6</osmand:speed>
        </extensions>
      </trkpt>
      <trkpt lat="51.0705181" lon="11.9004007">
        <ele>216.1</ele>
        <time>2026-10-04T06:54:12Z</time>
        <hdop>8.1</hdop>
        <extensions>
          <osmand:speed>7.1</osmand:speed>
        </extensions>
      </trkpt>
      <trkpt lat="51.0705928" lon="11.8998874">
        <ele>215.2</ele>
        <time>2026-10-04T06:54:17Z</time>
        <hdop>7.9</hdop>
        <extensions>
          <osmand:speed>7.2</osmand:speed>
        </extensions>
      </trkpt>
      <trkpt lat="51.070655" lon="11.8993258">
        <ele>213.9</ele>
        <time>2026-10-04T06:54:22Z</time>
        <hdop>8.1</hdop>
        <extensions>
          <osmand:speed>7.7</osmand:speed>
        </extensions>
      </trkpt>
      <trkpt lat="51.0706703" lon="11.8986359">
        <ele>212.7</ele>
        <time>2026-10-04T06:54:28Z</time>
        <hdop>7.8</hdop>
        <extensions>
          <osmand:speed>7.9</osmand:speed>
        </extensions>
      </trkpt>
      <trkpt lat="51.0705894" lon="11.897958">
        <ele>211.8</ele>
        <time>2026-10-04T06:54:34Z</time>
        <hdop>7.5</hdop>
        <extensions>
          <osmand:speed>8</osmand:speed>
        </extensions>
      </trkpt>
      <trkpt lat="51.0704471" lon="11.897415">
        <ele>210.8</ele>
        <time>2026-10-04T06:54:39Z</time>
        <hdop>7.4</hdop>
        <extensions>
          <osmand:speed>8.1</osmand:speed>
        </extensions>
      </trkpt>
      <trkpt lat="51.0702051" lon="11.8968325">
        <ele>209.7</ele>
        <time>2026-10-04T06:54:45Z</time>
        <hdop>7.2</hdop>
        <extensions>
          <osmand:speed>7.9</osmand:speed>
        </extensions>
      </trkpt>
      <trkpt lat="51.0700076" lon="11.8963499">
        <ele>208.3</ele>
        <time>2026-10-04T06:54:50Z</time>
        <hdop>7.7</hdop>
        <extensions>
          <osmand:speed>7.9</osmand:speed>
        </extensions>
      </trkpt>
      <trkpt lat="51.0698409" lon="11.8957516">
        <ele>207</ele>
        <time>2026-10-04T06:54:56Z</time>
        <hdop>8.2</hdop>
        <extensions>
          <osmand:speed>7.5</osmand:speed>
        </extensions>
      </trkpt>
      <trkpt lat="51.0697729" lon="11.8952012">
        <ele>206.5</ele>
        <time>2026-10-04T06:55:01Z</time>
        <hdop>8.4</hdop>
        <extensions>
          <osmand:speed>7.5</osmand:speed>
        </extensions>
      </trkpt>
      <trkpt lat="51.069758" lon="11.894531">
        <ele>204.9</ele>
        <time>2026-10-04T06:55:07Z</time>
        <hdop>8.6</hdop>
        <extensions>
          <osmand:speed>7.7</osmand:speed>
        </extensions>
      </trkpt>
      <trkpt lat="51.0698197" lon="11.8938882">
        <ele>204</ele>
        <time>2026-10-04T06:55:13Z</time>
        <hdop>8.4</hdop>
        <extensions>
          <osmand:speed>7.4</osmand:speed>
        </extensions>
      </trkpt>
      <trkpt lat="51.0699519" lon="11.8932482">
        <ele>202.8</ele>
        <time>2026-10-04T06:55:19Z</time>
        <hdop>8.6</hdop>
        <extensions>
          <osmand:speed>7.6</osmand:speed>
        </extensions>
      </trkpt>
      <trkpt lat="51.070145" lon="11.8927809">
        <ele>201.7</ele>
        <time>2026-10-04T06:55:24Z</time>
        <hdop>8</hdop>
        <extensions>
          <osmand:speed>7.4</osmand:speed>
        </extensions>
      </trkpt>
      <trkpt lat="51.0703869" lon="11.8922671">
        <ele>200.5</ele>
        <time>2026-10-04T06:55:30Z</time>
        <hdop>8.1</hdop>
        <extensions>
          <osmand:speed>7.3</osmand:speed>
        </extensions>
      </trkpt>
      <trkpt lat="51.0706481" lon="11.8918473">
        <ele>199.3</ele>
        <time>2026-10-04T06:55:35Z</time>
        <hdop>8.3</hdop>
        <extensions>
          <osmand:speed>7.9</osmand:speed>
        </extensions>
      </trkpt>
      <trkpt lat="51.070863" lon="11.8914378">
        <ele>198.3</ele>
        <time>2026-10-04T06:55:40Z</time>
        <hdop>7.7</hdop>
        <extensions>
          <osmand:speed>7.5</osmand:speed>
        </extensions>
      </trkpt>
      <trkpt lat="51.0711058" lon="11.890943">
        <ele>196.8</ele>
        <time>2026-10-04T06:55:46Z</time>
        <hdop>7.2</hdop>
        <extensions>
          <osmand:speed>7.2</osmand:speed>
        </extensions>
      </trkpt>
      <trkpt lat="51.0712345" lon="11.890442">
        <ele>195.9</ele>
        <time>2026-10-04T06:55:51Z</time>
        <hdop>6.5</hdop>
        <extensions>
          <osmand:speed>7.3</osmand:speed>
        </extensions>
      </trkpt>
      <trkpt lat="51.0713246" lon="11.8898529">
        <ele>194.7</ele>
        <time>2026-10-04T06:55:57Z</time>
        <hdop>7</hdop>
        <extensions>
          <osmand:speed>7</osmand:speed>
        </extensions>
      </trkpt>
      <trkpt lat="51.0713532" lon="11.8892332">
        <ele>193.7</ele>
        <time>2026-10-04T06:56:03Z</time>
        <hdop>6.6</hdop>
        <extensions>
          <osmand:speed>7.1</osmand:speed>
        </extensions>
      </trkpt>
      <trkpt lat="51.0713341" lon="11.8887338">
        <ele>193.1</ele>
        <time>2026-10-04T06:56:08Z</time>
        <hdop>7.2</hdop>
        <extensions>
          <osmand:speed>6.9</osmand:speed>
        </extensions>
      </trkpt>
      <trkpt lat="51.0713142" lon="11.8881313">
        <ele>192</ele>
        <time>2026-10-04T06:56:14Z</time>
        <hdop>8.1</hdop>
        <extensions>
          <osmand:speed>6.8</osmand:speed>
        </extensions>
      </trkpt>
      <trkpt lat="51.0713801" lon="11.8876151">
        <ele>191.2</ele>
        <time>2026-10-04T06:56:19Z</time>
        <hdop>8.4</hdop>
        <extensions>
          <osmand:speed>7.1</osmand:speed>
        </extensions>
      </trkpt>
      <trkpt lat="51.0715254" lon="11.8870026">
        <ele>190.2</ele>
        <time>2026-10-04T06:56:25Z</time>
        <hdop>7.8</hdop>
        <extensions>
          <osmand:speed>7.3</osmand:speed>
        </extensions>
      </trkpt>
      <trkpt lat="51.0716554" lon="11.8863926">
        <ele>188.7</ele>
        <time>2026-10-04T06:56:31Z</time>
        <hdop>7.5</hdop>
        <extensions>
          <osmand:speed>7.3</osmand:speed>
        </extensions>
      </trkpt>
      <trkpt lat="51.071707" lon="11.8857717">
        <ele>187.8</ele>
        <time>2026-10-04T06:56:37Z</time>
        <hdop>7.7</hdop>
        <extensions>
          <osmand:speed>7.2</osmand:speed>
        </extensions>
      </trkpt>
      <trkpt lat="51.0716961" lon="11.8852099">
        <ele>186.8</ele>
        <time>2026-10-04T06:56:42Z</time>
        <hdop>7.8</hdop>
        <extensions>
          <osmand:speed>7.8</osmand:speed>
        </extensions>
      </trkpt>
      <trkpt lat="51.0715907" lon="11.8845556">
        <ele>185.8</ele>
        <time>2026-10-04T06:56:48Z</time>
        <hdop>7.8</hdop>
        <extensions>
          <osmand:speed>7.6</osmand:speed>
        </extensions>
      </trkpt>
      <trkpt lat="51.0715011" lon="11.8840213">
        <ele>184.6</ele>
        <time>2026-10-04T06:56:53Z</time>
        <hdop>8.1</hdop>
        <extensions>
          <osmand:speed>7.5</osmand:speed>
        </extensions>
      </trkpt>
      <trkpt lat="51.0713253" lon="11.8834002">
        <ele>183.3</ele>
        <time>2026-10-04T06:56:59Z</time>
        <hdop>8</hdop>
        <extensions>
          <osmand:speed>7.7</osmand:speed>
        </extensions>
      </trkpt>
      <trkpt lat="51.0711284" lon="11.8828164">
        <ele>182</ele>
        <time>2026-10-04T06:57:05Z</time>
        <hdop>8.4</hdop>
        <extensions>
          <osmand:speed>7.6</osmand:speed>
        </extensions>
      </trkpt>
      <trkpt lat="51.0709201" lon="11.8823637">
        <ele>181</ele>
        <time>2026-10-04T06:57:10Z</time>
        <hdop>7.5</hdop>
        <extensions>
          <osmand:speed>7.7</osmand:speed>
        </extensions>
      </trkpt>
      <trkpt lat="51.0706585" lon="11.8818364">
        <ele>179.9</ele>
        <time>2026-10-04T06:57:16Z</time>
        <hdop>6.9</hdop>
        <extensions>
          <osmand:speed>8</osmand:speed>
        </extensions>
      </trkpt>
      <trkpt lat="51.0704368" lon="11.8813824">
        <ele>179.1</ele>
        <time>2026-10-04T06:57:21Z</time>
        <hdop>7.1</hdop>
        <extensions>
          <osmand:speed>7.9</osmand:speed>
        </extensions>
      </trkpt>
      <trkpt lat="51.0701649" lon="11.8808554">
        <ele>177.9</ele>
        <time>2026-10-04T06:57:27Z</time>
        <hdop>7.3</hdop>
        <extensions>
          <osmand:speed>8</osmand:speed>
        </extensions>
      </trkpt>
      <trkpt lat="51.0699422" lon="11.880289">
        <ele>176.7</ele>
        <time>2026-10-04T06:57:33Z</time>
        <hdop>6.7</hdop>
        <extensions>
          <osmand:speed>7.9</osmand:speed>
        </extensions>
      </trkpt>
      <trkpt lat="51.069779" lon="11.8796613">
        <ele>175.5</ele>
        <time>2026-10-04T06:57:39Z</time>
        <hdop>6.9</hdop>
        <extensions>
          <osmand:speed>7.9</osmand:speed>
        </extensions>
      </trkpt>
      <trkpt lat="51.0697226" lon="11.8791078">
        <ele>174.6</ele>
        <time>2026-10-04T06:57:44Z</time>
        <hdop>7.1</hdop>
        <extensions>
          <osmand:speed>7.8</osmand:speed>
        </extensions>
      </trkpt>
      <trkpt lat="51.0696957" lon="11.8784236">
        <ele>173.1</ele>
        <time>2026-10-04T06:57:50Z</time>
        <hdop>7.7</hdop>
        <extensions>
          <osmand:speed>7.9</osmand:speed>
        </extensions>
      </trkpt>
      <trkpt lat="51.0697544" lon="11.8778733">
        <ele>172.2</ele>
        <time>2026-10-04T06:57:55Z</time>
        <hdop>7.6</hdop>
        <extensions>
          <osmand:speed>7.8</osmand:speed>
        </extensions>
      </trkpt>
      <trkpt lat="51.0698862" lon="11.8772339">
        <ele>171</ele>
        <time>2026-10-04T06:58:01Z</time>
        <hdop>8.1</hdop>
        <extensions>
          <osmand:speed>7.4</osmand:speed>
        </extensions>
      </trkpt>
      <trkpt lat="51.0700467" lon="11.8767602">
        <ele>170.4</ele>
        <time>2026-10-04T06:58:06Z</time>
        <hdop>7.9</hdop>
        <extensions>
          <osmand:speed>7.4</osmand:speed>
        </extensions>
      </trkpt>
      <trkpt lat="51.0702591" lon="11.8762859">
        <ele>168.6</ele>
        <time>2026-10-04T06:58:11Z</time>
        <hdop>8.1</hdop>
        <extensions>
          <osmand:speed>7.7</osmand:speed>
        </extensions>
      </trkpt>
      <trkpt lat="51.070526" lon="11.8757704">
        <ele>167.7</ele>
        <time>2026-10-04T06:58:17Z</time>
        <hdop>8.6</hdop>
        <extensions>
          <osmand:speed>7.6</osmand:speed>
        </extensions>
      </trkpt>
      <trkpt lat="51.0707113" lon="11.8752038">
        <ele>166.6</ele>
        <time>2026-10-04T06:58:23Z</time>
        <hdop>7.7</hdop>
        <extensions>
          <osmand:speed>7.2</osmand:speed>
        </extensions>
      </trkpt>
      <trkpt lat="51.0708357" lon="11.8746351">
        <ele>166.4</ele>
        <time>2026-10-04T06:58:29Z</time>
        <hdop>6.9</hdop>
        <extensions>
          <osmand:speed>7.1</osmand:speed>
        </extensions>
      </trkpt>
      <trkpt lat="51.0709237" lon="11.8740799">
        <ele>167.9</ele>
        <time>2026-10-04T06:58:35Z</time>
        <hdop>6.8</hdop>
        <extensions>
          <osmand:speed>6.5</osmand:speed>
        </extensions>
      </trkpt>
      <trkpt lat="51.0710116" lon="11.8735702">
        <ele>166.9</ele>
        <time>2026-10-04T06:58:41Z</time>
        <hdop>7.1</hdop>
        <extensions>
          <osmand:speed>6.3</osmand:speed>
        </extensions>
      </trkpt>
      <trkpt lat="51.0711254" lon="11.8730301">
        <ele>166.5</ele>
        <time>2026-10-04T06:58:47Z</time>
        <hdop>7.6</hdop>
        <extensions>
          <osmand:speed>6.3</osmand:speed>
        </extensions>
      </trkpt>
      <trkpt lat="51.0712272" lon="11.8725904">
        <ele>167</ele>
        <time>2026-10-04T06:58:52Z</time>
        <hdop>7.5</hdop>
        <extensions>
          <osmand:speed>6.5</osmand:speed>
        </extensions>
      </trkpt>
      <trkpt lat="51.0713719" lon="11.8720686">
        <ele>166.6</ele>
        <time>2026-10-04T06:58:58Z</time>
        <hdop>7.4</hdop>
        <extensions>
          <osmand:speed>6.5</osmand:speed>
        </extensions>
      </trkpt>
      <trkpt lat="51.0715202" lon="11.8715786">
        <ele>166.6</ele>
        <time>2026-10-04T06:59:04Z</time>
        <hdop>7</hdop>
        <extensions>
          <osmand:speed>6.3</osmand:speed>
        </extensions>
      </trkpt>
      <trkpt lat="51.0716355" lon="11.8711534">
        <ele>166.5</ele>
        <time>2026-10-04T06:59:09Z</time>
        <hdop>6.6</hdop>
        <extensions>
          <osmand:speed>6.2</osmand:speed>
        </extensions>
      </trkpt>
      <trkpt lat="51.0717212" lon="11.8707494">
        <ele>166.5</ele>
        <time>2026-10-04T06:59:14Z</time>
        <hdop>6.2</hdop>
        <extensions>
          <osmand:speed>5.9</osmand:speed>
        </extensions>
      </trkpt>
      <trkpt lat="51.0717429" lon="11.8702801">
        <ele>166.6</ele>
        <time>2026-10-04T06:59:20Z</time>
        <hdop>6.7</hdop>
        <extensions>
          <osmand:speed>5.1</osmand:speed>
        </extensions>
      </trkpt>
      <trkpt lat="51.071754" lon="11.8700879">
        <ele>166.3</ele>
        <time>2026-10-04T06:59:25Z</time>
        <hdop>6.4</hdop>
        <extensions>
          <osmand:speed>2.5</osmand:speed>
        </extensions>
      </trkpt>
      <trkpt lat="51.071737" lon="11.8699919">
        <ele>166.3</ele>
        <time>2026-10-04T06:59:31Z</time>
        <hdop>6.7</hdop>
        <extensions>
          <osmand:speed>0.6</osmand:speed>
        </extensions>
      </trkpt>
    </trkseg>
    <trkseg>
      <trkpt lat="51.0717514" lon="11.8699188">
        <ele>168.4</ele>
        <time>2026-10-04T07:33:20Z</time>
        <hdop>6</hdop>
        <extensions>
          <osmand:speed>1.6</osmand:speed>
        </extensions>
      </trkpt>
      <trkpt lat="51.0717469" lon="11.8696504">
        <ele>168.6</ele>
        <time>2026-10-04T07:33:26Z</time>
        <hdop>5.9</hdop>
        <extensions>
          <osmand:speed>3.2</osmand:speed>
        </extensions>
      </trkpt>
      <trkpt lat="51.071725" lon="11.8693268">
        <ele>168.7</ele>
        <time>2026-10-04T07:33:32Z</time>
        <hdop>5.1</hdop>
        <extensions>
          <osmand:speed>3.3</osmand:speed>
        </extensions>
      </trkpt>
      <trkpt lat="51.0716758" lon="11.8689984">
        <ele>168.7</ele>
        <time>2026-10-04T07:33:38Z</time>
        <hdop>4.6</hdop>
        <extensions>
          <osmand:speed>3.5</osmand:speed>
        </extensions>
      </trkpt>
      <trkpt lat="51.0716114" lon="11.8687079">
        <ele>168.8</ele>
        <time>2026-10-04T07:33:43Z</time>
        <hdop>4.3</hdop>
        <extensions>
          <osmand:speed>3.7</osmand:speed>
        </extensions>
      </trkpt>
      <trkpt lat="51.0715575" lon="11.8684211">
        <ele>169.1</ele>
        <time>2026-10-04T07:33:48Z</time>
        <hdop>4.7</hdop>
        <extensions>
          <osmand:speed>3.6</osmand:speed>
        </extensions>
      </trkpt>
      <trkpt lat="51.071487" lon="11.8681581">
        <ele>169</ele>
        <time>2026-10-04T07:33:53Z</time>
        <hdop>4.6</hdop>
        <extensions>
          <osmand:speed>3.5</osmand:speed>
        </extensions>
      </trkpt>
      <trkpt lat="51.0713927" lon="11.867841">
        <ele>169.2</ele>
        <time>2026-10-04T07:33:58Z</time>
        <hdop>4.5</hdop>
        <extensions>
          <osmand:speed>3.9</osmand:speed>
        </extensions>
      </trkpt>
      <trkpt lat="51.0713259" lon="11.8675104">
        <ele>169.1</ele>
        <time>2026-10-04T07:34:04Z</time>
        <hdop>4.7</hdop>
        <extensions>
          <osmand:speed>3.9</osmand:speed>
        </extensions>
      </trkpt>
      <trkpt lat="51.0712442" lon="11.8671321">
        <ele>169.6</ele>
        <time>2026-10-04T07:34:09Z</time>
        <hdop>5.3</hdop>
        <extensions>
          <osmand:speed>4.5</osmand:speed>
        </extensions>
      </trkpt>
      <trkpt lat="51.071171" lon="11.8667642">
        <ele>169.6</ele>
        <time>2026-10-04T07:34:14Z</time>
        <hdop>6.6</hdop>
        <extensions>
          <osmand:speed>5.1</osmand:speed>
        </extensions>
      </trkpt>
      <trkpt lat="51.0710984" lon="11.8664432">
        <ele>169.4</ele>
        <time>2026-10-04T07:34:19Z</time>
        <hdop>7.2</hdop>
        <extensions>
          <osmand:speed>3.9</osmand:speed>
        </extensions>
      </trkpt>
      <trkpt lat="51.0710125" lon="11.8659941">
        <ele>169.6</ele>
        <time>2026-10-04T07:34:25Z</time>
        <hdop>6.1</hdop>
        <extensions>
          <osmand:speed>4.5</osmand:speed>
        </extensions>
      </trkpt>
      <trkpt lat="51.0709283" lon="11.8656116">
        <ele>169.5</ele>
        <time>2026-10-04T07:34:30Z</time>
        <hdop>6</hdop>
        <extensions>
          <osmand:speed>5.4</osmand:speed>
        </extensions>
      </trkpt>
      <trkpt lat="51.0708301" lon="11.8651626">
        <ele>169.8</ele>
        <time>2026-10-04T07:34:36Z</time>
        <hdop>6.7</hdop>
        <extensions>
          <osmand:speed>5.4</osmand:speed>
        </extensions>
      </trkpt>
      <trkpt lat="51.0707518" lon="11.8647335">
        <ele>169.7</ele>
        <time>2026-10-04T07:34:42Z</time>
        <hdop>7.4</hdop>
        <extensions>
          <osmand:speed>5.1</osmand:speed>
        </extensions>
      </trkpt>
      <trkpt lat="51.0706488" lon="11.8642596">
        <ele>169.6</ele>
        <time>2026-10-04T07:34:48Z</time>
        <hdop>7.4</hdop>
        <extensions>
          <osmand:speed>5.6</osmand:speed>
        </extensions>
      </trkpt>
      <trkpt lat="51.0705219" lon="11.8638295">
        <ele>169.3</ele>
        <time>2026-10-04T07:34:54Z</time>
        <hdop>7</hdop>
        <extensions>
          <osmand:speed>5.4</osmand:speed>
        </extensions>
      </trkpt>
      <trkpt lat="51.0703365" lon="11.8634162">
        <ele>169.6</ele>
        <time>2026-10-04T07:35:00Z</time>
        <hdop>6.7</hdop>
        <extensions>
          <osmand:speed>5.4</osmand:speed>
        </extensions>
      </trkpt>
      <trkpt lat="51.0701241" lon="11.8630583">
        <ele>169.7</ele>
        <time>2026-10-04T07:35:06Z</time>
        <hdop>6.6</hdop>
        <extensions>
          <osmand:speed>5.4</osmand:speed>
        </extensions>
      </trkpt>
      <trkpt lat="51.0698899" lon="11.8627527">
        <ele>169.5</ele>
        <time>2026-10-04T07:35:12Z</time>
        <hdop>6.7</hdop>
        <extensions>
          <osmand:speed>5.5</osmand:speed>
        </extensions>
      </trkpt>
      <trkpt lat="51.0696874" lon="11.8625606">
        <ele>169.7</ele>
        <time>2026-10-04T07:35:17Z</time>
        <hdop>6.8</hdop>
        <extensions>
          <osmand:speed>5.3</osmand:speed>
        </extensions>
      </trkpt>
      <trkpt lat="51.0694416" lon="11.8623779">
        <ele>169.4</ele>
        <time>2026-10-04T07:35:22Z</time>
        <hdop>7.1</hdop>
        <extensions>
          <osmand:speed>5.6</osmand:speed>
        </extensions>
      </trkpt>
      <trkpt lat="51.0692145" lon="11.8622588">
        <ele>169.1</ele>
        <time>2026-10-04T07:35:27Z</time>
        <hdop>6.4</hdop>
        <extensions>
          <osmand:speed>5.1</osmand:speed>
        </extensions>
      </trkpt>
      <trkpt lat="51.0689657" lon="11.8621685">
        <ele>169</ele>
        <time>2026-10-04T07:35:33Z</time>
        <hdop>5.9</hdop>
        <extensions>
          <osmand:speed>4.3</osmand:speed>
        </extensions>
      </trkpt>
      <trkpt lat="51.0688977" lon="11.8621295">
        <ele>169.8</ele>
        <time>2026-10-04T07:35:38Z</time>
        <hdop>6.3</hdop>
        <extensions>
          <osmand:speed>1.1</osmand:speed>
        </extensions>
      </trkpt>
      <trkpt lat="51.0687128" lon="11.8621041">
        <ele>169.8</ele>
        <time>2026-10-04T07:35:44Z</time>
        <hdop>4.1</hdop>
        <extensions>
          <osmand:speed>2.8</osmand:speed>
        </extensions>
      </trkpt>
      <trkpt lat="51.0684869" lon="11.8621176">
        <ele>169.7</ele>
        <time>2026-10-04T07:35:49Z</time>
        <hdop>4</hdop>
        <extensions>
          <osmand:speed>3.8</osmand:speed>
        </extensions>
      </trkpt>
      <trkpt lat="51.0682551" lon="11.8621491">
        <ele>170.1</ele>
        <time>2026-10-04T07:35:54Z</time>
        <hdop>4.2</hdop>
        <extensions>
          <osmand:speed>4.1</osmand:speed>
        </extensions>
      </trkpt>
      <trkpt lat="51.0680117" lon="11.862233">
        <ele>170.4</ele>
        <time>2026-10-04T07:36:00Z</time>
        <hdop>4.3</hdop>
        <extensions>
          <osmand:speed>3.9</osmand:speed>
        </extensions>
      </trkpt>
      <trkpt lat="51.0677696" lon="11.8623422">
        <ele>171.1</ele>
        <time>2026-10-04T07:36:05Z</time>
        <hdop>6.7</hdop>
        <extensions>
          <osmand:speed>4.6</osmand:speed>
        </extensions>
      </trkpt>
      <trkpt lat="51.0675415" lon="11.8624288">
        <ele>171.2</ele>
        <time>2026-10-04T07:36:10Z</time>
        <hdop>7.5</hdop>
        <extensions>
          <osmand:speed>4.8</osmand:speed>
        </extensions>
      </trkpt>
      <trkpt lat="51.0673545" lon="11.8625437">
        <ele>171.9</ele>
        <time>2026-10-04T07:36:15Z</time>
        <hdop>8.5</hdop>
        <extensions>
          <osmand:speed>4.8</osmand:speed>
        </extensions>
      </trkpt>
      <trkpt lat="51.0670861" lon="11.862635">
        <ele>172.3</ele>
        <time>2026-10-04T07:36:21Z</time>
        <hdop>7</hdop>
        <extensions>
          <osmand:speed>4</osmand:speed>
        </extensions>
      </trkpt>
      <trkpt lat="51.0668687" lon="11.8627082">
        <ele>172.6</ele>
        <time>2026-10-04T07:36:26Z</time>
        <hdop>5.9</hdop>
        <extensions>
          <osmand:speed>4</osmand:speed>
        </extensions>
      </trkpt>
      <trkpt lat="51.0666192" lon="11.8627546">
        <ele>173.3</ele>
        <time>2026-10-04T07:36:31Z</time>
        <hdop>5</hdop>
        <extensions>
          <osmand:speed>3.9</osmand:speed>
        </extensions>
      </trkpt>
      <trkpt lat="51.0663932" lon="11.8627842">
        <ele>173.7</ele>
        <time>2026-10-04T07:36:37Z</time>
        <hdop>5.6</hdop>
        <extensions>
          <osmand:speed>5.3</osmand:speed>
        </extensions>
      </trkpt>
      <trkpt lat="51.0661209" lon="11.8626812">
        <ele>174.1</ele>
        <time>2026-10-04T07:36:42Z</time>
        <hdop>7.5</hdop>
        <extensions>
          <osmand:speed>4.7</osmand:speed>
        </extensions>
      </trkpt>
      <trkpt lat="51.0658804" lon="11.8625981">
        <ele>174.7</ele>
        <time>2026-10-04T07:36:47Z</time>
        <hdop>6.9</hdop>
        <extensions>
          <osmand:speed>5.1</osmand:speed>
        </extensions>
      </trkpt>
      <trkpt lat="51.0656117" lon="11.8624532">
        <ele>174.9</ele>
        <time>2026-10-04T07:36:53Z</time>
        <hdop>6.9</hdop>
        <extensions>
          <osmand:speed>4.6</osmand:speed>
        </extensions>
      </trkpt>
      <trkpt lat="51.06535" lon="11.862226">
        <ele>175.1</ele>
        <time>2026-10-04T07:36:59Z</time>
        <hdop>7.2</hdop>
        <extensions>
          <osmand:speed>5.1</osmand:speed>
        </extensions>
      </trkpt>
      <trkpt lat="51.0651494" lon="11.862003">
        <ele>175.8</ele>
        <time>2026-10-04T07:37:04Z</time>
        <hdop>7.4</hdop>
        <extensions>
          <osmand:speed>5.1</osmand:speed>
        </extensions>
      </trkpt>
      <trkpt lat="51.064949" lon="11.8617284">
        <ele>176.8</ele>
        <time>2026-10-04T07:37:10Z</time>
        <hdop>6.8</hdop>
        <extensions>
          <osmand:speed>4.6</osmand:speed>
        </extensions>
      </trkpt>
      <trkpt lat="51.0647933" lon="11.8614899">
        <ele>177</ele>
        <time>2026-10-04T07:37:15Z</time>
        <hdop>6.9</hdop>
        <extensions>
          <osmand:speed>4.6</osmand:speed>
        </extensions>
      </trkpt>
      <trkpt lat="51.0646168" lon="11.861129">
        <ele>177.3</ele>
        <time>2026-10-04T07:37:21Z</time>
        <hdop>6.1</hdop>
        <extensions>
          <osmand:speed>4.9</osmand:speed>
        </extensions>
      </trkpt>
      <trkpt lat="51.0644993" lon="11.8608494">
        <ele>178.1</ele>
        <time>2026-10-04T07:37:26Z</time>
        <hdop>6.4</hdop>
        <extensions>
          <osmand:speed>4.4</osmand:speed>
        </extensions>
      </trkpt>
      <trkpt lat="51.0644245" lon="11.8605649">
        <ele>179.1</ele>
        <time>2026-10-04T07:37:31Z</time>
        <hdop>7.7</hdop>
        <extensions>
          <osmand:speed>3.9</osmand:speed>
        </extensions>
      </trkpt>
      <trkpt lat="51.0643557" lon="11.8602459">
        <ele>180.3</ele>
        <time>2026-10-04T07:37:36Z</time>
        <hdop>6</hdop>
        <extensions>
          <osmand:speed>3.8</osmand:speed>
        </extensions>
      </trkpt>
      <trkpt lat="51.0642996" lon="11.8598985">
        <ele>181.2</ele>
        <time>2026-10-04T07:37:42Z</time>
        <hdop>5.2</hdop>
        <extensions>
          <osmand:speed>3.7</osmand:speed>
        </extensions>
      </trkpt>
      <trkpt lat="51.0642727" lon="11.8595458">
        <ele>182.2</ele>
        <time>2026-10-04T07:37:47Z</time>
        <hdop>5.2</hdop>
        <extensions>
          <osmand:speed>3.7</osmand:speed>
        </extensions>
      </trkpt>
      <trkpt lat="51.0642662" lon="11.8591455">
        <ele>182.2</ele>
        <time>2026-10-04T07:37:52Z</time>
        <hdop>5.5</hdop>
        <extensions>
          <osmand:speed>3.9</osmand:speed>
        </extensions>
      </trkpt>
      <trkpt lat="51.0642593" lon="11.8587778">
        <ele>182.7</ele>
        <time>2026-10-04T07:37:57Z</time>
        <hdop>6.7</hdop>
        <extensions>
          <osmand:speed>4</osmand:speed>
        </extensions>
      </trkpt>
      <trkpt lat="51.0642615" lon="11.8583257">
        <ele>182.9</ele>
        <time>2026-10-04T07:38:03Z</time>
        <hdop>6.6</hdop>
        <extensions>
          <osmand:speed>5</osmand:speed>
        </extensions>
      </trkpt>
      <trkpt lat="51.0642093" lon="11.8578823">
        <ele>182.6</ele>
        <time>2026-10-04T07:38:09Z</time>
        <hdop>5.5</hdop>
        <extensions>
          <osmand:speed>5.1</osmand:speed>
        </extensions>
      </trkpt>
      <trkpt lat="51.0641197" lon="11.8574581">
        <ele>183.3</ele>
        <time>2026-10-04T07:38:15Z</time>
        <hdop>5.6</hdop>
        <extensions>
          <osmand:speed>5.1</osmand:speed>
        </extensions>
      </trkpt>
      <trkpt lat="51.0639916" lon="11.8570886">
        <ele>183.8</ele>
        <time>2026-10-04T07:38:21Z</time>
        <hdop>5.8</hdop>
        <extensions>
          <osmand:speed>4.8</osmand:speed>
        </extensions>
      </trkpt>
      <trkpt lat="51.0638587" lon="11.8569232">
        <ele>185.2</ele>
        <time>2026-10-04T07:38:26Z</time>
        <hdop>6.6</hdop>
        <extensions>
          <osmand:speed>3.9</osmand:speed>
        </extensions>
      </trkpt>
      <trkpt lat="51.0637126" lon="11.8564552">
        <ele>185.8</ele>
        <time>2026-10-04T07:38:32Z</time>
        <hdop>4.2</hdop>
        <extensions>
          <osmand:speed>4.8</osmand:speed>
        </extensions>
      </trkpt>
      <trkpt lat="51.0635153" lon="11.8561305">
        <ele>186.1</ele>
        <time>2026-10-04T07:38:38Z</time>
        <hdop>7.1</hdop>
        <extensions>
          <osmand:speed>5.1</osmand:speed>
        </extensions>
      </trkpt>
      <trkpt lat="51.0633197" lon="11.8559388">
        <ele>186.5</ele>
        <time>2026-10-04T07:38:43Z</time>
        <hdop>8</hdop>
        <extensions>
          <osmand:speed>5.5</osmand:speed>
        </extensions>
      </trkpt>
      <trkpt lat="51.063088" lon="11.8556664">
        <ele>187</ele>
        <time>2026-10-04T07:38:49Z</time>
        <hdop>7.2</hdop>
        <extensions>
          <osmand:speed>4.9</osmand:speed>
        </extensions>
      </trkpt>
      <trkpt lat="51.0628148" lon="11.855451">
        <ele>187.2</ele>
        <time>2026-10-04T07:38:55Z</time>
        <hdop>7.5</hdop>
        <extensions>
          <osmand:speed>5.3</osmand:speed>
        </extensions>
      </trkpt>
      <trkpt lat="51.0625738" lon="11.85532">
        <ele>187.7</ele>
        <time>2026-10-04T07:39:00Z</time>
        <hdop>7.5</hdop>
        <extensions>
          <osmand:speed>5.5</osmand:speed>
        </extensions>
      </trkpt>
      <trkpt lat="51.0622778" lon="11.8552333">
        <ele>187.6</ele>
        <time>2026-10-04T07:39:06Z</time>
        <hdop>7.9</hdop>
        <extensions>
          <osmand:speed>5.2</osmand:speed>
        </extensions>
      </trkpt>
      <trkpt lat="51.0620276" lon="11.8552001">
        <ele>187.9</ele>
        <time>2026-10-04T07:39:11Z</time>
        <hdop>7.6</hdop>
        <extensions>
          <osmand:speed>5.5</osmand:speed>
        </extensions>
      </trkpt>
      <trkpt lat="51.0617082" lon="11.8551601">
        <ele>187.5</ele>
        <time>2026-10-04T07:39:17Z</time>
        <hdop>7.7</hdop>
        <extensions>
          <osmand:speed>5.5</osmand:speed>
        </extensions>
      </trkpt>
      <trkpt lat="51.0614261" lon="11.8551266">
        <ele>188.1</ele>
        <time>2026-10-04T07:39:23Z</time>
        <hdop>7.9</hdop>
        <extensions>
          <osmand:speed>5.1</osmand:speed>
        </extensions>
      </trkpt>
      <trkpt lat="51.0611693" lon="11.8550011">
        <ele>189</ele>
        <time>2026-10-04T07:39:28Z</time>
        <hdop>8.2</hdop>
        <extensions>
          <osmand:speed>5.8</osmand:speed>
        </extensions>
      </trkpt>
      <trkpt lat="51.0608786" lon="11.8548507">
        <ele>189.6</ele>
        <time>2026-10-04T07:39:34Z</time>
        <hdop>7.8</hdop>
        <extensions>
          <osmand:speed>5.4</osmand:speed>
        </extensions>
      </trkpt>
      <trkpt lat="51.0606262" lon="11.8547332">
        <ele>189.9</ele>
        <time>2026-10-04T07:39:39Z</time>
        <hdop>8.1</hdop>
        <extensions>
          <osmand:speed>5.7</osmand:speed>
        </extensions>
      </trkpt>
      <trkpt lat="51.0603312" lon="11.8545966">
        <ele>190.4</ele>
        <time>2026-10-04T07:39:45Z</time>
        <hdop>8.1</hdop>
        <extensions>
          <osmand:speed>5.6</osmand:speed>
        </extensions>
      </trkpt>
      <trkpt lat="51.0600574" lon="11.8544808">
        <ele>190.4</ele>
        <time>2026-10-04T07:39:50Z</time>
        <hdop>8</hdop>
        <extensions>
          <osmand:speed>5.8</osmand:speed>
        </extensions>
      </trkpt>
      <trkpt lat="51.059813" lon="11.8543322">
        <ele>190.7</ele>
        <time>2026-10-04T07:39:55Z</time>
        <hdop>7.8</hdop>
        <extensions>
          <osmand:speed>5.7</osmand:speed>
        </extensions>
      </trkpt>
      <trkpt lat="51.0595313" lon="11.8541463">
        <ele>191</ele>
        <time>2026-10-04T07:40:01Z</time>
        <hdop>7.6</hdop>
        <extensions>
          <osmand:speed>5.6</osmand:speed>
        </extensions>
      </trkpt>
      <trkpt lat="51.0592558" lon="11.8538762">
        <ele>191.2</ele>
        <time>2026-10-04T07:40:07Z</time>
        <hdop>7.5</hdop>
        <extensions>
          <osmand:speed>5.7</osmand:speed>
        </extensions>
      </trkpt>
      <trkpt lat="51.0590688" lon="11.8536162">
        <ele>192.1</ele>
        <time>2026-10-04T07:40:12Z</time>
        <hdop>7.5</hdop>
        <extensions>
          <osmand:speed>5.4</osmand:speed>
        </extensions>
      </trkpt>
      <trkpt lat="51.0588232" lon="11.8532432">
        <ele>192.4</ele>
        <time>2026-10-04T07:40:18Z</time>
        <hdop>7.3</hdop>
        <extensions>
          <osmand:speed>5.8</osmand:speed>
        </extensions>
      </trkpt>
      <trkpt lat="51.0586293" lon="11.8528599">
        <ele>192.8</ele>
        <time>2026-10-04T07:40:24Z</time>
        <hdop>6.9</hdop>
        <extensions>
          <osmand:speed>5.5</osmand:speed>
        </extensions>
      </trkpt>
      <trkpt lat="51.0584512" lon="11.8524514">
        <ele>193.2</ele>
        <time>2026-10-04T07:40:30Z</time>
        <hdop>7.1</hdop>
        <extensions>
          <osmand:speed>5.5</osmand:speed>
        </extensions>
      </trkpt>
      <trkpt lat="51.0583146" lon="11.8521133">
        <ele>193.4</ele>
        <time>2026-10-04T07:40:35Z</time>
        <hdop>7.2</hdop>
        <extensions>
          <osmand:speed>5.4</osmand:speed>
        </extensions>
      </trkpt>
      <trkpt lat="51.0581703" lon="11.8517647">
        <ele>193.6</ele>
        <time>2026-10-04T07:40:40Z</time>
        <hdop>6.9</hdop>
        <extensions>
          <osmand:speed>5.5</osmand:speed>
        </extensions>
      </trkpt>
      <trkpt lat="51.0580271" lon="11.8513397">
        <ele>194.5</ele>
        <time>2026-10-04T07:40:46Z</time>
        <hdop>6.8</hdop>
        <extensions>
          <osmand:speed>5.5</osmand:speed>
        </extensions>
      </trkpt>
      <trkpt lat="51.0579097" lon="11.8508608">
        <ele>194.7</ele>
        <time>2026-10-04T07:40:52Z</time>
        <hdop>7.2</hdop>
        <extensions>
          <osmand:speed>5.4</osmand:speed>
        </extensions>
      </trkpt>
      <trkpt lat="51.0577699" lon="11.8504056">
        <ele>194.9</ele>
        <time>2026-10-04T07:40:58Z</time>
        <hdop>7.4</hdop>
        <extensions>
          <osmand:speed>5.8</osmand:speed>
        </extensions>
      </trkpt>
      <trkpt lat="51.0576272" lon="11.8500737">
        <ele>195.2</ele>
        <time>2026-10-04T07:41:03Z</time>
        <hdop>7.2</hdop>
        <extensions>
          <osmand:speed>5.5</osmand:speed>
        </extensions>
      </trkpt>
      <trkpt lat="51.0574386" lon="11.8497033">
        <ele>195.7</ele>
        <time>2026-10-04T07:41:09Z</time>
        <hdop>7</hdop>
        <extensions>
          <osmand:speed>5.5</osmand:speed>
        </extensions>
      </trkpt>
      <trkpt lat="51.0572158" lon="11.8493407">
        <ele>195.8</ele>
        <time>2026-10-04T07:41:15Z</time>
        <hdop>6.9</hdop>
        <extensions>
          <osmand:speed>5.7</osmand:speed>
        </extensions>
      </trkpt>
      <trkpt lat="51.0570461" lon="11.8490092">
        <ele>196.4</ele>
        <time>2026-10-04T07:41:20Z</time>
        <hdop>6.9</hdop>
        <extensions>
          <osmand:speed>5.7</osmand:speed>
        </extensions>
      </trkpt>
      <trkpt lat="51.0569178" lon="11.8486569">
        <ele>196.6</ele>
        <time>2026-10-04T07:41:25Z</time>
        <hdop>7.2</hdop>
        <extensions>
          <osmand:speed>5.6</osmand:speed>
        </extensions>
      </trkpt>
      <trkpt lat="51.0567965" lon="11.8482676">
        <ele>197</ele>
        <time>2026-10-04T07:41:30Z</time>
        <hdop>7.3</hdop>
        <extensions>
          <osmand:speed>5.9</osmand:speed>
        </extensions>
      </trkpt>
      <trkpt lat="51.056656" lon="11.8477717">
        <ele>197.7</ele>
        <time>2026-10-04T07:41:36Z</time>
        <hdop>7.7</hdop>
        <extensions>
          <osmand:speed>6.2</osmand:speed>
        </extensions>
      </trkpt>
      <trkpt lat="51.0565441" lon="11.8473255">
        <ele>198.4</ele>
        <time>2026-10-04T07:41:42Z</time>
        <hdop>7.8</hdop>
        <extensions>
          <osmand:speed>5.6</osmand:speed>
        </extensions>
      </trkpt>
      <trkpt lat="51.0564082" lon="11.8469611">
        <ele>198.5</ele>
        <time>2026-10-04T07:41:47Z</time>
        <hdop>7.6</hdop>
        <extensions>
          <osmand:speed>5.7</osmand:speed>
        </extensions>
      </trkpt>
      <trkpt lat="51.0562568" lon="11.8466207">
        <ele>198.9</ele>
        <time>2026-10-04T07:41:52Z</time>
        <hdop>7.4</hdop>
        <extensions>
          <osmand:speed>5.7</osmand:speed>
        </extensions>
      </trkpt>
      <trkpt lat="51.0560663" lon="11.8462428">
        <ele>199.8</ele>
        <time>2026-10-04T07:41:58Z</time>
        <hdop>7.5</hdop>
        <extensions>
          <osmand:speed>5.6</osmand:speed>
        </extensions>
      </trkpt>
      <trkpt lat="51.0559235" lon="11.8458463">
        <ele>199.5</ele>
        <time>2026-10-04T07:42:03Z</time>
        <hdop>8</hdop>
        <extensions>
          <osmand:speed>6.2</osmand:speed>
        </extensions>
      </trkpt>
      <trkpt lat="51.0557936" lon="11.845333">
        <ele>199.6</ele>
        <time>2026-10-04T07:42:09Z</time>
        <hdop>7.1</hdop>
        <extensions>
          <osmand:speed>6.1</osmand:speed>
        </extensions>
      </trkpt>
      <trkpt lat="51.0556132" lon="11.8449526">
        <ele>199.8</ele>
        <time>2026-10-04T07:42:15Z</time>
        <hdop>7.8</hdop>
        <extensions>
          <osmand:speed>5.3</osmand:speed>
        </extensions>
      </trkpt>
      <trkpt lat="51.0555394" lon="11.8445884">
        <ele>200.6</ele>
        <time>2026-10-04T07:42:20Z</time>
        <hdop>7.4</hdop>
        <extensions>
          <osmand:speed>5.3</osmand:speed>
        </extensions>
      </trkpt>
      <trkpt lat="51.0555048" lon="11.8442074">
        <ele>201.7</ele>
        <time>2026-10-04T07:42:25Z</time>
        <hdop>7.6</hdop>
        <extensions>
          <osmand:speed>5.1</osmand:speed>
        </extensions>
      </trkpt>
      <trkpt lat="51.0554545" lon="11.8437445">
        <ele>202.4</ele>
        <time>2026-10-04T07:42:31Z</time>
        <hdop>7.9</hdop>
        <extensions>
          <osmand:speed>5.3</osmand:speed>
        </extensions>
      </trkpt>
      <trkpt lat="51.0554442" lon="11.8433421">
        <ele>202.3</ele>
        <time>2026-10-04T07:42:36Z</time>
        <hdop>7.7</hdop>
        <extensions>
          <osmand:speed>5.4</osmand:speed>
        </extensions>
      </trkpt>
      <trkpt lat="51.0554232" lon="11.8428582">
        <ele>202.5</ele>
        <time>2026-10-04T07:42:42Z</time>
        <hdop>7.9</hdop>
        <extensions>
          <osmand:speed>5.5</osmand:speed>
        </extensions>
      </trkpt>
      <trkpt lat="51.0553002" lon="11.8423925">
        <ele>202.8</ele>
        <time>2026-10-04T07:42:48Z</time>
        <hdop>7.9</hdop>
        <extensions>
          <osmand:speed>5.5</osmand:speed>
        </extensions>
      </trkpt>
      <trkpt lat="51.0551304" lon="11.8421183">
        <ele>203.7</ele>
        <time>2026-10-04T07:42:54Z</time>
        <hdop>7.3</hdop>
        <extensions>
          <osmand:speed>4.3</osmand:speed>
        </extensions>
      </trkpt>
      <trkpt lat="51.0550633" lon="11.8417761">
        <ele>204.9</ele>
        <time>2026-10-04T07:42:59Z</time>
        <hdop>7.4</hdop>
        <extensions>
          <osmand:speed>4</osmand:speed>
        </extensions>
      </trkpt>
      <trkpt lat="51.0549862" lon="11.8413482">
        <ele>205.2</ele>
        <time>2026-10-04T07:43:05Z</time>
        <hdop>6</hdop>
        <extensions>
          <osmand:speed>5.3</osmand:speed>
        </extensions>
      </trkpt>
      <trkpt lat="51.0549104" lon="11.8409014">
        <ele>205.7</ele>
        <time>2026-10-04T07:43:11Z</time>
        <hdop>6</hdop>
        <extensions>
          <osmand:speed>5.5</osmand:speed>
        </extensions>
      </trkpt>
      <trkpt lat="51.0548121" lon="11.840456">
        <ele>206.1</ele>
        <time>2026-10-04T07:43:17Z</time>
        <hdop>5.8</hdop>
        <extensions>
          <osmand:speed>5.3</osmand:speed>
        </extensions>
      </trkpt>
      <trkpt lat="51.0546843" lon="11.8400914">
        <ele>206.6</ele>
        <time>2026-10-04T07:43:23Z</time>
        <hdop>6.3</hdop>
        <extensions>
          <osmand:speed>4.9</osmand:speed>
        </extensions>
      </trkpt>
      <trkpt lat="51.0545919" lon="11.8398353">
        <ele>208</ele>
        <time>2026-10-04T07:43:28Z</time>
        <hdop>7.9</hdop>
        <extensions>
          <osmand:speed>3.5</osmand:speed>
        </extensions>
      </trkpt>
      <trkpt lat="51.0544869" lon="11.8395096">
        <ele>208.7</ele>
        <time>2026-10-04T07:43:33Z</time>
        <hdop>4.3</hdop>
        <extensions>
          <osmand:speed>3.8</osmand:speed>
        </extensions>
      </trkpt>
      <trkpt lat="51.0543871" lon="11.8391833">
        <ele>208.8</ele>
        <time>2026-10-04T07:43:39Z</time>
        <hdop>5.2</hdop>
        <extensions>
          <osmand:speed>3.8</osmand:speed>
        </extensions>
      </trkpt>
      <trkpt lat="51.0542769" lon="11.8388566">
        <ele>210.5</ele>
        <time>2026-10-04T07:43:44Z</time>
        <hdop>5.3</hdop>
        <extensions>
          <osmand:speed>3.9</osmand:speed>
        </extensions>
      </trkpt>
      <trkpt lat="51.0541921" lon="11.838566">
        <ele>210.8</ele>
        <time>2026-10-04T07:43:49Z</time>
        <hdop>5.1</hdop>
        <extensions>
          <osmand:speed>3.8</osmand:speed>
        </extensions>
      </trkpt>
      <trkpt lat="51.054215" lon="11.8382351">
        <ele>211.5</ele>
        <time>2026-10-04T07:43:54Z</time>
        <hdop>5.7</hdop>
        <extensions>
          <osmand:speed>3.7</osmand:speed>
        </extensions>
      </trkpt>
      <trkpt lat="51.0541833" lon="11.8378982">
        <ele>211.6</ele>
        <time>2026-10-04T07:43:59Z</time>
        <hdop>5.4</hdop>
        <extensions>
          <osmand:speed>3.7</osmand:speed>
        </extensions>
      </trkpt>
      <trkpt lat="51.0541258" lon="11.8375427">
        <ele>211.9</ele>
        <time>2026-10-04T07:44:04Z</time>
        <hdop>5.3</hdop>
        <extensions>
          <osmand:speed>3.8</osmand:speed>
        </extensions>
      </trkpt>
      <trkpt lat="51.0540841" lon="11.8371334">
        <ele>212.7</ele>
        <time>2026-10-04T07:44:10Z</time>
        <hdop>5.9</hdop>
        <extensions>
          <osmand:speed>4.1</osmand:speed>
        </extensions>
      </trkpt>
      <trkpt lat="51.054031" lon="11.8367683">
        <ele>213.5</ele>
        <time>2026-10-04T07:44:15Z</time>
        <hdop>7.6</hdop>
        <extensions>
          <osmand:speed>4.5</osmand:speed>
        </extensions>
      </trkpt>
      <trkpt lat="51.0540058" lon="11.8364832">
        <ele>214.5</ele>
        <time>2026-10-04T07:44:20Z</time>
        <hdop>8.3</hdop>
        <extensions>
          <osmand:speed>3.9</osmand:speed>
        </extensions>
      </trkpt>
      <trkpt lat="51.0539443" lon="11.8361508">
        <ele>214.6</ele>
        <time>2026-10-04T07:44:25Z</time>
        <hdop>6.5</hdop>
        <extensions>
          <osmand:speed>3.9</osmand:speed>
        </extensions>
      </trkpt>
      <trkpt lat="51.0538288" lon="11.8357843">
        <ele>215.6</ele>
        <time>2026-10-04T07:44:31Z</time>
        <hdop>5.8</hdop>
        <extensions>
          <osmand:speed>3.8</osmand:speed>
        </extensions>
      </trkpt>
      <trkpt lat="51.0537247" lon="11.8354631">
        <ele>217.3</ele>
        <time>2026-10-04T07:44:36Z</time>
        <hdop>5.5</hdop>
        <extensions>
          <osmand:speed>3.9</osmand:speed>
        </extensions>
      </trkpt>
      <trkpt lat="51.0536164" lon="11.8351232">
        <ele>217.2</ele>
        <time>2026-10-04T07:44:41Z</time>
        <hdop>6.1</hdop>
        <extensions>
          <osmand:speed>4.1</osmand:speed>
        </extensions>
      </trkpt>
      <trkpt lat="51.0534891" lon="11.8347951">
        <ele>217.3</ele>
        <time>2026-10-04T07:44:46Z</time>
        <hdop>7.9</hdop>
        <extensions>
          <osmand:speed>4.6</osmand:speed>
        </extensions>
      </trkpt>
      <trkpt lat="51.0533476" lon="11.8345434">
        <ele>218.1</ele>
        <time>2026-10-04T07:44:51Z</time>
        <hdop>7.7</hdop>
        <extensions>
          <osmand:speed>4.4</osmand:speed>
        </extensions>
      </trkpt>
      <trkpt lat="51.0531673" lon="11.8342322">
        <ele>218.9</ele>
        <time>2026-10-04T07:44:57Z</time>
        <hdop>7.8</hdop>
        <extensions>
          <osmand:speed>4.4</osmand:speed>
        </extensions>
      </trkpt>
      <trkpt lat="51.0529727" lon="11.8339291">
        <ele>219.3</ele>
        <time>2026-10-04T07:45:03Z</time>
        <hdop>6.9</hdop>
        <extensions>
          <osmand:speed>4.7</osmand:speed>
        </extensions>
      </trkpt>
      <trkpt lat="51.052849" lon="11.8337063">
        <ele>219.7</ele>
        <time>2026-10-04T07:45:08Z</time>
        <hdop>7.6</hdop>
        <extensions>
          <osmand:speed>3.5</osmand:speed>
        </extensions>
      </trkpt>
      <trkpt lat="51.0526818" lon="11.8334685">
        <ele>220.4</ele>
        <time>2026-10-04T07:45:14Z</time>
        <hdop>5.6</hdop>
        <extensions>
          <osmand:speed>3.2</osmand:speed>
        </extensions>
      </trkpt>
      <trkpt lat="51.0526036" lon="11.8333981">
        <ele>221.4</ele>
        <time>2026-10-04T07:45:19Z</time>
        <hdop>5.1</hdop>
        <extensions>
          <osmand:speed>2.3</osmand:speed>
        </extensions>
      </trkpt>
      <trkpt lat="51.0524599" lon="11.8335712">
        <ele>222.3</ele>
        <time>2026-10-04T07:45:25Z</time>
        <hdop>4.5</hdop>
        <extensions>
          <osmand:speed>2.9</osmand:speed>
        </extensions>
      </trkpt>
      <trkpt lat="51.0522919" lon="11.8336741">
        <ele>222.8</ele>
        <time>2026-10-04T07:45:30Z</time>
        <hdop>4.5</hdop>
        <extensions>
          <osmand:speed>3.3</osmand:speed>
        </extensions>
      </trkpt>
      <trkpt lat="51.0521216" lon="11.8337367">
        <ele>223.7</ele>
        <time>2026-10-04T07:45:35Z</time>
        <hdop>4.7</hdop>
        <extensions>
          <osmand:speed>3.2</osmand:speed>
        </extensions>
      </trkpt>
      <trkpt lat="51.0519873" lon="11.8337779">
        <ele>225.1</ele>
        <time>2026-10-04T07:45:40Z</time>
        <hdop>4.8</hdop>
        <extensions>
          <osmand:speed>2.4</osmand:speed>
        </extensions>
      </trkpt>
      <trkpt lat="51.0518547" lon="11.8338333">
        <ele>226.3</ele>
        <time>2026-10-04T07:45:45Z</time>
        <hdop>4.7</hdop>
        <extensions>
          <osmand:speed>2.3</osmand:speed>
        </extensions>
      </trkpt>
      <trkpt lat="51.051694" lon="11.8339053">
        <ele>228.3</ele>
        <time>2026-10-04T07:45:51Z</time>
        <hdop>4.3</hdop>
        <extensions>
          <osmand:speed>2.6</osmand:speed>
        </extensions>
      </trkpt>
      <trkpt lat="51.0515535" lon="11.8339564">
        <ele>229.2</ele>
        <time>2026-10-04T07:45:56Z</time>
        <hdop>4.5</hdop>
        <extensions>
          <osmand:speed>2.6</osmand:speed>
        </extensions>
      </trkpt>
      <trkpt lat="51.0514143" lon="11.8340001">
        <ele>231</ele>
        <time>2026-10-04T07:46:01Z</time>
        <hdop>4.2</hdop>
        <extensions>
          <osmand:speed>2.7</osmand:speed>
        </extensions>
      </trkpt>
      <trkpt lat="51.0512684" lon="11.8340485">
        <ele>231.9</ele>
        <time>2026-10-04T07:46:06Z</time>
        <hdop>4.2</hdop>
        <extensions>
          <osmand:speed>2.6</osmand:speed>
        </extensions>
      </trkpt>
      <trkpt lat="51.0510902" lon="11.8340633">
        <ele>232.6</ele>
        <time>2026-10-04T07:46:12Z</time>
        <hdop>4.3</hdop>
        <extensions>
          <osmand:speed>3</osmand:speed>
        </extensions>
      </trkpt>
      <trkpt lat="51.0509394" lon="11.8338802">
        <ele>233.3</ele>
        <time>2026-10-04T07:46:17Z</time>
        <hdop>4.7</hdop>
        <extensions>
          <osmand:speed>3.5</osmand:speed>
        </extensions>
      </trkpt>
      <trkpt lat="51.0507928" lon="11.8336549">
        <ele>233.8</ele>
        <time>2026-10-04T07:46:22Z</time>
        <hdop>4.6</hdop>
        <extensions>
          <osmand:speed>3.7</osmand:speed>
        </extensions>
      </trkpt>
      <trkpt lat="51.0506254" lon="11.8334281">
        <ele>233.7</ele>
        <time>2026-10-04T07:46:28Z</time>
        <hdop>5.1</hdop>
        <extensions>
          <osmand:speed>3.8</osmand:speed>
        </extensions>
      </trkpt>
      <trkpt lat="51.0504654" lon="11.8332065">
        <ele>234</ele>
        <time>2026-10-04T07:46:33Z</time>
        <hdop>4.9</hdop>
        <extensions>
          <osmand:speed>3.9</osmand:speed>
        </extensions>
      </trkpt>
      <trkpt lat="51.0503082" lon="11.8329971">
        <ele>234.9</ele>
        <time>2026-10-04T07:46:38Z</time>
        <hdop>5.2</hdop>
        <extensions>
          <osmand:speed>3.8</osmand:speed>
        </extensions>
      </trkpt>
      <trkpt lat="51.0501548" lon="11.8327667">
        <ele>235.9</ele>
        <time>2026-10-04T07:46:43Z</time>
        <hdop>4.8</hdop>
        <extensions>
          <osmand:speed>4</osmand:speed>
        </extensions>
      </trkpt>
      <trkpt lat="51.0499963" lon="11.8325373">
        <ele>236.7</ele>
        <time>2026-10-04T07:46:48Z</time>
        <hdop>4.7</hdop>
        <extensions>
          <osmand:speed>3.9</osmand:speed>
        </extensions>
      </trkpt>
      <trkpt lat="51.0497958" lon="11.8322721">
        <ele>237.1</ele>
        <time>2026-10-04T07:46:54Z</time>
        <hdop>5.2</hdop>
        <extensions>
          <osmand:speed>4.7</osmand:speed>
        </extensions>
      </trkpt>
      <trkpt lat="51.0495979" lon="11.8319205">
        <ele>237.2</ele>
        <time>2026-10-04T07:47:00Z</time>
        <hdop>6</hdop>
        <extensions>
          <osmand:speed>5.5</osmand:speed>
        </extensions>
      </trkpt>
      <trkpt lat="51.0494487" lon="11.8315408">
        <ele>237.2</ele>
        <time>2026-10-04T07:47:05Z</time>
        <hdop>6</hdop>
        <extensions>
          <osmand:speed>6.4</osmand:speed>
        </extensions>
      </trkpt>
      <trkpt lat="51.0492284" lon="11.831003">
        <ele>236.2</ele>
        <time>2026-10-04T07:47:11Z</time>
        <hdop>6.1</hdop>
        <extensions>
          <osmand:speed>7.4</osmand:speed>
        </extensions>
      </trkpt>
      <trkpt lat="51.0490149" lon="11.830519">
        <ele>234.4</ele>
        <time>2026-10-04T07:47:17Z</time>
        <hdop>6.6</hdop>
        <extensions>
          <osmand:speed>6.9</osmand:speed>
        </extensions>
      </trkpt>
      <trkpt lat="51.0488089" lon="11.8301484">
        <ele>233.6</ele>
        <time>2026-10-04T07:47:22Z</time>
        <hdop>6.4</hdop>
        <extensions>
          <osmand:speed>7</osmand:speed>
        </extensions>
      </trkpt>
      <trkpt lat="51.0485276" lon="11.8297581">
        <ele>233.3</ele>
        <time>2026-10-04T07:47:28Z</time>
        <hdop>6.4</hdop>
        <extensions>
          <osmand:speed>6.8</osmand:speed>
        </extensions>
      </trkpt>
      <trkpt lat="51.0483071" lon="11.8293377">
        <ele>233.2</ele>
        <time>2026-10-04T07:47:34Z</time>
        <hdop>6.3</hdop>
        <extensions>
          <osmand:speed>6.4</osmand:speed>
        </extensions>
      </trkpt>
      <trkpt lat="51.0481578" lon="11.8288971">
        <ele>233.8</ele>
        <time>2026-10-04T07:47:40Z</time>
        <hdop>6.4</hdop>
        <extensions>
          <osmand:speed>5.7</osmand:speed>
        </extensions>
      </trkpt>
      <trkpt lat="51.0480379" lon="11.8285234">
        <ele>234.5</ele>
        <time>2026-10-04T07:47:45Z</time>
        <hdop>6.3</hdop>
        <extensions>
          <osmand:speed>6</osmand:speed>
        </extensions>
      </trkpt>
      <trkpt lat="51.0478818" lon="11.8281193">
        <ele>234.7</ele>
        <time>2026-10-04T07:47:50Z</time>
        <hdop>6</hdop>
        <extensions>
          <osmand:speed>6.8</osmand:speed>
        </extensions>
      </trkpt>
      <trkpt lat="51.0476139" lon="11.827701">
        <ele>233.9</ele>
        <time>2026-10-04T07:47:56Z</time>
        <hdop>6.1</hdop>
        <extensions>
          <osmand:speed>7.1</osmand:speed>
        </extensions>
      </trkpt>
      <trkpt lat="51.0473188" lon="11.8273228">
        <ele>233.2</ele>
        <time>2026-10-04T07:48:02Z</time>
        <hdop>6.2</hdop>
        <extensions>
          <osmand:speed>7.1</osmand:speed>
        </extensions>
      </trkpt>
      <trkpt lat="51.0470356" lon="11.8269699">
        <ele>231.2</ele>
        <time>2026-10-04T07:48:08Z</time>
        <hdop>4.6</hdop>
        <extensions>
          <osmand:speed>6.6</osmand:speed>
        </extensions>
      </trkpt>
      <trkpt lat="51.0468002" lon="11.8266704">
        <ele>233.9</ele>
        <time>2026-10-04T07:48:13Z</time>
        <hdop>6.6</hdop>
        <extensions>
          <osmand:speed>6.3</osmand:speed>
        </extensions>
      </trkpt>
      <trkpt lat="51.0465859" lon="11.8263865">
        <ele>234</ele>
        <time>2026-10-04T07:48:18Z</time>
        <hdop>6.5</hdop>
        <extensions>
          <osmand:speed>6.3</osmand:speed>
        </extensions>
      </trkpt>
      <trkpt lat="51.0463728" lon="11.8260943">
        <ele>233.3</ele>
        <time>2026-10-04T07:48:23Z</time>
        <hdop>6.5</hdop>
        <extensions>
          <osmand:speed>6.3</osmand:speed>
        </extensions>
      </trkpt>
      <trkpt lat="51.0461013" lon="11.8257518">
        <ele>232.6</ele>
        <time>2026-10-04T07:48:29Z</time>
        <hdop>6.5</hdop>
        <extensions>
          <osmand:speed>6.4</osmand:speed>
        </extensions>
      </trkpt>
      <trkpt lat="51.0458272" lon="11.8253945">
        <ele>232.2</ele>
        <time>2026-10-04T07:48:35Z</time>
        <hdop>6.3</hdop>
        <extensions>
          <osmand:speed>6.5</osmand:speed>
        </extensions>
      </trkpt>
      <trkpt lat="51.0456049" lon="11.8250992">
        <ele>231.6</ele>
        <time>2026-10-04T07:48:40Z</time>
        <hdop>6.1</hdop>
        <extensions>
          <osmand:speed>6.5</osmand:speed>
        </extensions>
      </trkpt>
      <trkpt lat="51.0453292" lon="11.8247309">
        <ele>230.6</ele>
        <time>2026-10-04T07:48:46Z</time>
        <hdop>6</hdop>
        <extensions>
          <osmand:speed>6.5</osmand:speed>
        </extensions>
      </trkpt>
      <trkpt lat="51.0451836" lon="11.8245058">
        <ele>229.1</ele>
        <time>2026-10-04T07:48:52Z</time>
        <hdop>5.9</hdop>
        <extensions>
          <osmand:speed>3.7</osmand:speed>
        </extensions>
      </trkpt>
      <trkpt lat="51.0450814" lon="11.8243653">
        <ele>228.5</ele>
        <time>2026-10-04T07:48:57Z</time>
        <hdop>6.8</hdop>
        <extensions>
          <osmand:speed>2.4</osmand:speed>
        </extensions>
      </trkpt>
      <trkpt lat="51.0449399" lon="11.8241628">
        <ele>227.4</ele>
        <time>2026-10-04T07:49:02Z</time>
        <hdop>6</hdop>
        <extensions>
          <osmand:speed>3.2</osmand:speed>
        </extensions>
      </trkpt>
      <trkpt lat="51.0447959" lon="11.8240061">
        <ele>227.9</ele>
        <time>2026-10-04T07:49:07Z</time>
        <hdop>5.6</hdop>
        <extensions>
          <osmand:speed>2.8</osmand:speed>
        </extensions>
      </trkpt>
      <trkpt lat="51.044609" lon="11.8237891">
        <ele>226.4</ele>
        <time>2026-10-04T07:49:13Z</time>
        <hdop>4.9</hdop>
        <extensions>
          <osmand:speed>3.7</osmand:speed>
        </extensions>
      </trkpt>
      <trkpt lat="51.0444681" lon="11.8234955">
        <ele>222.9</ele>
        <time>2026-10-04T07:49:18Z</time>
        <hdop>6.3</hdop>
        <extensions>
          <osmand:speed>4.1</osmand:speed>
        </extensions>
      </trkpt>
      <trkpt lat="51.0443671" lon="11.8232936">
        <ele>219.6</ele>
        <time>2026-10-04T07:49:23Z</time>
        <hdop>6.5</hdop>
        <extensions>
          <osmand:speed>3.6</osmand:speed>
        </extensions>
      </trkpt>
      <trkpt lat="51.0442136" lon="11.8228549">
        <ele>222.6</ele>
        <time>2026-10-04T07:49:29Z</time>
        <hdop>6.3</hdop>
        <extensions>
          <osmand:speed>4.9</osmand:speed>
        </extensions>
      </trkpt>
      <trkpt lat="51.044098" lon="11.8225833">
        <ele>222.2</ele>
        <time>2026-10-04T07:49:34Z</time>
        <hdop>6.6</hdop>
        <extensions>
          <osmand:speed>4.1</osmand:speed>
        </extensions>
      </trkpt>
      <trkpt lat="51.044059" lon="11.8223476">
        <ele>218.8</ele>
        <time>2026-10-04T07:49:39Z</time>
        <hdop>7.1</hdop>
        <extensions>
          <osmand:speed>3.1</osmand:speed>
        </extensions>
      </trkpt>
      <trkpt lat="51.0438873" lon="11.8219389">
        <ele>217.6</ele>
        <time>2026-10-04T07:49:45Z</time>
        <hdop>7</hdop>
        <extensions>
          <osmand:speed>5.5</osmand:speed>
        </extensions>
      </trkpt>
      <trkpt lat="51.0437081" lon="11.8214733">
        <ele>216.8</ele>
        <time>2026-10-04T07:49:51Z</time>
        <hdop>7.1</hdop>
        <extensions>
          <osmand:speed>6.4</osmand:speed>
        </extensions>
      </trkpt>
      <trkpt lat="51.0435138" lon="11.8209551">
        <ele>216.1</ele>
        <time>2026-10-04T07:49:57Z</time>
        <hdop>7.6</hdop>
        <extensions>
          <osmand:speed>6.9</osmand:speed>
        </extensions>
      </trkpt>
      <trkpt lat="51.0432563" lon="11.8205618">
        <ele>214.8</ele>
        <time>2026-10-04T07:50:03Z</time>
        <hdop>8.1</hdop>
        <extensions>
          <osmand:speed>6.5</osmand:speed>
        </extensions>
      </trkpt>
      <trkpt lat="51.0428718" lon="11.8204427">
        <ele>213.4</ele>
        <time>2026-10-04T07:50:09Z</time>
        <hdop>7.9</hdop>
        <extensions>
          <osmand:speed>6.8</osmand:speed>
        </extensions>
      </trkpt>
      <trkpt lat="51.0426105" lon="11.8206146">
        <ele>212.1</ele>
        <time>2026-10-04T07:50:14Z</time>
        <hdop>8.4</hdop>
        <extensions>
          <osmand:speed>6.2</osmand:speed>
        </extensions>
      </trkpt>
      <trkpt lat="51.0424296" lon="11.820959">
        <ele>211.1</ele>
        <time>2026-10-04T07:50:19Z</time>
        <hdop>10.4</hdop>
        <extensions>
          <osmand:speed>6</osmand:speed>
        </extensions>
      </trkpt>
      <trkpt lat="51.0421802" lon="11.8214215">
        <ele>210.3</ele>
        <time>2026-10-04T07:50:25Z</time>
        <hdop>8.5</hdop>
        <extensions>
          <osmand:speed>6.4</osmand:speed>
        </extensions>
      </trkpt>
      <trkpt lat="51.0418658" lon="11.8216883">
        <ele>209.9</ele>
        <time>2026-10-04T07:50:31Z</time>
        <hdop>8.2</hdop>
        <extensions>
          <osmand:speed>6.4</osmand:speed>
        </extensions>
      </trkpt>
      <trkpt lat="51.0415545" lon="11.8218873">
        <ele>210.5</ele>
        <time>2026-10-04T07:50:37Z</time>
        <hdop>8.3</hdop>
        <extensions>
          <osmand:speed>5.9</osmand:speed>
        </extensions>
      </trkpt>
      <trkpt lat="51.0415132" lon="11.8223069">
        <ele>211.2</ele>
        <time>2026-10-04T07:50:42Z</time>
        <hdop>9.4</hdop>
        <extensions>
          <osmand:speed>5.5</osmand:speed>
        </extensions>
      </trkpt>
      <trkpt lat="51.0416015" lon="11.8227258">
        <ele>212.3</ele>
        <time>2026-10-04T07:50:47Z</time>
        <hdop>8.9</hdop>
        <extensions>
          <osmand:speed>5.7</osmand:speed>
        </extensions>
      </trkpt>
      <trkpt lat="51.0416192" lon="11.8231442">
        <ele>213</ele>
        <time>2026-10-04T07:50:52Z</time>
        <hdop>6</hdop>
        <extensions>
          <osmand:speed>5.8</osmand:speed>
        </extensions>
      </trkpt>
      <trkpt lat="51.041604" lon="11.8235229">
        <ele>213.8</ele>
        <time>2026-10-04T07:50:57Z</time>
        <hdop>4.4</hdop>
        <extensions>
          <osmand:speed>5</osmand:speed>
        </extensions>
      </trkpt>
      <trkpt lat="51.0415521" lon="11.8238919">
        <ele>215.8</ele>
        <time>2026-10-04T07:51:03Z</time>
        <hdop>4.2</hdop>
        <extensions>
          <osmand:speed>4.3</osmand:speed>
        </extensions>
      </trkpt>
      <trkpt lat="51.0414531" lon="11.8241865">
        <ele>217.2</ele>
        <time>2026-10-04T07:51:09Z</time>
        <hdop>7.5</hdop>
        <extensions>
          <osmand:speed>3.3</osmand:speed>
        </extensions>
      </trkpt>
      <trkpt lat="51.0413089" lon="11.8242005">
        <ele>218.1</ele>
        <time>2026-10-04T07:51:14Z</time>
        <hdop>5.1</hdop>
        <extensions>
          <osmand:speed>3</osmand:speed>
        </extensions>
      </trkpt>
      <trkpt lat="51.041121" lon="11.824059">
        <ele>219.7</ele>
        <time>2026-10-04T07:51:20Z</time>
        <hdop>5.5</hdop>
        <extensions>
          <osmand:speed>3.4</osmand:speed>
        </extensions>
      </trkpt>
      <trkpt lat="51.0409359" lon="11.8239476">
        <ele>221</ele>
        <time>2026-10-04T07:51:25Z</time>
        <hdop>4.3</hdop>
        <extensions>
          <osmand:speed>3.3</osmand:speed>
        </extensions>
      </trkpt>
      <trkpt lat="51.0407895" lon="11.8237991">
        <ele>221.9</ele>
        <time>2026-10-04T07:51:31Z</time>
        <hdop>3.4</hdop>
        <extensions>
          <osmand:speed>3.4</osmand:speed>
        </extensions>
      </trkpt>
      <trkpt lat="51.0406465" lon="11.8236609">
        <ele>223.1</ele>
        <time>2026-10-04T07:51:36Z</time>
        <hdop>3.1</hdop>
        <extensions>
          <osmand:speed>3.5</osmand:speed>
        </extensions>
      </trkpt>
      <trkpt lat="51.0405117" lon="11.8235207">
        <ele>224.1</ele>
        <time>2026-10-04T07:51:41Z</time>
        <hdop>3</hdop>
        <extensions>
          <osmand:speed>3.5</osmand:speed>
        </extensions>
      </trkpt>
      <trkpt lat="51.0403438" lon="11.8233653">
        <ele>225</ele>
        <time>2026-10-04T07:51:47Z</time>
        <hdop>3</hdop>
        <extensions>
          <osmand:speed>3.6</osmand:speed>
        </extensions>
      </trkpt>
      <trkpt lat="51.0401893" lon="11.8232079">
        <ele>226.3</ele>
        <time>2026-10-04T07:51:52Z</time>
        <hdop>3</hdop>
        <extensions>
          <osmand:speed>3.7</osmand:speed>
        </extensions>
      </trkpt>
      <trkpt lat="51.0400303" lon="11.8230453">
        <ele>227.3</ele>
        <time>2026-10-04T07:51:57Z</time>
        <hdop>3</hdop>
        <extensions>
          <osmand:speed>4</osmand:speed>
        </extensions>
      </trkpt>
      <trkpt lat="51.0398457" lon="11.8228705">
        <ele>227.3</ele>
        <time>2026-10-04T07:52:03Z</time>
        <hdop>3</hdop>
        <extensions>
          <osmand:speed>4.2</osmand:speed>
        </extensions>
      </trkpt>
      <trkpt lat="51.0396458" lon="11.8227953">
        <ele>228.1</ele>
        <time>2026-10-04T07:52:08Z</time>
        <hdop>3</hdop>
        <extensions>
          <osmand:speed>4.3</osmand:speed>
        </extensions>
      </trkpt>
      <trkpt lat="51.0394681" lon="11.8226455">
        <ele>229.1</ele>
        <time>2026-10-04T07:52:13Z</time>
        <hdop>3</hdop>
        <extensions>
          <osmand:speed>4.4</osmand:speed>
        </extensions>
      </trkpt>
      <trkpt lat="51.039326" lon="11.8223898">
        <ele>229.6</ele>
        <time>2026-10-04T07:52:18Z</time>
        <hdop>3</hdop>
        <extensions>
          <osmand:speed>3.9</osmand:speed>
        </extensions>
      </trkpt>
      <trkpt lat="51.0391467" lon="11.8222401">
        <ele>230.5</ele>
        <time>2026-10-04T07:52:24Z</time>
        <hdop>3</hdop>
        <extensions>
          <osmand:speed>4.1</osmand:speed>
        </extensions>
      </trkpt>
      <trkpt lat="51.0389861" lon="11.8220429">
        <ele>230.2</ele>
        <time>2026-10-04T07:52:29Z</time>
        <hdop>3</hdop>
        <extensions>
          <osmand:speed>4.4</osmand:speed>
        </extensions>
      </trkpt>
      <trkpt lat="51.0387988" lon="11.8218714">
        <ele>231.7</ele>
        <time>2026-10-04T07:52:34Z</time>
        <hdop>3</hdop>
        <extensions>
          <osmand:speed>4.5</osmand:speed>
        </extensions>
      </trkpt>
      <trkpt lat="51.0386182" lon="11.8216954">
        <ele>232.5</ele>
        <time>2026-10-04T07:52:39Z</time>
        <hdop>3</hdop>
        <extensions>
          <osmand:speed>4.5</osmand:speed>
        </extensions>
      </trkpt>
      <trkpt lat="51.038432" lon="11.8214895">
        <ele>233.3</ele>
        <time>2026-10-04T07:52:45Z</time>
        <hdop>3</hdop>
        <extensions>
          <osmand:speed>4.4</osmand:speed>
        </extensions>
      </trkpt>
      <trkpt lat="51.0382793" lon="11.8212688">
        <ele>233.5</ele>
        <time>2026-10-04T07:52:50Z</time>
        <hdop>3</hdop>
        <extensions>
          <osmand:speed>4.3</osmand:speed>
        </extensions>
      </trkpt>
      <trkpt lat="51.0381202" lon="11.8210482">
        <ele>233.7</ele>
        <time>2026-10-04T07:52:55Z</time>
        <hdop>3</hdop>
        <extensions>
          <osmand:speed>4.3</osmand:speed>
        </extensions>
      </trkpt>
      <trkpt lat="51.0379481" lon="11.8208237">
        <ele>234.8</ele>
        <time>2026-10-04T07:53:00Z</time>
        <hdop>3.7</hdop>
        <extensions>
          <osmand:speed>4</osmand:speed>
        </extensions>
      </trkpt>
      <trkpt lat="51.0377952" lon="11.8206247">
        <ele>235.5</ele>
        <time>2026-10-04T07:53:06Z</time>
        <hdop>5</hdop>
        <extensions>
          <osmand:speed>3.8</osmand:speed>
        </extensions>
      </trkpt>
      <trkpt lat="51.0376392" lon="11.8203959">
        <ele>236.7</ele>
        <time>2026-10-04T07:53:11Z</time>
        <hdop>5.1</hdop>
        <extensions>
          <osmand:speed>3.8</osmand:speed>
        </extensions>
      </trkpt>
      <trkpt lat="51.0374696" lon="11.8201632">
        <ele>237</ele>
        <time>2026-10-04T07:53:17Z</time>
        <hdop>5.2</hdop>
        <extensions>
          <osmand:speed>3.8</osmand:speed>
        </extensions>
      </trkpt>
      <trkpt lat="51.0373167" lon="11.8199495">
        <ele>238</ele>
        <time>2026-10-04T07:53:22Z</time>
        <hdop>5.4</hdop>
        <extensions>
          <osmand:speed>3.6</osmand:speed>
        </extensions>
      </trkpt>
      <trkpt lat="51.0371449" lon="11.8197327">
        <ele>239.4</ele>
        <time>2026-10-04T07:53:28Z</time>
        <hdop>5</hdop>
        <extensions>
          <osmand:speed>3.4</osmand:speed>
        </extensions>
      </trkpt>
      <trkpt lat="51.0370392" lon="11.8195843">
        <ele>240.5</ele>
        <time>2026-10-04T07:53:33Z</time>
        <hdop>4.8</hdop>
        <extensions>
          <osmand:speed>2.9</osmand:speed>
        </extensions>
      </trkpt>
      <trkpt lat="51.036928" lon="11.8194216">
        <ele>241.9</ele>
        <time>2026-10-04T07:53:39Z</time>
        <hdop>4.7</hdop>
        <extensions>
          <osmand:speed>2.6</osmand:speed>
        </extensions>
      </trkpt>
      <trkpt lat="51.0368192" lon="11.8192796">
        <ele>243.5</ele>
        <time>2026-10-04T07:53:44Z</time>
        <hdop>4.3</hdop>
        <extensions>
          <osmand:speed>2.7</osmand:speed>
        </extensions>
      </trkpt>
      <trkpt lat="51.0367018" lon="11.8191681">
        <ele>245</ele>
        <time>2026-10-04T07:53:49Z</time>
        <hdop>4.3</hdop>
        <extensions>
          <osmand:speed>2.6</osmand:speed>
        </extensions>
      </trkpt>
      <trkpt lat="51.0365591" lon="11.8190611">
        <ele>246.5</ele>
        <time>2026-10-04T07:53:55Z</time>
        <hdop>4.6</hdop>
        <extensions>
          <osmand:speed>2.7</osmand:speed>
        </extensions>
      </trkpt>
      <trkpt lat="51.0364098" lon="11.8189617">
        <ele>248.3</ele>
        <time>2026-10-04T07:54:01Z</time>
        <hdop>5.3</hdop>
        <extensions>
          <osmand:speed>2.8</osmand:speed>
        </extensions>
      </trkpt>
      <trkpt lat="51.0362813" lon="11.818869">
        <ele>249.7</ele>
        <time>2026-10-04T07:54:06Z</time>
        <hdop>7</hdop>
        <extensions>
          <osmand:speed>2.8</osmand:speed>
        </extensions>
      </trkpt>
      <trkpt lat="51.0361453" lon="11.8187683">
        <ele>251.3</ele>
        <time>2026-10-04T07:54:12Z</time>
        <hdop>8.4</hdop>
        <extensions>
          <osmand:speed>2.8</osmand:speed>
        </extensions>
      </trkpt>
      <trkpt lat="51.0360199" lon="11.8186961">
        <ele>252.6</ele>
        <time>2026-10-04T07:54:17Z</time>
        <hdop>7.3</hdop>
        <extensions>
          <osmand:speed>2.8</osmand:speed>
        </extensions>
      </trkpt>
      <trkpt lat="51.0359062" lon="11.8186082">
        <ele>254</ele>
        <time>2026-10-04T07:54:22Z</time>
        <hdop>7.4</hdop>
        <extensions>
          <osmand:speed>2.7</osmand:speed>
        </extensions>
      </trkpt>
      <trkpt lat="51.0357607" lon="11.8185132">
        <ele>255.4</ele>
        <time>2026-10-04T07:54:28Z</time>
        <hdop>7</hdop>
        <extensions>
          <osmand:speed>2.8</osmand:speed>
        </extensions>
      </trkpt>
      <trkpt lat="51.0356453" lon="11.8184112">
        <ele>256.2</ele>
        <time>2026-10-04T07:54:33Z</time>
        <hdop>7</hdop>
        <extensions>
          <osmand:speed>3</osmand:speed>
        </extensions>
      </trkpt>
      <trkpt lat="51.0355141" lon="11.8183211">
        <ele>257.4</ele>
        <time>2026-10-04T07:54:38Z</time>
        <hdop>6.5</hdop>
        <extensions>
          <osmand:speed>2.9</osmand:speed>
        </extensions>
      </trkpt>
      <trkpt lat="51.0353512" lon="11.8182241">
        <ele>258.4</ele>
        <time>2026-10-04T07:54:44Z</time>
        <hdop>6.8</hdop>
        <extensions>
          <osmand:speed>3.1</osmand:speed>
        </extensions>
      </trkpt>
      <trkpt lat="51.0351901" lon="11.8181099">
        <ele>259.8</ele>
        <time>2026-10-04T07:54:50Z</time>
        <hdop>7</hdop>
        <extensions>
          <osmand:speed>3.1</osmand:speed>
        </extensions>
      </trkpt>
      <trkpt lat="51.0350409" lon="11.8180057">
        <ele>260.8</ele>
        <time>2026-10-04T07:54:55Z</time>
        <hdop>7.4</hdop>
        <extensions>
          <osmand:speed>3.4</osmand:speed>
        </extensions>
      </trkpt>
      <trkpt lat="51.0348733" lon="11.817898">
        <ele>262.2</ele>
        <time>2026-10-04T07:55:01Z</time>
        <hdop>7.2</hdop>
        <extensions>
          <osmand:speed>3.6</osmand:speed>
        </extensions>
      </trkpt>
      <trkpt lat="51.0347169" lon="11.8177747">
        <ele>262.7</ele>
        <time>2026-10-04T07:55:06Z</time>
        <hdop>5.7</hdop>
        <extensions>
          <osmand:speed>3.3</osmand:speed>
        </extensions>
      </trkpt>
      <trkpt lat="51.0345398" lon="11.8176632">
        <ele>263.1</ele>
        <time>2026-10-04T07:55:12Z</time>
        <hdop>4.4</hdop>
        <extensions>
          <osmand:speed>3.4</osmand:speed>
        </extensions>
      </trkpt>
      <trkpt lat="51.0343522" lon="11.8175366">
        <ele>265</ele>
        <time>2026-10-04T07:55:18Z</time>
        <hdop>4.3</hdop>
        <extensions>
          <osmand:speed>3.5</osmand:speed>
        </extensions>
      </trkpt>
      <trkpt lat="51.0341713" lon="11.8174041">
        <ele>265.7</ele>
        <time>2026-10-04T07:55:24Z</time>
        <hdop>4.5</hdop>
        <extensions>
          <osmand:speed>3.5</osmand:speed>
        </extensions>
      </trkpt>
      <trkpt lat="51.0339868" lon="11.8172817">
        <ele>266.7</ele>
        <time>2026-10-04T07:55:29Z</time>
        <hdop>4.5</hdop>
        <extensions>
          <osmand:speed>3.8</osmand:speed>
        </extensions>
      </trkpt>
      <trkpt lat="51.0338152" lon="11.8171587">
        <ele>267.6</ele>
        <time>2026-10-04T07:55:34Z</time>
        <hdop>4.3</hdop>
        <extensions>
          <osmand:speed>3.6</osmand:speed>
        </extensions>
      </trkpt>
      <trkpt lat="51.0336443" lon="11.8170354">
        <ele>268.1</ele>
        <time>2026-10-04T07:55:39Z</time>
        <hdop>4.7</hdop>
        <extensions>
          <osmand:speed>3.6</osmand:speed>
        </extensions>
      </trkpt>
      <trkpt lat="51.0334481" lon="11.8169157">
        <ele>269.2</ele>
        <time>2026-10-04T07:55:44Z</time>
        <hdop>4.2</hdop>
        <extensions>
          <osmand:speed>3.6</osmand:speed>
        </extensions>
      </trkpt>
      <trkpt lat="51.0332623" lon="11.8167833">
        <ele>270.1</ele>
        <time>2026-10-04T07:55:50Z</time>
        <hdop>4.7</hdop>
        <extensions>
          <osmand:speed>3.5</osmand:speed>
        </extensions>
      </trkpt>
      <trkpt lat="51.0330496" lon="11.8166312">
        <ele>271</ele>
        <time>2026-10-04T07:55:56Z</time>
        <hdop>4.3</hdop>
        <extensions>
          <osmand:speed>3.8</osmand:speed>
        </extensions>
      </trkpt>
      <trkpt lat="51.032869" lon="11.8165075">
        <ele>271.1</ele>
        <time>2026-10-04T07:56:01Z</time>
        <hdop>4.3</hdop>
        <extensions>
          <osmand:speed>3.9</osmand:speed>
        </extensions>
      </trkpt>
      <trkpt lat="51.0326675" lon="11.8163677">
        <ele>272</ele>
        <time>2026-10-04T07:56:06Z</time>
        <hdop>4.5</hdop>
        <extensions>
          <osmand:speed>3.8</osmand:speed>
        </extensions>
      </trkpt>
      <trkpt lat="51.0324699" lon="11.816226">
        <ele>272.7</ele>
        <time>2026-10-04T07:56:12Z</time>
        <hdop>4.7</hdop>
        <extensions>
          <osmand:speed>3.9</osmand:speed>
        </extensions>
      </trkpt>
      <trkpt lat="51.0322825" lon="11.8161099">
        <ele>274.1</ele>
        <time>2026-10-04T07:56:17Z</time>
        <hdop>4.5</hdop>
        <extensions>
          <osmand:speed>3.9</osmand:speed>
        </extensions>
      </trkpt>
      <trkpt lat="51.0320774" lon="11.8159741">
        <ele>274.7</ele>
        <time>2026-10-04T07:56:22Z</time>
        <hdop>4.7</hdop>
        <extensions>
          <osmand:speed>4</osmand:speed>
        </extensions>
      </trkpt>
      <trkpt lat="51.0318735" lon="11.8158343">
        <ele>274.6</ele>
        <time>2026-10-04T07:56:27Z</time>
        <hdop>4.5</hdop>
        <extensions>
          <osmand:speed>4</osmand:speed>
        </extensions>
      </trkpt>
      <trkpt lat="51.0316356" lon="11.815667">
        <ele>275.1</ele>
        <time>2026-10-04T07:56:33Z</time>
        <hdop>5.1</hdop>
        <extensions>
          <osmand:speed>5</osmand:speed>
        </extensions>
      </trkpt>
      <trkpt lat="51.0314058" lon="11.8155121">
        <ele>274.8</ele>
        <time>2026-10-04T07:56:38Z</time>
        <hdop>6</hdop>
        <extensions>
          <osmand:speed>5.4</osmand:speed>
        </extensions>
      </trkpt>
      <trkpt lat="51.0311217" lon="11.8153203">
        <ele>275.7</ele>
        <time>2026-10-04T07:56:44Z</time>
        <hdop>6</hdop>
        <extensions>
          <osmand:speed>5.8</osmand:speed>
        </extensions>
      </trkpt>
      <trkpt lat="51.0308716" lon="11.8151545">
        <ele>275.6</ele>
        <time>2026-10-04T07:56:49Z</time>
        <hdop>5.9</hdop>
        <extensions>
          <osmand:speed>6</osmand:speed>
        </extensions>
      </trkpt>
      <trkpt lat="51.0306282" lon="11.81499">
        <ele>275.6</ele>
        <time>2026-10-04T07:56:54Z</time>
        <hdop>5.8</hdop>
        <extensions>
          <osmand:speed>5.9</osmand:speed>
        </extensions>
      </trkpt>
      <trkpt lat="51.0303356" lon="11.8147866">
        <ele>275.3</ele>
        <time>2026-10-04T07:57:00Z</time>
        <hdop>6</hdop>
        <extensions>
          <osmand:speed>5.9</osmand:speed>
        </extensions>
      </trkpt>
      <trkpt lat="51.0300349" lon="11.8145903">
        <ele>275</ele>
        <time>2026-10-04T07:57:06Z</time>
        <hdop>6</hdop>
        <extensions>
          <osmand:speed>6</osmand:speed>
        </extensions>
      </trkpt>
      <trkpt lat="51.0297294" lon="11.8143841">
        <ele>275.5</ele>
        <time>2026-10-04T07:57:12Z</time>
        <hdop>5.8</hdop>
        <extensions>
          <osmand:speed>6.1</osmand:speed>
        </extensions>
      </trkpt>
      <trkpt lat="51.0294241" lon="11.8141899">
        <ele>276</ele>
        <time>2026-10-04T07:57:18Z</time>
        <hdop>5.9</hdop>
        <extensions>
          <osmand:speed>5.9</osmand:speed>
        </extensions>
      </trkpt>
      <trkpt lat="51.0291683" lon="11.8140385">
        <ele>276.3</ele>
        <time>2026-10-04T07:57:23Z</time>
        <hdop>5.9</hdop>
        <extensions>
          <osmand:speed>5.9</osmand:speed>
        </extensions>
      </trkpt>
      <trkpt lat="51.0288707" lon="11.8138504">
        <ele>276.1</ele>
        <time>2026-10-04T07:57:29Z</time>
        <hdop>5.9</hdop>
        <extensions>
          <osmand:speed>5.9</osmand:speed>
        </extensions>
      </trkpt>
      <trkpt lat="51.0285653" lon="11.8136678">
        <ele>276.3</ele>
        <time>2026-10-04T07:57:35Z</time>
        <hdop>5.8</hdop>
        <extensions>
          <osmand:speed>6</osmand:speed>
        </extensions>
      </trkpt>
      <trkpt lat="51.0282725" lon="11.8134969">
        <ele>276.7</ele>
        <time>2026-10-04T07:57:41Z</time>
        <hdop>5.9</hdop>
        <extensions>
          <osmand:speed>5.8</osmand:speed>
        </extensions>
      </trkpt>
      <trkpt lat="51.0280291" lon="11.8133439">
        <ele>278.4</ele>
        <time>2026-10-04T07:57:46Z</time>
        <hdop>5.8</hdop>
        <extensions>
          <osmand:speed>5.7</osmand:speed>
        </extensions>
      </trkpt>
      <trkpt lat="51.0277398" lon="11.8131652">
        <ele>278.4</ele>
        <time>2026-10-04T07:57:52Z</time>
        <hdop>6</hdop>
        <extensions>
          <osmand:speed>5.8</osmand:speed>
        </extensions>
      </trkpt>
      <trkpt lat="51.0274831" lon="11.8130159">
        <ele>278.2</ele>
        <time>2026-10-04T07:57:57Z</time>
        <hdop>5.9</hdop>
        <extensions>
          <osmand:speed>6</osmand:speed>
        </extensions>
      </trkpt>
      <trkpt lat="51.0271646" lon="11.8128781">
        <ele>278</ele>
        <time>2026-10-04T07:58:03Z</time>
        <hdop>6.1</hdop>
        <extensions>
          <osmand:speed>6.2</osmand:speed>
        </extensions>
      </trkpt>
      <trkpt lat="51.0268697" lon="11.8127713">
        <ele>278.1</ele>
        <time>2026-10-04T07:58:08Z</time>
        <hdop>6.2</hdop>
        <extensions>
          <osmand:speed>6.8</osmand:speed>
        </extensions>
      </trkpt>
      <trkpt lat="51.0265004" lon="11.8126367">
        <ele>277.1</ele>
        <time>2026-10-04T07:58:14Z</time>
        <hdop>6.3</hdop>
        <extensions>
          <osmand:speed>7.1</osmand:speed>
        </extensions>
      </trkpt>
      <trkpt lat="51.0261802" lon="11.8125207">
        <ele>277</ele>
        <time>2026-10-04T07:58:19Z</time>
        <hdop>6.1</hdop>
        <extensions>
          <osmand:speed>7.2</osmand:speed>
        </extensions>
      </trkpt>
      <trkpt lat="51.0257954" lon="11.8123734">
        <ele>275.9</ele>
        <time>2026-10-04T07:58:25Z</time>
        <hdop>6.1</hdop>
        <extensions>
          <osmand:speed>7.4</osmand:speed>
        </extensions>
      </trkpt>
      <trkpt lat="51.0254134" lon="11.8122177">
        <ele>274.8</ele>
        <time>2026-10-04T07:58:31Z</time>
        <hdop>6.4</hdop>
        <extensions>
          <osmand:speed>7.3</osmand:speed>
        </extensions>
      </trkpt>
      <trkpt lat="51.0251052" lon="11.8120474">
        <ele>274.7</ele>
        <time>2026-10-04T07:58:36Z</time>
        <hdop>6.5</hdop>
        <extensions>
          <osmand:speed>7.2</osmand:speed>
        </extensions>
      </trkpt>
      <trkpt lat="51.0247844" lon="11.8117586">
        <ele>274.7</ele>
        <time>2026-10-04T07:58:42Z</time>
        <hdop>6.7</hdop>
        <extensions>
          <osmand:speed>6.8</osmand:speed>
        </extensions>
      </trkpt>
      <trkpt lat="51.024524" lon="11.8115328">
        <ele>275.7</ele>
        <time>2026-10-04T07:58:47Z</time>
        <hdop>6.8</hdop>
        <extensions>
          <osmand:speed>6.6</osmand:speed>
        </extensions>
      </trkpt>
      <trkpt lat="51.0242552" lon="11.8113342">
        <ele>275.5</ele>
        <time>2026-10-04T07:58:52Z</time>
        <hdop>6.8</hdop>
        <extensions>
          <osmand:speed>6.5</osmand:speed>
        </extensions>
      </trkpt>
      <trkpt lat="51.0239813" lon="11.8111579">
        <ele>275.3</ele>
        <time>2026-10-04T07:58:57Z</time>
        <hdop>6.4</hdop>
        <extensions>
          <osmand:speed>6.5</osmand:speed>
        </extensions>
      </trkpt>
      <trkpt lat="51.0236542" lon="11.8109772">
        <ele>275.5</ele>
        <time>2026-10-04T07:59:03Z</time>
        <hdop>6.4</hdop>
        <extensions>
          <osmand:speed>6.4</osmand:speed>
        </extensions>
      </trkpt>
      <trkpt lat="51.0233379" lon="11.8107969">
        <ele>275.7</ele>
        <time>2026-10-04T07:59:09Z</time>
        <hdop>6.6</hdop>
        <extensions>
          <osmand:speed>6.2</osmand:speed>
        </extensions>
      </trkpt>
      <trkpt lat="51.0230926" lon="11.8106497">
        <ele>277.2</ele>
        <time>2026-10-04T07:59:14Z</time>
        <hdop>6.5</hdop>
        <extensions>
          <osmand:speed>5.8</osmand:speed>
        </extensions>
      </trkpt>
      <trkpt lat="51.0228113" lon="11.8104928">
        <ele>278</ele>
        <time>2026-10-04T07:59:20Z</time>
        <hdop>6.6</hdop>
        <extensions>
          <osmand:speed>5.4</osmand:speed>
        </extensions>
      </trkpt>
      <trkpt lat="51.022577" lon="11.8103534">
        <ele>278.5</ele>
        <time>2026-10-04T07:59:25Z</time>
        <hdop>6.6</hdop>
        <extensions>
          <osmand:speed>5.5</osmand:speed>
        </extensions>
      </trkpt>
      <trkpt lat="51.0223418" lon="11.8102235">
        <ele>278.6</ele>
        <time>2026-10-04T07:59:30Z</time>
        <hdop>6.9</hdop>
        <extensions>
          <osmand:speed>5.5</osmand:speed>
        </extensions>
      </trkpt>
      <trkpt lat="51.0220539" lon="11.8100586">
        <ele>279.6</ele>
        <time>2026-10-04T07:59:36Z</time>
        <hdop>7.1</hdop>
        <extensions>
          <osmand:speed>5.6</osmand:speed>
        </extensions>
      </trkpt>
      <trkpt lat="51.0218139" lon="11.8099183">
        <ele>279.6</ele>
        <time>2026-10-04T07:59:41Z</time>
        <hdop>7</hdop>
        <extensions>
          <osmand:speed>5.7</osmand:speed>
        </extensions>
      </trkpt>
      <trkpt lat="51.0215188" lon="11.8097552">
        <ele>280.7</ele>
        <time>2026-10-04T07:59:47Z</time>
        <hdop>6.9</hdop>
        <extensions>
          <osmand:speed>5.7</osmand:speed>
        </extensions>
      </trkpt>
      <trkpt lat="51.0212219" lon="11.8095867">
        <ele>280.8</ele>
        <time>2026-10-04T07:59:53Z</time>
        <hdop>7.1</hdop>
        <extensions>
          <osmand:speed>5.8</osmand:speed>
        </extensions>
      </trkpt>
      <trkpt lat="51.0209808" lon="11.8094523">
        <ele>281</ele>
        <time>2026-10-04T07:59:58Z</time>
        <hdop>7</hdop>
        <extensions>
          <osmand:speed>5.7</osmand:speed>
        </extensions>
      </trkpt>
      <trkpt lat="51.0206961" lon="11.8092807">
        <ele>281.7</ele>
        <time>2026-10-04T08:00:04Z</time>
        <hdop>7.1</hdop>
        <extensions>
          <osmand:speed>5.6</osmand:speed>
        </extensions>
      </trkpt>
      <trkpt lat="51.0204568" lon="11.8091427">
        <ele>281.7</ele>
        <time>2026-10-04T08:00:09Z</time>
        <hdop>7</hdop>
        <extensions>
          <osmand:speed>5.6</osmand:speed>
        </extensions>
      </trkpt>
      <trkpt lat="51.0201686" lon="11.808977">
        <ele>282.8</ele>
        <time>2026-10-04T08:00:15Z</time>
        <hdop>6.6</hdop>
        <extensions>
          <osmand:speed>5.5</osmand:speed>
        </extensions>
      </trkpt>
      <trkpt lat="51.0198909" lon="11.8088244">
        <ele>283.1</ele>
        <time>2026-10-04T08:00:21Z</time>
        <hdop>6.8</hdop>
        <extensions>
          <osmand:speed>5.5</osmand:speed>
        </extensions>
      </trkpt>
      <trkpt lat="51.0196623" lon="11.8086942">
        <ele>283.3</ele>
        <time>2026-10-04T08:00:26Z</time>
        <hdop>6.8</hdop>
        <extensions>
          <osmand:speed>5.5</osmand:speed>
        </extensions>
      </trkpt>
      <trkpt lat="51.0194291" lon="11.8085601">
        <ele>283.7</ele>
        <time>2026-10-04T08:00:31Z</time>
        <hdop>7.1</hdop>
        <extensions>
          <osmand:speed>5.5</osmand:speed>
        </extensions>
      </trkpt>
      <trkpt lat="51.0191921" lon="11.8084319">
        <ele>284.8</ele>
        <time>2026-10-04T08:00:36Z</time>
        <hdop>6.9</hdop>
        <extensions>
          <osmand:speed>5.6</osmand:speed>
        </extensions>
      </trkpt>
      <trkpt lat="51.0189136" lon="11.8082726">
        <ele>285.3</ele>
        <time>2026-10-04T08:00:42Z</time>
        <hdop>7</hdop>
        <extensions>
          <osmand:speed>5.5</osmand:speed>
        </extensions>
      </trkpt>
      <trkpt lat="51.018674" lon="11.8081354">
        <ele>285.8</ele>
        <time>2026-10-04T08:00:47Z</time>
        <hdop>7.1</hdop>
        <extensions>
          <osmand:speed>5.5</osmand:speed>
        </extensions>
      </trkpt>
      <trkpt lat="51.0183923" lon="11.8079703">
        <ele>285.8</ele>
        <time>2026-10-04T08:00:53Z</time>
        <hdop>7.1</hdop>
        <extensions>
          <osmand:speed>5.5</osmand:speed>
        </extensions>
      </trkpt>
      <trkpt lat="51.018159" lon="11.8078368">
        <ele>286.5</ele>
        <time>2026-10-04T08:00:58Z</time>
        <hdop>7.3</hdop>
        <extensions>
          <osmand:speed>5.5</osmand:speed>
        </extensions>
      </trkpt>
      <trkpt lat="51.0178798" lon="11.8076779">
        <ele>286.9</ele>
        <time>2026-10-04T08:01:04Z</time>
        <hdop>6.9</hdop>
        <extensions>
          <osmand:speed>5.4</osmand:speed>
        </extensions>
      </trkpt>
      <trkpt lat="51.0176063" lon="11.8075314">
        <ele>288</ele>
        <time>2026-10-04T08:01:10Z</time>
        <hdop>7</hdop>
        <extensions>
          <osmand:speed>5.3</osmand:speed>
        </extensions>
      </trkpt>
      <trkpt lat="51.0173352" lon="11.807372">
        <ele>288.5</ele>
        <time>2026-10-04T08:01:16Z</time>
        <hdop>6.8</hdop>
        <extensions>
          <osmand:speed>5.3</osmand:speed>
        </extensions>
      </trkpt>
      <trkpt lat="51.0170997" lon="11.8072477">
        <ele>288.5</ele>
        <time>2026-10-04T08:01:21Z</time>
        <hdop>7</hdop>
        <extensions>
          <osmand:speed>5.4</osmand:speed>
        </extensions>
      </trkpt>
      <trkpt lat="51.0168693" lon="11.8071107">
        <ele>289</ele>
        <time>2026-10-04T08:01:26Z</time>
        <hdop>6.4</hdop>
        <extensions>
          <osmand:speed>5.4</osmand:speed>
        </extensions>
      </trkpt>
      <trkpt lat="51.0166231" lon="11.8069779">
        <ele>289.2</ele>
        <time>2026-10-04T08:01:31Z</time>
        <hdop>6.4</hdop>
        <extensions>
          <osmand:speed>5.7</osmand:speed>
        </extensions>
      </trkpt>
      <trkpt lat="51.016341" lon="11.8068129">
        <ele>289.5</ele>
        <time>2026-10-04T08:01:37Z</time>
        <hdop>6.5</hdop>
        <extensions>
          <osmand:speed>5.6</osmand:speed>
        </extensions>
      </trkpt>
      <trkpt lat="51.0161045" lon="11.8066825">
        <ele>290.2</ele>
        <time>2026-10-04T08:01:42Z</time>
        <hdop>6.4</hdop>
        <extensions>
          <osmand:speed>5.5</osmand:speed>
        </extensions>
      </trkpt>
      <trkpt lat="51.0158156" lon="11.8065197">
        <ele>290.3</ele>
        <time>2026-10-04T08:01:48Z</time>
        <hdop>6.4</hdop>
        <extensions>
          <osmand:speed>5.6</osmand:speed>
        </extensions>
      </trkpt>
      <trkpt lat="51.0155259" lon="11.8063524">
        <ele>290.5</ele>
        <time>2026-10-04T08:01:54Z</time>
        <hdop>6.5</hdop>
        <extensions>
          <osmand:speed>5.8</osmand:speed>
        </extensions>
      </trkpt>
      <trkpt lat="51.0152807" lon="11.8062187">
        <ele>290.8</ele>
        <time>2026-10-04T08:01:59Z</time>
        <hdop>6.4</hdop>
        <extensions>
          <osmand:speed>5.7</osmand:speed>
        </extensions>
      </trkpt>
      <trkpt lat="51.0149875" lon="11.806043">
        <ele>291</ele>
        <time>2026-10-04T08:02:05Z</time>
        <hdop>6.6</hdop>
        <extensions>
          <osmand:speed>5.8</osmand:speed>
        </extensions>
      </trkpt>
      <trkpt lat="51.0146979" lon="11.8058791">
        <ele>291.1</ele>
        <time>2026-10-04T08:02:11Z</time>
        <hdop>6.5</hdop>
        <extensions>
          <osmand:speed>5.7</osmand:speed>
        </extensions>
      </trkpt>
      <trkpt lat="51.0144004" lon="11.8057098">
        <ele>291.2</ele>
        <time>2026-10-04T08:02:17Z</time>
        <hdop>6.5</hdop>
        <extensions>
          <osmand:speed>5.7</osmand:speed>
        </extensions>
      </trkpt>
      <trkpt lat="51.0141608" lon="11.8055723">
        <ele>291.5</ele>
        <time>2026-10-04T08:02:22Z</time>
        <hdop>6.5</hdop>
        <extensions>
          <osmand:speed>5.6</osmand:speed>
        </extensions>
      </trkpt>
      <trkpt lat="51.0138803" lon="11.8054154">
        <ele>292.2</ele>
        <time>2026-10-04T08:02:28Z</time>
        <hdop>6.5</hdop>
        <extensions>
          <osmand:speed>5.4</osmand:speed>
        </extensions>
      </trkpt>
      <trkpt lat="51.0136128" lon="11.8052737">
        <ele>292.7</ele>
        <time>2026-10-04T08:02:34Z</time>
        <hdop>6.5</hdop>
        <extensions>
          <osmand:speed>5.2</osmand:speed>
        </extensions>
      </trkpt>
      <trkpt lat="51.0133914" lon="11.8051536">
        <ele>293.6</ele>
        <time>2026-10-04T08:02:39Z</time>
        <hdop>6.4</hdop>
        <extensions>
          <osmand:speed>5</osmand:speed>
        </extensions>
      </trkpt>
      <trkpt lat="51.0131428" lon="11.8050317">
        <ele>294.5</ele>
        <time>2026-10-04T08:02:45Z</time>
        <hdop>6.3</hdop>
        <extensions>
          <osmand:speed>4.8</osmand:speed>
        </extensions>
      </trkpt>
      <trkpt lat="51.0129817" lon="11.8049093">
        <ele>295.4</ele>
        <time>2026-10-04T08:02:50Z</time>
        <hdop>6.1</hdop>
        <extensions>
          <osmand:speed>3.7</osmand:speed>
        </extensions>
      </trkpt>
      <trkpt lat="51.0127334" lon="11.8048058">
        <ele>296.4</ele>
        <time>2026-10-04T08:02:56Z</time>
        <hdop>5</hdop>
        <extensions>
          <osmand:speed>3.8</osmand:speed>
        </extensions>
      </trkpt>
      <trkpt lat="51.0124984" lon="11.8047195">
        <ele>298.1</ele>
        <time>2026-10-04T08:03:02Z</time>
        <hdop>4.3</hdop>
        <extensions>
          <osmand:speed>3.7</osmand:speed>
        </extensions>
      </trkpt>
      <trkpt lat="51.0122738" lon="11.8046112">
        <ele>299.7</ele>
        <time>2026-10-04T08:03:08Z</time>
        <hdop>4.8</hdop>
        <extensions>
          <osmand:speed>3.8</osmand:speed>
        </extensions>
      </trkpt>
      <trkpt lat="51.0120721" lon="11.8045141">
        <ele>300.5</ele>
        <time>2026-10-04T08:03:13Z</time>
        <hdop>4.8</hdop>
        <extensions>
          <osmand:speed>3.7</osmand:speed>
        </extensions>
      </trkpt>
      <trkpt lat="51.0118611" lon="11.804411">
        <ele>301.5</ele>
        <time>2026-10-04T08:03:19Z</time>
        <hdop>4.8</hdop>
        <extensions>
          <osmand:speed>3.8</osmand:speed>
        </extensions>
      </trkpt>
      <trkpt lat="51.0116314" lon="11.8043073">
        <ele>302.7</ele>
        <time>2026-10-04T08:03:25Z</time>
        <hdop>4.5</hdop>
        <extensions>
          <osmand:speed>3.8</osmand:speed>
        </extensions>
      </trkpt>
      <trkpt lat="51.0114408" lon="11.8042092">
        <ele>304.6</ele>
        <time>2026-10-04T08:03:30Z</time>
        <hdop>4.7</hdop>
        <extensions>
          <osmand:speed>3.8</osmand:speed>
        </extensions>
      </trkpt>
      <trkpt lat="51.0112514" lon="11.8041141">
        <ele>304.8</ele>
        <time>2026-10-04T08:03:35Z</time>
        <hdop>4.7</hdop>
        <extensions>
          <osmand:speed>3.9</osmand:speed>
        </extensions>
      </trkpt>
      <trkpt lat="51.0110452" lon="11.8040211">
        <ele>305.1</ele>
        <time>2026-10-04T08:03:40Z</time>
        <hdop>4.8</hdop>
        <extensions>
          <osmand:speed>3.9</osmand:speed>
        </extensions>
      </trkpt>
      <trkpt lat="51.010823" lon="11.8039181">
        <ele>305.1</ele>
        <time>2026-10-04T08:03:46Z</time>
        <hdop>5</hdop>
        <extensions>
          <osmand:speed>3.9</osmand:speed>
        </extensions>
      </trkpt>
      <trkpt lat="51.0106108" lon="11.8038181">
        <ele>306.1</ele>
        <time>2026-10-04T08:03:51Z</time>
        <hdop>4.7</hdop>
        <extensions>
          <osmand:speed>4.1</osmand:speed>
        </extensions>
      </trkpt>
      <trkpt lat="51.0103989" lon="11.8037174">
        <ele>306.7</ele>
        <time>2026-10-04T08:03:56Z</time>
        <hdop>5.2</hdop>
        <extensions>
          <osmand:speed>4.2</osmand:speed>
        </extensions>
      </trkpt>
      <trkpt lat="51.0101866" lon="11.8036121">
        <ele>306.8</ele>
        <time>2026-10-04T08:04:01Z</time>
        <hdop>6.9</hdop>
        <extensions>
          <osmand:speed>4.2</osmand:speed>
        </extensions>
      </trkpt>
      <trkpt lat="51.0099142" lon="11.8034835">
        <ele>308.3</ele>
        <time>2026-10-04T08:04:07Z</time>
        <hdop>7.3</hdop>
        <extensions>
          <osmand:speed>4.8</osmand:speed>
        </extensions>
      </trkpt>
      <trkpt lat="51.0096879" lon="11.8033766">
        <ele>308.5</ele>
        <time>2026-10-04T08:04:12Z</time>
        <hdop>6.3</hdop>
        <extensions>
          <osmand:speed>5.1</osmand:speed>
        </extensions>
      </trkpt>
      <trkpt lat="51.0094558" lon="11.8032588">
        <ele>308.5</ele>
        <time>2026-10-04T08:04:17Z</time>
        <hdop>6.3</hdop>
        <extensions>
          <osmand:speed>5.3</osmand:speed>
        </extensions>
      </trkpt>
      <trkpt lat="51.0091778" lon="11.8031319">
        <ele>309.2</ele>
        <time>2026-10-04T08:04:23Z</time>
        <hdop>6.3</hdop>
        <extensions>
          <osmand:speed>5.4</osmand:speed>
        </extensions>
      </trkpt>
      <trkpt lat="51.0089485" lon="11.8030173">
        <ele>309.5</ele>
        <time>2026-10-04T08:04:28Z</time>
        <hdop>6.3</hdop>
        <extensions>
          <osmand:speed>5.3</osmand:speed>
        </extensions>
      </trkpt>
      <trkpt lat="51.008669" lon="11.802878">
        <ele>310.1</ele>
        <time>2026-10-04T08:04:34Z</time>
        <hdop>6.4</hdop>
        <extensions>
          <osmand:speed>5.3</osmand:speed>
        </extensions>
      </trkpt>
      <trkpt lat="51.0083891" lon="11.8027555">
        <ele>310.2</ele>
        <time>2026-10-04T08:04:40Z</time>
        <hdop>6.3</hdop>
        <extensions>
          <osmand:speed>5.3</osmand:speed>
        </extensions>
      </trkpt>
      <trkpt lat="51.0081028" lon="11.8026153">
        <ele>310.7</ele>
        <time>2026-10-04T08:04:46Z</time>
        <hdop>6.4</hdop>
        <extensions>
          <osmand:speed>5.6</osmand:speed>
        </extensions>
      </trkpt>
      <trkpt lat="51.0078033" lon="11.8024697">
        <ele>311</ele>
        <time>2026-10-04T08:04:52Z</time>
        <hdop>6.3</hdop>
        <extensions>
          <osmand:speed>5.9</osmand:speed>
        </extensions>
      </trkpt>
      <trkpt lat="51.0075463" lon="11.8023446">
        <ele>311.4</ele>
        <time>2026-10-04T08:04:57Z</time>
        <hdop>6.3</hdop>
        <extensions>
          <osmand:speed>6</osmand:speed>
        </extensions>
      </trkpt>
      <trkpt lat="51.0072203" lon="11.8021909">
        <ele>311.4</ele>
        <time>2026-10-04T08:05:03Z</time>
        <hdop>6.4</hdop>
        <extensions>
          <osmand:speed>6.3</osmand:speed>
        </extensions>
      </trkpt>
      <trkpt lat="51.0068937" lon="11.8020402">
        <ele>311.4</ele>
        <time>2026-10-04T08:05:09Z</time>
        <hdop>6.4</hdop>
        <extensions>
          <osmand:speed>6.3</osmand:speed>
        </extensions>
      </trkpt>
      <trkpt lat="51.00657" lon="11.801906">
        <ele>311.4</ele>
        <time>2026-10-04T08:05:15Z</time>
        <hdop>7.1</hdop>
        <extensions>
          <osmand:speed>6.1</osmand:speed>
        </extensions>
      </trkpt>
      <trkpt lat="51.006301" lon="11.8017742">
        <ele>311.6</ele>
        <time>2026-10-04T08:05:20Z</time>
        <hdop>7.8</hdop>
        <extensions>
          <osmand:speed>6.1</osmand:speed>
        </extensions>
      </trkpt>
      <trkpt lat="51.006157" lon="11.8013093">
        <ele>311.4</ele>
        <time>2026-10-04T08:05:26Z</time>
        <hdop>7.3</hdop>
        <extensions>
          <osmand:speed>6</osmand:speed>
        </extensions>
      </trkpt>
      <trkpt lat="51.0061149" lon="11.800773">
        <ele>311.4</ele>
        <time>2026-10-04T08:05:32Z</time>
        <hdop>7.3</hdop>
        <extensions>
          <osmand:speed>6.2</osmand:speed>
        </extensions>
      </trkpt>
      <trkpt lat="51.0060427" lon="11.8002549">
        <ele>311.5</ele>
        <time>2026-10-04T08:05:38Z</time>
        <hdop>7.2</hdop>
        <extensions>
          <osmand:speed>6.1</osmand:speed>
        </extensions>
      </trkpt>
      <trkpt lat="51.0059848" lon="11.7997415">
        <ele>311.4</ele>
        <time>2026-10-04T08:05:44Z</time>
        <hdop>7.2</hdop>
        <extensions>
          <osmand:speed>6</osmand:speed>
        </extensions>
      </trkpt>
      <trkpt lat="51.0059226" lon="11.7992358">
        <ele>311.6</ele>
        <time>2026-10-04T08:05:50Z</time>
        <hdop>7</hdop>
        <extensions>
          <osmand:speed>5.9</osmand:speed>
        </extensions>
      </trkpt>
      <trkpt lat="51.0058589" lon="11.7987355">
        <ele>312.3</ele>
        <time>2026-10-04T08:05:56Z</time>
        <hdop>7.2</hdop>
        <extensions>
          <osmand:speed>5.8</osmand:speed>
        </extensions>
      </trkpt>
      <trkpt lat="51.005803" lon="11.7982694">
        <ele>313</ele>
        <time>2026-10-04T08:06:02Z</time>
        <hdop>7.3</hdop>
        <extensions>
          <osmand:speed>5.5</osmand:speed>
        </extensions>
      </trkpt>
      <trkpt lat="51.0057523" lon="11.7978229">
        <ele>313.7</ele>
        <time>2026-10-04T08:06:08Z</time>
        <hdop>7.2</hdop>
        <extensions>
          <osmand:speed>5.3</osmand:speed>
        </extensions>
      </trkpt>
      <trkpt lat="51.0057568" lon="11.7973848">
        <ele>314.6</ele>
        <time>2026-10-04T08:06:14Z</time>
        <hdop>7.6</hdop>
        <extensions>
          <osmand:speed>4.9</osmand:speed>
        </extensions>
      </trkpt>
      <trkpt lat="51.0058368" lon="11.797073">
        <ele>315.9</ele>
        <time>2026-10-04T08:06:20Z</time>
        <hdop>7.7</hdop>
        <extensions>
          <osmand:speed>3.1</osmand:speed>
        </extensions>
      </trkpt>
      <trkpt lat="51.005892" lon="11.7967149">
        <ele>317</ele>
        <time>2026-10-04T08:06:25Z</time>
        <hdop>5</hdop>
        <extensions>
          <osmand:speed>3.8</osmand:speed>
        </extensions>
      </trkpt>
      <trkpt lat="51.0059266" lon="11.7964067">
        <ele>318</ele>
        <time>2026-10-04T08:06:30Z</time>
        <hdop>5.1</hdop>
        <extensions>
          <osmand:speed>3.7</osmand:speed>
        </extensions>
      </trkpt>
      <trkpt lat="51.0058609" lon="11.7960933">
        <ele>319.2</ele>
        <time>2026-10-04T08:06:35Z</time>
        <hdop>5.1</hdop>
        <extensions>
          <osmand:speed>3.5</osmand:speed>
        </extensions>
      </trkpt>
      <trkpt lat="51.0057349" lon="11.7958119">
        <ele>319.8</ele>
        <time>2026-10-04T08:06:41Z</time>
        <hdop>5.2</hdop>
        <extensions>
          <osmand:speed>3.8</osmand:speed>
        </extensions>
      </trkpt>
      <trkpt lat="51.0055985" lon="11.7955559">
        <ele>320.3</ele>
        <time>2026-10-04T08:06:46Z</time>
        <hdop>5</hdop>
        <extensions>
          <osmand:speed>3.8</osmand:speed>
        </extensions>
      </trkpt>
      <trkpt lat="51.0054533" lon="11.7952784">
        <ele>320.8</ele>
        <time>2026-10-04T08:06:51Z</time>
        <hdop>5.4</hdop>
        <extensions>
          <osmand:speed>4.4</osmand:speed>
        </extensions>
      </trkpt>
      <trkpt lat="51.0051894" lon="11.7950043">
        <ele>320.9</ele>
        <time>2026-10-04T08:06:57Z</time>
        <hdop>7.5</hdop>
        <extensions>
          <osmand:speed>5.5</osmand:speed>
        </extensions>
      </trkpt>
      <trkpt lat="51.0049681" lon="11.7948072">
        <ele>321.4</ele>
        <time>2026-10-04T08:07:02Z</time>
        <hdop>7.4</hdop>
        <extensions>
          <osmand:speed>5.6</osmand:speed>
        </extensions>
      </trkpt>
      <trkpt lat="51.0047551" lon="11.7946173">
        <ele>321</ele>
        <time>2026-10-04T08:07:07Z</time>
        <hdop>7.6</hdop>
        <extensions>
          <osmand:speed>5.5</osmand:speed>
        </extensions>
      </trkpt>
      <trkpt lat="51.0045116" lon="11.7943455">
        <ele>320.9</ele>
        <time>2026-10-04T08:07:13Z</time>
        <hdop>8</hdop>
        <extensions>
          <osmand:speed>5.3</osmand:speed>
        </extensions>
      </trkpt>
      <trkpt lat="51.0042724" lon="11.7940777">
        <ele>321.4</ele>
        <time>2026-10-04T08:07:19Z</time>
        <hdop>7.9</hdop>
        <extensions>
          <osmand:speed>5.4</osmand:speed>
        </extensions>
      </trkpt>
      <trkpt lat="51.0040335" lon="11.7938114">
        <ele>321.9</ele>
        <time>2026-10-04T08:07:25Z</time>
        <hdop>9.3</hdop>
        <extensions>
          <osmand:speed>5.3</osmand:speed>
        </extensions>
      </trkpt>
      <trkpt lat="51.0037476" lon="11.7936495">
        <ele>321.9</ele>
        <time>2026-10-04T08:07:31Z</time>
        <hdop>9.4</hdop>
        <extensions>
          <osmand:speed>5.3</osmand:speed>
        </extensions>
      </trkpt>
      <trkpt lat="51.0035186" lon="11.7935341">
        <ele>322.8</ele>
        <time>2026-10-04T08:07:36Z</time>
        <hdop>9.4</hdop>
        <extensions>
          <osmand:speed>5.1</osmand:speed>
        </extensions>
      </trkpt>
      <trkpt lat="51.0032473" lon="11.7934202">
        <ele>323.9</ele>
        <time>2026-10-04T08:07:42Z</time>
        <hdop>9.6</hdop>
        <extensions>
          <osmand:speed>5.1</osmand:speed>
        </extensions>
      </trkpt>
      <trkpt lat="51.0030153" lon="11.7933096">
        <ele>322.9</ele>
        <time>2026-10-04T08:07:47Z</time>
        <hdop>8.8</hdop>
        <extensions>
          <osmand:speed>5.5</osmand:speed>
        </extensions>
      </trkpt>
      <trkpt lat="51.0027044" lon="11.7931352">
        <ele>323.1</ele>
        <time>2026-10-04T08:07:53Z</time>
        <hdop>7.8</hdop>
        <extensions>
          <osmand:speed>6.3</osmand:speed>
        </extensions>
      </trkpt>
      <trkpt lat="51.0023978" lon="11.7929182">
        <ele>323.6</ele>
        <time>2026-10-04T08:07:59Z</time>
        <hdop>7</hdop>
        <extensions>
          <osmand:speed>6.2</osmand:speed>
        </extensions>
      </trkpt>
      <trkpt lat="51.0021419" lon="11.7927247">
        <ele>323.7</ele>
        <time>2026-10-04T08:08:04Z</time>
        <hdop>6.6</hdop>
        <extensions>
          <osmand:speed>6.3</osmand:speed>
        </extensions>
      </trkpt>
      <trkpt lat="51.0018993" lon="11.7924926">
        <ele>323.5</ele>
        <time>2026-10-04T08:08:09Z</time>
        <hdop>6.6</hdop>
        <extensions>
          <osmand:speed>6.2</osmand:speed>
        </extensions>
      </trkpt>
      <trkpt lat="51.0016208" lon="11.7921928">
        <ele>323.1</ele>
        <time>2026-10-04T08:08:15Z</time>
        <hdop>6.5</hdop>
        <extensions>
          <osmand:speed>6.2</osmand:speed>
        </extensions>
      </trkpt>
      <trkpt lat="51.0013925" lon="11.7919421">
        <ele>323.4</ele>
        <time>2026-10-04T08:08:20Z</time>
        <hdop>6.8</hdop>
        <extensions>
          <osmand:speed>6.1</osmand:speed>
        </extensions>
      </trkpt>
      <trkpt lat="51.0011085" lon="11.7916597">
        <ele>323.3</ele>
        <time>2026-10-04T08:08:26Z</time>
        <hdop>6.7</hdop>
        <extensions>
          <osmand:speed>6.2</osmand:speed>
        </extensions>
      </trkpt>
      <trkpt lat="51.0008812" lon="11.7913841">
        <ele>324.2</ele>
        <time>2026-10-04T08:08:31Z</time>
        <hdop>6.9</hdop>
        <extensions>
          <osmand:speed>6.4</osmand:speed>
        </extensions>
      </trkpt>
      <trkpt lat="51.0006302" lon="11.7910237">
        <ele>324.1</ele>
        <time>2026-10-04T08:08:37Z</time>
        <hdop>6.7</hdop>
        <extensions>
          <osmand:speed>6.2</osmand:speed>
        </extensions>
      </trkpt>
      <trkpt lat="51.0004177" lon="11.7907314">
        <ele>323.7</ele>
        <time>2026-10-04T08:08:42Z</time>
        <hdop>7</hdop>
        <extensions>
          <osmand:speed>6.2</osmand:speed>
        </extensions>
      </trkpt>
      <trkpt lat="51.0001879" lon="11.7904651">
        <ele>324.2</ele>
        <time>2026-10-04T08:08:47Z</time>
        <hdop>7.3</hdop>
        <extensions>
          <osmand:speed>6.2</osmand:speed>
        </extensions>
      </trkpt>
      <trkpt lat="50.9999002" lon="11.7902307">
        <ele>324.6</ele>
        <time>2026-10-04T08:08:53Z</time>
        <hdop>6.6</hdop>
        <extensions>
          <osmand:speed>6.1</osmand:speed>
        </extensions>
      </trkpt>
      <trkpt lat="50.9996148" lon="11.7900042">
        <ele>325.1</ele>
        <time>2026-10-04T08:08:59Z</time>
        <hdop>6.6</hdop>
        <extensions>
          <osmand:speed>5.7</osmand:speed>
        </extensions>
      </trkpt>
      <trkpt lat="50.999387" lon="11.7898186">
        <ele>325.4</ele>
        <time>2026-10-04T08:09:04Z</time>
        <hdop>6.3</hdop>
        <extensions>
          <osmand:speed>5.5</osmand:speed>
        </extensions>
      </trkpt>
      <trkpt lat="50.9992" lon="11.7896365">
        <ele>326.9</ele>
        <time>2026-10-04T08:09:09Z</time>
        <hdop>6.8</hdop>
        <extensions>
          <osmand:speed>4.8</osmand:speed>
        </extensions>
      </trkpt>
      <trkpt lat="50.9990422" lon="11.7894823">
        <ele>328.3</ele>
        <time>2026-10-04T08:09:14Z</time>
        <hdop>7.6</hdop>
        <extensions>
          <osmand:speed>4.2</osmand:speed>
        </extensions>
      </trkpt>
      <trkpt lat="50.9988979" lon="11.7892995">
        <ele>329.7</ele>
        <time>2026-10-04T08:09:19Z</time>
        <hdop>7.6</hdop>
        <extensions>
          <osmand:speed>3.7</osmand:speed>
        </extensions>
      </trkpt>
      <trkpt lat="50.9987021" lon="11.7890694">
        <ele>330.3</ele>
        <time>2026-10-04T08:09:25Z</time>
        <hdop>4.6</hdop>
        <extensions>
          <osmand:speed>3.9</osmand:speed>
        </extensions>
      </trkpt>
      <trkpt lat="50.9985083" lon="11.7888973">
        <ele>330.7</ele>
        <time>2026-10-04T08:09:30Z</time>
        <hdop>5</hdop>
        <extensions>
          <osmand:speed>3.9</osmand:speed>
        </extensions>
      </trkpt>
      <trkpt lat="50.9982915" lon="11.7886835">
        <ele>331.5</ele>
        <time>2026-10-04T08:09:35Z</time>
        <hdop>5.4</hdop>
        <extensions>
          <osmand:speed>4.7</osmand:speed>
        </extensions>
      </trkpt>
      <trkpt lat="50.9980695" lon="11.7884382">
        <ele>332</ele>
        <time>2026-10-04T08:09:41Z</time>
        <hdop>6.4</hdop>
        <extensions>
          <osmand:speed>4.9</osmand:speed>
        </extensions>
      </trkpt>
      <trkpt lat="50.9979246" lon="11.7882247">
        <ele>333</ele>
        <time>2026-10-04T08:09:46Z</time>
        <hdop>6.8</hdop>
        <extensions>
          <osmand:speed>4.1</osmand:speed>
        </extensions>
      </trkpt>
      <trkpt lat="50.9977396" lon="11.7879412">
        <ele>333.3</ele>
        <time>2026-10-04T08:09:51Z</time>
        <hdop>6.3</hdop>
        <extensions>
          <osmand:speed>5.1</osmand:speed>
        </extensions>
      </trkpt>
      <trkpt lat="50.9975683" lon="11.787677">
        <ele>333.9</ele>
        <time>2026-10-04T08:09:56Z</time>
        <hdop>6.2</hdop>
        <extensions>
          <osmand:speed>5.2</osmand:speed>
        </extensions>
      </trkpt>
      <trkpt lat="50.9973923" lon="11.7874116">
        <ele>334.2</ele>
        <time>2026-10-04T08:10:01Z</time>
        <hdop>6.5</hdop>
        <extensions>
          <osmand:speed>5.4</osmand:speed>
        </extensions>
      </trkpt>
      <trkpt lat="50.9972107" lon="11.7871386">
        <ele>334.6</ele>
        <time>2026-10-04T08:10:06Z</time>
        <hdop>6.3</hdop>
        <extensions>
          <osmand:speed>5.4</osmand:speed>
        </extensions>
      </trkpt>
      <trkpt lat="50.9969953" lon="11.7868115">
        <ele>334.8</ele>
        <time>2026-10-04T08:10:12Z</time>
        <hdop>6.4</hdop>
        <extensions>
          <osmand:speed>5.5</osmand:speed>
        </extensions>
      </trkpt>
      <trkpt lat="50.9968035" lon="11.7865359">
        <ele>335</ele>
        <time>2026-10-04T08:10:17Z</time>
        <hdop>6.3</hdop>
        <extensions>
          <osmand:speed>5.7</osmand:speed>
        </extensions>
      </trkpt>
      <trkpt lat="50.996517" lon="11.7863081">
        <ele>335.2</ele>
        <time>2026-10-04T08:10:23Z</time>
        <hdop>6.7</hdop>
        <extensions>
          <osmand:speed>6.1</osmand:speed>
        </extensions>
      </trkpt>
      <trkpt lat="50.9961721" lon="11.7861507">
        <ele>335</ele>
        <time>2026-10-04T08:10:29Z</time>
        <hdop>6.8</hdop>
        <extensions>
          <osmand:speed>6.4</osmand:speed>
        </extensions>
      </trkpt>
      <trkpt lat="50.9958441" lon="11.7860031">
        <ele>335.1</ele>
        <time>2026-10-04T08:10:35Z</time>
        <hdop>6.5</hdop>
        <extensions>
          <osmand:speed>6.2</osmand:speed>
        </extensions>
      </trkpt>
      <trkpt lat="50.9955258" lon="11.7858214">
        <ele>335.5</ele>
        <time>2026-10-04T08:10:41Z</time>
        <hdop>6.5</hdop>
        <extensions>
          <osmand:speed>6.1</osmand:speed>
        </extensions>
      </trkpt>
      <trkpt lat="50.9953052" lon="11.7855924">
        <ele>335.5</ele>
        <time>2026-10-04T08:10:46Z</time>
        <hdop>6.6</hdop>
        <extensions>
          <osmand:speed>5.7</osmand:speed>
        </extensions>
      </trkpt>
      <trkpt lat="50.9950585" lon="11.7852857">
        <ele>336.4</ele>
        <time>2026-10-04T08:10:52Z</time>
        <hdop>6.8</hdop>
        <extensions>
          <osmand:speed>5.8</osmand:speed>
        </extensions>
      </trkpt>
      <trkpt lat="50.9948776" lon="11.7849726">
        <ele>337.4</ele>
        <time>2026-10-04T08:10:57Z</time>
        <hdop>8.1</hdop>
        <extensions>
          <osmand:speed>5.9</osmand:speed>
        </extensions>
      </trkpt>
      <trkpt lat="50.9947176" lon="11.7845497">
        <ele>337.6</ele>
        <time>2026-10-04T08:11:03Z</time>
        <hdop>7.8</hdop>
        <extensions>
          <osmand:speed>5.7</osmand:speed>
        </extensions>
      </trkpt>
      <trkpt lat="50.9946069" lon="11.7841799">
        <ele>337.6</ele>
        <time>2026-10-04T08:11:08Z</time>
        <hdop>8.3</hdop>
        <extensions>
          <osmand:speed>5.6</osmand:speed>
        </extensions>
      </trkpt>
      <trkpt lat="50.9944649" lon="11.7837663">
        <ele>338.7</ele>
        <time>2026-10-04T08:11:14Z</time>
        <hdop>8.1</hdop>
        <extensions>
          <osmand:speed>5.4</osmand:speed>
        </extensions>
      </trkpt>
      <trkpt lat="50.9943128" lon="11.7833397">
        <ele>339.2</ele>
        <time>2026-10-04T08:11:20Z</time>
        <hdop>8.2</hdop>
        <extensions>
          <osmand:speed>5.6</osmand:speed>
        </extensions>
      </trkpt>
      <trkpt lat="50.994147" lon="11.7829071">
        <ele>339.9</ele>
        <time>2026-10-04T08:11:26Z</time>
        <hdop>7.8</hdop>
        <extensions>
          <osmand:speed>5.8</osmand:speed>
        </extensions>
      </trkpt>
      <trkpt lat="50.9939989" lon="11.7825455">
        <ele>339.8</ele>
        <time>2026-10-04T08:11:31Z</time>
        <hdop>7.6</hdop>
        <extensions>
          <osmand:speed>5.9</osmand:speed>
        </extensions>
      </trkpt>
      <trkpt lat="50.9938195" lon="11.7822371">
        <ele>339.9</ele>
        <time>2026-10-04T08:11:36Z</time>
        <hdop>7.5</hdop>
        <extensions>
          <osmand:speed>5.8</osmand:speed>
        </extensions>
      </trkpt>
      <trkpt lat="50.9936088" lon="11.7819672">
        <ele>340.6</ele>
        <time>2026-10-04T08:11:41Z</time>
        <hdop>8.1</hdop>
        <extensions>
          <osmand:speed>5.9</osmand:speed>
        </extensions>
      </trkpt>
      <trkpt lat="50.9933445" lon="11.7817032">
        <ele>340.8</ele>
        <time>2026-10-04T08:11:47Z</time>
        <hdop>9.1</hdop>
        <extensions>
          <osmand:speed>5.9</osmand:speed>
        </extensions>
      </trkpt>
      <trkpt lat="50.9931161" lon="11.7814517">
        <ele>341.2</ele>
        <time>2026-10-04T08:11:52Z</time>
        <hdop>8.8</hdop>
        <extensions>
          <osmand:speed>5.8</osmand:speed>
        </extensions>
      </trkpt>
      <trkpt lat="50.9929233" lon="11.7811996">
        <ele>342</ele>
        <time>2026-10-04T08:11:57Z</time>
        <hdop>8.6</hdop>
        <extensions>
          <osmand:speed>5.5</osmand:speed>
        </extensions>
      </trkpt>
      <trkpt lat="50.9927363" lon="11.780948">
        <ele>342.7</ele>
        <time>2026-10-04T08:12:02Z</time>
        <hdop>7.9</hdop>
        <extensions>
          <osmand:speed>5.3</osmand:speed>
        </extensions>
      </trkpt>
      <trkpt lat="50.992558" lon="11.7806268">
        <ele>343</ele>
        <time>2026-10-04T08:12:08Z</time>
        <hdop>7.4</hdop>
        <extensions>
          <osmand:speed>4.7</osmand:speed>
        </extensions>
      </trkpt>
      <trkpt lat="50.9924521" lon="11.7804551">
        <ele>343.1</ele>
        <time>2026-10-04T08:12:13Z</time>
        <hdop>8.2</hdop>
        <extensions>
          <osmand:speed>3.7</osmand:speed>
        </extensions>
      </trkpt>
      <trkpt lat="50.9923794" lon="11.7802366">
        <ele>343.4</ele>
        <time>2026-10-04T08:12:19Z</time>
        <hdop>6.4</hdop>
        <extensions>
          <osmand:speed>2.2</osmand:speed>
        </extensions>
      </trkpt>
      <trkpt lat="50.9922536" lon="11.780318">
        <ele>343.7</ele>
        <time>2026-10-04T08:12:24Z</time>
        <hdop>5.1</hdop>
        <extensions>
          <osmand:speed>2.7</osmand:speed>
        </extensions>
      </trkpt>
      <trkpt lat="50.992072" lon="11.7805435">
        <ele>344</ele>
        <time>2026-10-04T08:12:29Z</time>
        <hdop>4.4</hdop>
        <extensions>
          <osmand:speed>3.6</osmand:speed>
        </extensions>
      </trkpt>
      <trkpt lat="50.9918444" lon="11.7807388">
        <ele>344</ele>
        <time>2026-10-04T08:12:35Z</time>
        <hdop>5.5</hdop>
        <extensions>
          <osmand:speed>4.4</osmand:speed>
        </extensions>
      </trkpt>
      <trkpt lat="50.9916195" lon="11.7809385">
        <ele>344.3</ele>
        <time>2026-10-04T08:12:40Z</time>
        <hdop>7.7</hdop>
        <extensions>
          <osmand:speed>5.3</osmand:speed>
        </extensions>
      </trkpt>
      <trkpt lat="50.9913732" lon="11.7811825">
        <ele>343.6</ele>
        <time>2026-10-04T08:12:46Z</time>
        <hdop>4.4</hdop>
        <extensions>
          <osmand:speed>5.6</osmand:speed>
        </extensions>
      </trkpt>
      <trkpt lat="50.9911378" lon="11.7813936">
        <ele>346.1</ele>
        <time>2026-10-04T08:12:51Z</time>
        <hdop>8.5</hdop>
        <extensions>
          <osmand:speed>5.7</osmand:speed>
        </extensions>
      </trkpt>
      <trkpt lat="50.9909091" lon="11.7817129">
        <ele>346.3</ele>
        <time>2026-10-04T08:12:57Z</time>
        <hdop>7.5</hdop>
        <extensions>
          <osmand:speed>5.5</osmand:speed>
        </extensions>
      </trkpt>
      <trkpt lat="50.9906932" lon="11.7821137">
        <ele>346.1</ele>
        <time>2026-10-04T08:13:03Z</time>
        <hdop>7.6</hdop>
        <extensions>
          <osmand:speed>6.2</osmand:speed>
        </extensions>
      </trkpt>
      <trkpt lat="50.9905318" lon="11.7824897">
        <ele>346.5</ele>
        <time>2026-10-04T08:13:08Z</time>
        <hdop>7.1</hdop>
        <extensions>
          <osmand:speed>6.3</osmand:speed>
        </extensions>
      </trkpt>
      <trkpt lat="50.9903165" lon="11.7829624">
        <ele>346.1</ele>
        <time>2026-10-04T08:13:14Z</time>
        <hdop>6.4</hdop>
        <extensions>
          <osmand:speed>7</osmand:speed>
        </extensions>
      </trkpt>
      <trkpt lat="50.990144" lon="11.7834134">
        <ele>345.6</ele>
        <time>2026-10-04T08:13:19Z</time>
        <hdop>6.1</hdop>
        <extensions>
          <osmand:speed>7.3</osmand:speed>
        </extensions>
      </trkpt>
      <trkpt lat="50.9900075" lon="11.7838976">
        <ele>345.3</ele>
        <time>2026-10-04T08:13:24Z</time>
        <hdop>6.1</hdop>
        <extensions>
          <osmand:speed>7.5</osmand:speed>
        </extensions>
      </trkpt>
      <trkpt lat="50.9898213" lon="11.7845017">
        <ele>344.4</ele>
        <time>2026-10-04T08:13:30Z</time>
        <hdop>6</hdop>
        <extensions>
          <osmand:speed>8</osmand:speed>
        </extensions>
      </trkpt>
      <trkpt lat="50.98965" lon="11.785027">
        <ele>343.8</ele>
        <time>2026-10-04T08:13:35Z</time>
        <hdop>6</hdop>
        <extensions>
          <osmand:speed>8.3</osmand:speed>
        </extensions>
      </trkpt>
      <trkpt lat="50.9893849" lon="11.7856488">
        <ele>342.7</ele>
        <time>2026-10-04T08:13:41Z</time>
        <hdop>6.2</hdop>
        <extensions>
          <osmand:speed>8.7</osmand:speed>
        </extensions>
      </trkpt>
      <trkpt lat="50.9890665" lon="11.7862511">
        <ele>341.6</ele>
        <time>2026-10-04T08:13:47Z</time>
        <hdop>6.2</hdop>
        <extensions>
          <osmand:speed>9.3</osmand:speed>
        </extensions>
      </trkpt>
      <trkpt lat="50.988691" lon="11.7868609">
        <ele>338.8</ele>
        <time>2026-10-04T08:13:53Z</time>
        <hdop>6.3</hdop>
        <extensions>
          <osmand:speed>10.2</osmand:speed>
        </extensions>
      </trkpt>
      <trkpt lat="50.9883546" lon="11.7874455">
        <ele>335.7</ele>
        <time>2026-10-04T08:13:58Z</time>
        <hdop>7</hdop>
        <extensions>
          <osmand:speed>11.2</osmand:speed>
        </extensions>
      </trkpt>
      <trkpt lat="50.9879315" lon="11.7882347">
        <ele>332</ele>
        <time>2026-10-04T08:14:04Z</time>
        <hdop>6.9</hdop>
        <extensions>
          <osmand:speed>12.2</osmand:speed>
        </extensions>
      </trkpt>
      <trkpt lat="50.9876136" lon="11.7889161">
        <ele>327.9</ele>
        <time>2026-10-04T08:14:09Z</time>
        <hdop>7.2</hdop>
        <extensions>
          <osmand:speed>12.2</osmand:speed>
        </extensions>
      </trkpt>
      <trkpt lat="50.9872614" lon="11.7898342">
        <ele>323.5</ele>
        <time>2026-10-04T08:14:15Z</time>
        <hdop>7.2</hdop>
        <extensions>
          <osmand:speed>12.7</osmand:speed>
        </extensions>
      </trkpt>
      <trkpt lat="50.9868467" lon="11.7906184">
        <ele>319.6</ele>
        <time>2026-10-04T08:14:21Z</time>
        <hdop>6.3</hdop>
        <extensions>
          <osmand:speed>11.5</osmand:speed>
        </extensions>
      </trkpt>
      <trkpt lat="50.9864319" lon="11.7910354">
        <ele>317.2</ele>
        <time>2026-10-04T08:14:26Z</time>
        <hdop>6.1</hdop>
        <extensions>
          <osmand:speed>10.7</osmand:speed>
        </extensions>
      </trkpt>
      <trkpt lat="50.9860554" lon="11.7916413">
        <ele>315.4</ele>
        <time>2026-10-04T08:14:32Z</time>
        <hdop>6.1</hdop>
        <extensions>
          <osmand:speed>9.8</osmand:speed>
        </extensions>
      </trkpt>
      <trkpt lat="50.9858313" lon="11.7923065">
        <ele>316.1</ele>
        <time>2026-10-04T08:14:38Z</time>
        <hdop>6.5</hdop>
        <extensions>
          <osmand:speed>8.6</osmand:speed>
        </extensions>
      </trkpt>
      <trkpt lat="50.9856759" lon="11.7928979">
        <ele>317.1</ele>
        <time>2026-10-04T08:14:44Z</time>
        <hdop>7.4</hdop>
        <extensions>
          <osmand:speed>7.2</osmand:speed>
        </extensions>
      </trkpt>
      <trkpt lat="50.9854906" lon="11.7933862">
        <ele>318.8</ele>
        <time>2026-10-04T08:14:50Z</time>
        <hdop>6.5</hdop>
        <extensions>
          <osmand:speed>6.7</osmand:speed>
        </extensions>
      </trkpt>
      <trkpt lat="50.9852633" lon="11.7938384">
        <ele>319.6</ele>
        <time>2026-10-04T08:14:56Z</time>
        <hdop>6.3</hdop>
        <extensions>
          <osmand:speed>6.6</osmand:speed>
        </extensions>
      </trkpt>
      <trkpt lat="50.9850107" lon="11.7942066">
        <ele>320.6</ele>
        <time>2026-10-04T08:15:02Z</time>
        <hdop>7.1</hdop>
        <extensions>
          <osmand:speed>6.3</osmand:speed>
        </extensions>
      </trkpt>
      <trkpt lat="50.9847752" lon="11.7944719">
        <ele>320.9</ele>
        <time>2026-10-04T08:15:07Z</time>
        <hdop>6.9</hdop>
        <extensions>
          <osmand:speed>6.1</osmand:speed>
        </extensions>
      </trkpt>
      <trkpt lat="50.9845134" lon="11.7947543">
        <ele>322.4</ele>
        <time>2026-10-04T08:15:13Z</time>
        <hdop>6.7</hdop>
        <extensions>
          <osmand:speed>5.8</osmand:speed>
        </extensions>
      </trkpt>
      <trkpt lat="50.984252" lon="11.7950127">
        <ele>324.1</ele>
        <time>2026-10-04T08:15:19Z</time>
        <hdop>6.9</hdop>
        <extensions>
          <osmand:speed>5.6</osmand:speed>
        </extensions>
      </trkpt>
      <trkpt lat="50.9840457" lon="11.7951759">
        <ele>324.8</ele>
        <time>2026-10-04T08:15:24Z</time>
        <hdop>6.8</hdop>
        <extensions>
          <osmand:speed>5</osmand:speed>
        </extensions>
      </trkpt>
      <trkpt lat="50.9838225" lon="11.7953021">
        <ele>325.7</ele>
        <time>2026-10-04T08:15:29Z</time>
        <hdop>7.2</hdop>
        <extensions>
          <osmand:speed>4.6</osmand:speed>
        </extensions>
      </trkpt>
      <trkpt lat="50.9836201" lon="11.7953872">
        <ele>327.1</ele>
        <time>2026-10-04T08:15:35Z</time>
        <hdop>8.3</hdop>
        <extensions>
          <osmand:speed>3.7</osmand:speed>
        </extensions>
      </trkpt>
      <trkpt lat="50.9834031" lon="11.7955648">
        <ele>328.9</ele>
        <time>2026-10-04T08:15:41Z</time>
        <hdop>4.8</hdop>
        <extensions>
          <osmand:speed>3.8</osmand:speed>
        </extensions>
      </trkpt>
      <trkpt lat="50.9832248" lon="11.7957065">
        <ele>330.6</ele>
        <time>2026-10-04T08:15:46Z</time>
        <hdop>5</hdop>
        <extensions>
          <osmand:speed>3.6</osmand:speed>
        </extensions>
      </trkpt>
      <trkpt lat="50.9830619" lon="11.7958616">
        <ele>331.7</ele>
        <time>2026-10-04T08:15:51Z</time>
        <hdop>4.5</hdop>
        <extensions>
          <osmand:speed>3.6</osmand:speed>
        </extensions>
      </trkpt>
      <trkpt lat="50.9828931" lon="11.7960216">
        <ele>332.9</ele>
        <time>2026-10-04T08:15:56Z</time>
        <hdop>4.6</hdop>
        <extensions>
          <osmand:speed>3.7</osmand:speed>
        </extensions>
      </trkpt>
      <trkpt lat="50.9827103" lon="11.7962052">
        <ele>333.2</ele>
        <time>2026-10-04T08:16:01Z</time>
        <hdop>4.7</hdop>
        <extensions>
          <osmand:speed>4</osmand:speed>
        </extensions>
      </trkpt>
      <trkpt lat="50.9825237" lon="11.7963922">
        <ele>334</ele>
        <time>2026-10-04T08:16:06Z</time>
        <hdop>4.7</hdop>
        <extensions>
          <osmand:speed>4</osmand:speed>
        </extensions>
      </trkpt>
      <trkpt lat="50.9822787" lon="11.7966245">
        <ele>334.7</ele>
        <time>2026-10-04T08:16:12Z</time>
        <hdop>5.9</hdop>
        <extensions>
          <osmand:speed>5</osmand:speed>
        </extensions>
      </trkpt>
      <trkpt lat="50.9820726" lon="11.7968271">
        <ele>335.5</ele>
        <time>2026-10-04T08:16:17Z</time>
        <hdop>6.2</hdop>
        <extensions>
          <osmand:speed>5.3</osmand:speed>
        </extensions>
      </trkpt>
      <trkpt lat="50.981825" lon="11.7970696">
        <ele>336</ele>
        <time>2026-10-04T08:16:23Z</time>
        <hdop>6.3</hdop>
        <extensions>
          <osmand:speed>5.3</osmand:speed>
        </extensions>
      </trkpt>
      <trkpt lat="50.9815776" lon="11.797313">
        <ele>336.6</ele>
        <time>2026-10-04T08:16:29Z</time>
        <hdop>6.2</hdop>
        <extensions>
          <osmand:speed>5.4</osmand:speed>
        </extensions>
      </trkpt>
      <trkpt lat="50.981317" lon="11.7975505">
        <ele>337.2</ele>
        <time>2026-10-04T08:16:35Z</time>
        <hdop>6.1</hdop>
        <extensions>
          <osmand:speed>5.6</osmand:speed>
        </extensions>
      </trkpt>
      <trkpt lat="50.9810417" lon="11.7977403">
        <ele>338.1</ele>
        <time>2026-10-04T08:16:41Z</time>
        <hdop>6</hdop>
        <extensions>
          <osmand:speed>5.6</osmand:speed>
        </extensions>
      </trkpt>
      <trkpt lat="50.9807909" lon="11.7978222">
        <ele>338.9</ele>
        <time>2026-10-04T08:16:46Z</time>
        <hdop>6.1</hdop>
        <extensions>
          <osmand:speed>5.5</osmand:speed>
        </extensions>
      </trkpt>
      <trkpt lat="50.9805449" lon="11.7978625">
        <ele>339.9</ele>
        <time>2026-10-04T08:16:51Z</time>
        <hdop>6.2</hdop>
        <extensions>
          <osmand:speed>5.4</osmand:speed>
        </extensions>
      </trkpt>
      <trkpt lat="50.9802627" lon="11.7979521">
        <ele>341.2</ele>
        <time>2026-10-04T08:16:57Z</time>
        <hdop>6.3</hdop>
        <extensions>
          <osmand:speed>5.3</osmand:speed>
        </extensions>
      </trkpt>
      <trkpt lat="50.9800295" lon="11.7980576">
        <ele>342.2</ele>
        <time>2026-10-04T08:17:02Z</time>
        <hdop>6.4</hdop>
        <extensions>
          <osmand:speed>5.2</osmand:speed>
        </extensions>
      </trkpt>
      <trkpt lat="50.9797702" lon="11.7982045">
        <ele>343.2</ele>
        <time>2026-10-04T08:17:08Z</time>
        <hdop>6.4</hdop>
        <extensions>
          <osmand:speed>5.1</osmand:speed>
        </extensions>
      </trkpt>
      <trkpt lat="50.9795429" lon="11.7983279">
        <ele>343.8</ele>
        <time>2026-10-04T08:17:13Z</time>
        <hdop>5.9</hdop>
        <extensions>
          <osmand:speed>5.3</osmand:speed>
        </extensions>
      </trkpt>
      <trkpt lat="50.9792419" lon="11.7984848">
        <ele>344.8</ele>
        <time>2026-10-04T08:17:19Z</time>
        <hdop>5.8</hdop>
        <extensions>
          <osmand:speed>6</osmand:speed>
        </extensions>
      </trkpt>
      <trkpt lat="50.9789123" lon="11.798669">
        <ele>344.7</ele>
        <time>2026-10-04T08:17:25Z</time>
        <hdop>5.7</hdop>
        <extensions>
          <osmand:speed>6.5</osmand:speed>
        </extensions>
      </trkpt>
      <trkpt lat="50.9785468" lon="11.7988731">
        <ele>343.8</ele>
        <time>2026-10-04T08:17:31Z</time>
        <hdop>5.6</hdop>
        <extensions>
          <osmand:speed>7.3</osmand:speed>
        </extensions>
      </trkpt>
      <trkpt lat="50.9781416" lon="11.7990955">
        <ele>342.8</ele>
        <time>2026-10-04T08:17:37Z</time>
        <hdop>5.6</hdop>
        <extensions>
          <osmand:speed>7.9</osmand:speed>
        </extensions>
      </trkpt>
      <trkpt lat="50.977712" lon="11.7993457">
        <ele>341.6</ele>
        <time>2026-10-04T08:17:43Z</time>
        <hdop>5.8</hdop>
        <extensions>
          <osmand:speed>8.7</osmand:speed>
        </extensions>
      </trkpt>
      <trkpt lat="50.9772397" lon="11.7996701">
        <ele>338.4</ele>
        <time>2026-10-04T08:17:49Z</time>
        <hdop>5.7</hdop>
        <extensions>
          <osmand:speed>9.8</osmand:speed>
        </extensions>
      </trkpt>
      <trkpt lat="50.9767275" lon="11.8000171">
        <ele>334.9</ele>
        <time>2026-10-04T08:17:55Z</time>
        <hdop>5.9</hdop>
        <extensions>
          <osmand:speed>10.6</osmand:speed>
        </extensions>
      </trkpt>
      <trkpt lat="50.9762708" lon="11.8003298">
        <ele>330.4</ele>
        <time>2026-10-04T08:18:00Z</time>
        <hdop>5.7</hdop>
        <extensions>
          <osmand:speed>11</osmand:speed>
        </extensions>
      </trkpt>
      <trkpt lat="50.9757386" lon="11.8006937">
        <ele>326.7</ele>
        <time>2026-10-04T08:18:06Z</time>
        <hdop>5.7</hdop>
        <extensions>
          <osmand:speed>10.6</osmand:speed>
        </extensions>
      </trkpt>
      <trkpt lat="50.9752442" lon="11.8010419">
        <ele>323.5</ele>
        <time>2026-10-04T08:18:12Z</time>
        <hdop>5.8</hdop>
        <extensions>
          <osmand:speed>9.9</osmand:speed>
        </extensions>
      </trkpt>
      <trkpt lat="50.9749667" lon="11.8015839">
        <ele>322.7</ele>
        <time>2026-10-04T08:18:17Z</time>
        <hdop>6</hdop>
        <extensions>
          <osmand:speed>9.9</osmand:speed>
        </extensions>
      </trkpt>
      <trkpt lat="50.9749344" lon="11.8023185">
        <ele>321.1</ele>
        <time>2026-10-04T08:18:22Z</time>
        <hdop>6.1</hdop>
        <extensions>
          <osmand:speed>10.2</osmand:speed>
        </extensions>
      </trkpt>
      <trkpt lat="50.9747827" lon="11.8029904">
        <ele>317.4</ele>
        <time>2026-10-04T08:18:28Z</time>
        <hdop>6.7</hdop>
        <extensions>
          <osmand:speed>8</osmand:speed>
        </extensions>
      </trkpt>
      <trkpt lat="50.9741829" lon="11.8029682">
        <ele>312.5</ele>
        <time>2026-10-04T08:18:34Z</time>
        <hdop>6.6</hdop>
        <extensions>
          <osmand:speed>10.5</osmand:speed>
        </extensions>
      </trkpt>
      <trkpt lat="50.9735876" lon="11.8026453">
        <ele>306.4</ele>
        <time>2026-10-04T08:18:40Z</time>
        <hdop>7.1</hdop>
        <extensions>
          <osmand:speed>11.8</osmand:speed>
        </extensions>
      </trkpt>
      <trkpt lat="50.9730709" lon="11.802114">
        <ele>302.2</ele>
        <time>2026-10-04T08:18:46Z</time>
        <hdop>8.2</hdop>
        <extensions>
          <osmand:speed>11.5</osmand:speed>
        </extensions>
      </trkpt>
      <trkpt lat="50.9725865" lon="11.8019628">
        <ele>296.9</ele>
        <time>2026-10-04T08:18:51Z</time>
        <hdop>7.8</hdop>
        <extensions>
          <osmand:speed>11.3</osmand:speed>
        </extensions>
      </trkpt>
      <trkpt lat="50.972105" lon="11.8021427">
        <ele>291.2</ele>
        <time>2026-10-04T08:18:56Z</time>
        <hdop>7.9</hdop>
        <extensions>
          <osmand:speed>10.6</osmand:speed>
        </extensions>
      </trkpt>
      <trkpt lat="50.9715854" lon="11.8018111">
        <ele>288.5</ele>
        <time>2026-10-04T08:19:02Z</time>
        <hdop>7</hdop>
        <extensions>
          <osmand:speed>10</osmand:speed>
        </extensions>
      </trkpt>
      <trkpt lat="50.9711214" lon="11.8015013">
        <ele>287.1</ele>
        <time>2026-10-04T08:19:08Z</time>
        <hdop>7</hdop>
        <extensions>
          <osmand:speed>9.1</osmand:speed>
        </extensions>
      </trkpt>
      <trkpt lat="50.970788" lon="11.8009968">
        <ele>287.3</ele>
        <time>2026-10-04T08:19:14Z</time>
        <hdop>8.3</hdop>
        <extensions>
          <osmand:speed>8.3</osmand:speed>
        </extensions>
      </trkpt>
      <trkpt lat="50.9704976" lon="11.8006912">
        <ele>287.8</ele>
        <time>2026-10-04T08:19:19Z</time>
        <hdop>7.5</hdop>
        <extensions>
          <osmand:speed>7.8</osmand:speed>
        </extensions>
      </trkpt>
      <trkpt lat="50.9703777" lon="11.8000907">
        <ele>287.8</ele>
        <time>2026-10-04T08:19:25Z</time>
        <hdop>6.9</hdop>
        <extensions>
          <osmand:speed>6.8</osmand:speed>
        </extensions>
      </trkpt>
      <trkpt lat="50.9702802" lon="11.799698">
        <ele>289.1</ele>
        <time>2026-10-04T08:19:30Z</time>
        <hdop>7.4</hdop>
        <extensions>
          <osmand:speed>5.9</osmand:speed>
        </extensions>
      </trkpt>
      <trkpt lat="50.970189" lon="11.7992209">
        <ele>289.6</ele>
        <time>2026-10-04T08:19:36Z</time>
        <hdop>7.1</hdop>
        <extensions>
          <osmand:speed>5.7</osmand:speed>
        </extensions>
      </trkpt>
      <trkpt lat="50.9701125" lon="11.7988591">
        <ele>291.1</ele>
        <time>2026-10-04T08:19:41Z</time>
        <hdop>6.9</hdop>
        <extensions>
          <osmand:speed>5.5</osmand:speed>
        </extensions>
      </trkpt>
      <trkpt lat="50.9700237" lon="11.7984931">
        <ele>292.3</ele>
        <time>2026-10-04T08:19:46Z</time>
        <hdop>6.6</hdop>
        <extensions>
          <osmand:speed>5.6</osmand:speed>
        </extensions>
      </trkpt>
      <trkpt lat="50.9699323" lon="11.7981051">
        <ele>292.7</ele>
        <time>2026-10-04T08:19:51Z</time>
        <hdop>6.6</hdop>
        <extensions>
          <osmand:speed>5.7</osmand:speed>
        </extensions>
      </trkpt>
      <trkpt lat="50.9698503" lon="11.7977165">
        <ele>293.3</ele>
        <time>2026-10-04T08:19:56Z</time>
        <hdop>6.6</hdop>
        <extensions>
          <osmand:speed>5.8</osmand:speed>
        </extensions>
      </trkpt>
      <trkpt lat="50.9697596" lon="11.7973209">
        <ele>293.5</ele>
        <time>2026-10-04T08:20:01Z</time>
        <hdop>6</hdop>
        <extensions>
          <osmand:speed>5.8</osmand:speed>
        </extensions>
      </trkpt>
      <trkpt lat="50.9696433" lon="11.7968485">
        <ele>293.3</ele>
        <time>2026-10-04T08:20:07Z</time>
        <hdop>5.9</hdop>
        <extensions>
          <osmand:speed>6.3</osmand:speed>
        </extensions>
      </trkpt>
      <trkpt lat="50.9695483" lon="11.7964086">
        <ele>293.1</ele>
        <time>2026-10-04T08:20:12Z</time>
        <hdop>5.7</hdop>
        <extensions>
          <osmand:speed>6.4</osmand:speed>
        </extensions>
      </trkpt>
      <trkpt lat="50.9694522" lon="11.7959641">
        <ele>292.8</ele>
        <time>2026-10-04T08:20:17Z</time>
        <hdop>5.8</hdop>
        <extensions>
          <osmand:speed>6.6</osmand:speed>
        </extensions>
      </trkpt>
      <trkpt lat="50.969355" lon="11.7954402">
        <ele>292.7</ele>
        <time>2026-10-04T08:20:23Z</time>
        <hdop>6.2</hdop>
        <extensions>
          <osmand:speed>6.4</osmand:speed>
        </extensions>
      </trkpt>
      <trkpt lat="50.9693275" lon="11.7949926">
        <ele>293</ele>
        <time>2026-10-04T08:20:28Z</time>
        <hdop>6.3</hdop>
        <extensions>
          <osmand:speed>6.2</osmand:speed>
        </extensions>
      </trkpt>
      <trkpt lat="50.9692904" lon="11.7944977">
        <ele>293.5</ele>
        <time>2026-10-04T08:20:34Z</time>
        <hdop>6.3</hdop>
        <extensions>
          <osmand:speed>5.7</osmand:speed>
        </extensions>
      </trkpt>
      <trkpt lat="50.969255" lon="11.7940216">
        <ele>294.7</ele>
        <time>2026-10-04T08:20:40Z</time>
        <hdop>6</hdop>
        <extensions>
          <osmand:speed>5.5</osmand:speed>
        </extensions>
      </trkpt>
      <trkpt lat="50.9692238" lon="11.7936562">
        <ele>296.2</ele>
        <time>2026-10-04T08:20:45Z</time>
        <hdop>5.9</hdop>
        <extensions>
          <osmand:speed>5.1</osmand:speed>
        </extensions>
      </trkpt>
      <trkpt lat="50.9691924" lon="11.7933222">
        <ele>297</ele>
        <time>2026-10-04T08:20:50Z</time>
        <hdop>5.8</hdop>
        <extensions>
          <osmand:speed>4.7</osmand:speed>
        </extensions>
      </trkpt>
      <trkpt lat="50.9691849" lon="11.7929519">
        <ele>298.1</ele>
        <time>2026-10-04T08:20:56Z</time>
        <hdop>6.7</hdop>
        <extensions>
          <osmand:speed>4</osmand:speed>
        </extensions>
      </trkpt>
      <trkpt lat="50.9691281" lon="11.7926011">
        <ele>298.8</ele>
        <time>2026-10-04T08:21:01Z</time>
        <hdop>4.4</hdop>
        <extensions>
          <osmand:speed>4.1</osmand:speed>
        </extensions>
      </trkpt>
      <trkpt lat="50.9690965" lon="11.7922702">
        <ele>299.8</ele>
        <time>2026-10-04T08:21:06Z</time>
        <hdop>4.6</hdop>
        <extensions>
          <osmand:speed>4</osmand:speed>
        </extensions>
      </trkpt>
      <trkpt lat="50.9690703" lon="11.7919048">
        <ele>301.1</ele>
        <time>2026-10-04T08:21:11Z</time>
        <hdop>5.2</hdop>
        <extensions>
          <osmand:speed>3.9</osmand:speed>
        </extensions>
      </trkpt>
      <trkpt lat="50.969055" lon="11.7915436">
        <ele>301</ele>
        <time>2026-10-04T08:21:17Z</time>
        <hdop>5.2</hdop>
        <extensions>
          <osmand:speed>3.9</osmand:speed>
        </extensions>
      </trkpt>
      <trkpt lat="50.9690646" lon="11.7911895">
        <ele>301.7</ele>
        <time>2026-10-04T08:21:22Z</time>
        <hdop>7.2</hdop>
        <extensions>
          <osmand:speed>4.2</osmand:speed>
        </extensions>
      </trkpt>
      <trkpt lat="50.9690973" lon="11.7908465">
        <ele>302.3</ele>
        <time>2026-10-04T08:21:27Z</time>
        <hdop>5.3</hdop>
        <extensions>
          <osmand:speed>3.9</osmand:speed>
        </extensions>
      </trkpt>
      <trkpt lat="50.9690454" lon="11.790576">
        <ele>302.5</ele>
        <time>2026-10-04T08:21:32Z</time>
        <hdop>7.3</hdop>
        <extensions>
          <osmand:speed>2</osmand:speed>
        </extensions>
      </trkpt>
      <trkpt lat="50.9688102" lon="11.7903512">
        <ele>302.9</ele>
        <time>2026-10-04T08:21:38Z</time>
        <hdop>6.5</hdop>
        <extensions>
          <osmand:speed>3.9</osmand:speed>
        </extensions>
      </trkpt>
      <trkpt lat="50.9685524" lon="11.7901173">
        <ele>306.2</ele>
        <time>2026-10-04T08:21:43Z</time>
        <hdop>3.8</hdop>
        <extensions>
          <osmand:speed>4.6</osmand:speed>
        </extensions>
      </trkpt>
      <trkpt lat="50.9683684" lon="11.7899615">
        <ele>304.5</ele>
        <time>2026-10-04T08:21:49Z</time>
        <hdop>8.8</hdop>
        <extensions>
          <osmand:speed>4.4</osmand:speed>
        </extensions>
      </trkpt>
      <trkpt lat="50.9681632" lon="11.789615">
        <ele>304.4</ele>
        <time>2026-10-04T08:21:55Z</time>
        <hdop>7.4</hdop>
        <extensions>
          <osmand:speed>5.9</osmand:speed>
        </extensions>
      </trkpt>
      <trkpt lat="50.9679383" lon="11.7893547">
        <ele>302.6</ele>
        <time>2026-10-04T08:22:00Z</time>
        <hdop>6.4</hdop>
        <extensions>
          <osmand:speed>6</osmand:speed>
        </extensions>
      </trkpt>
      <trkpt lat="50.9677395" lon="11.789146">
        <ele>301.9</ele>
        <time>2026-10-04T08:22:05Z</time>
        <hdop>6.1</hdop>
        <extensions>
          <osmand:speed>5</osmand:speed>
        </extensions>
      </trkpt>
      <trkpt lat="50.9675481" lon="11.7889516">
        <ele>302</ele>
        <time>2026-10-04T08:22:11Z</time>
        <hdop>6.3</hdop>
        <extensions>
          <osmand:speed>4.4</osmand:speed>
        </extensions>
      </trkpt>
      <trkpt lat="50.9673881" lon="11.7888047">
        <ele>302.1</ele>
        <time>2026-10-04T08:22:16Z</time>
        <hdop>7.1</hdop>
        <extensions>
          <osmand:speed>3.6</osmand:speed>
        </extensions>
      </trkpt>
      <trkpt lat="50.9672198" lon="11.7885861">
        <ele>302</ele>
        <time>2026-10-04T08:22:21Z</time>
        <hdop>5</hdop>
        <extensions>
          <osmand:speed>3.6</osmand:speed>
        </extensions>
      </trkpt>
      <trkpt lat="50.9670715" lon="11.7884422">
        <ele>302.8</ele>
        <time>2026-10-04T08:22:27Z</time>
        <hdop>4.5</hdop>
        <extensions>
          <osmand:speed>3</osmand:speed>
        </extensions>
      </trkpt>
      <trkpt lat="50.966963" lon="11.7883202">
        <ele>302.6</ele>
        <time>2026-10-04T08:22:33Z</time>
        <hdop>4.7</hdop>
        <extensions>
          <osmand:speed>2.3</osmand:speed>
        </extensions>
      </trkpt>
      <trkpt lat="50.9668496" lon="11.7882069">
        <ele>303.7</ele>
        <time>2026-10-04T08:22:38Z</time>
        <hdop>4.4</hdop>
        <extensions>
          <osmand:speed>2.3</osmand:speed>
        </extensions>
      </trkpt>
      <trkpt lat="50.9667433" lon="11.7880977">
        <ele>305.1</ele>
        <time>2026-10-04T08:22:43Z</time>
        <hdop>4.2</hdop>
        <extensions>
          <osmand:speed>2.2</osmand:speed>
        </extensions>
      </trkpt>
      <trkpt lat="50.9666523" lon="11.788">
        <ele>305.7</ele>
        <time>2026-10-04T08:22:48Z</time>
        <hdop>4.2</hdop>
        <extensions>
          <osmand:speed>2</osmand:speed>
        </extensions>
      </trkpt>
      <trkpt lat="50.9665534" lon="11.7878847">
        <ele>306.9</ele>
        <time>2026-10-04T08:22:53Z</time>
        <hdop>4</hdop>
        <extensions>
          <osmand:speed>2.3</osmand:speed>
        </extensions>
      </trkpt>
      <trkpt lat="50.9664615" lon="11.7877857">
        <ele>308</ele>
        <time>2026-10-04T08:22:59Z</time>
        <hdop>3.9</hdop>
        <extensions>
          <osmand:speed>2.1</osmand:speed>
        </extensions>
      </trkpt>
      <trkpt lat="50.9663865" lon="11.7877173">
        <ele>310.3</ele>
        <time>2026-10-04T08:23:04Z</time>
        <hdop>4</hdop>
        <extensions>
          <osmand:speed>1.7</osmand:speed>
        </extensions>
      </trkpt>
      <trkpt lat="50.9662974" lon="11.7876327">
        <ele>311.3</ele>
        <time>2026-10-04T08:23:10Z</time>
        <hdop>4.1</hdop>
        <extensions>
          <osmand:speed>1.6</osmand:speed>
        </extensions>
      </trkpt>
      <trkpt lat="50.9661999" lon="11.787521">
        <ele>312.5</ele>
        <time>2026-10-04T08:23:15Z</time>
        <hdop>4.1</hdop>
        <extensions>
          <osmand:speed>2</osmand:speed>
        </extensions>
      </trkpt>
      <trkpt lat="50.9661068" lon="11.7874198">
        <ele>313.5</ele>
        <time>2026-10-04T08:23:21Z</time>
        <hdop>4.2</hdop>
        <extensions>
          <osmand:speed>1.9</osmand:speed>
        </extensions>
      </trkpt>
      <trkpt lat="50.9660321" lon="11.7873493">
        <ele>314.5</ele>
        <time>2026-10-04T08:23:26Z</time>
        <hdop>4.1</hdop>
        <extensions>
          <osmand:speed>1.4</osmand:speed>
        </extensions>
      </trkpt>
      <trkpt lat="50.9659446" lon="11.7872349">
        <ele>315.4</ele>
        <time>2026-10-04T08:23:31Z</time>
        <hdop>4</hdop>
        <extensions>
          <osmand:speed>1.8</osmand:speed>
        </extensions>
      </trkpt>
      <trkpt lat="50.9658835" lon="11.7871011">
        <ele>316.9</ele>
        <time>2026-10-04T08:23:37Z</time>
        <hdop>4</hdop>
        <extensions>
          <osmand:speed>1.9</osmand:speed>
        </extensions>
      </trkpt>
      <trkpt lat="50.965842" lon="11.7869653">
        <ele>318</ele>
        <time>2026-10-04T08:23:42Z</time>
        <hdop>4</hdop>
        <extensions>
          <osmand:speed>1.8</osmand:speed>
        </extensions>
      </trkpt>
      <trkpt lat="50.965804" lon="11.7868177">
        <ele>319</ele>
        <time>2026-10-04T08:23:47Z</time>
        <hdop>4.2</hdop>
        <extensions>
          <osmand:speed>1.9</osmand:speed>
        </extensions>
      </trkpt>
      <trkpt lat="50.9657614" lon="11.7866439">
        <ele>319</ele>
        <time>2026-10-04T08:23:52Z</time>
        <hdop>4.4</hdop>
        <extensions>
          <osmand:speed>2.1</osmand:speed>
        </extensions>
      </trkpt>
      <trkpt lat="50.9657158" lon="11.7864902">
        <ele>318.9</ele>
        <time>2026-10-04T08:23:57Z</time>
        <hdop>4.2</hdop>
        <extensions>
          <osmand:speed>2</osmand:speed>
        </extensions>
      </trkpt>
      <trkpt lat="50.9656509" lon="11.7863134">
        <ele>319.8</ele>
        <time>2026-10-04T08:24:02Z</time>
        <hdop>4.4</hdop>
        <extensions>
          <osmand:speed>2.2</osmand:speed>
        </extensions>
      </trkpt>
      <trkpt lat="50.9656005" lon="11.7861573">
        <ele>320.7</ele>
        <time>2026-10-04T08:24:08Z</time>
        <hdop>4.3</hdop>
        <extensions>
          <osmand:speed>2</osmand:speed>
        </extensions>
      </trkpt>
      <trkpt lat="50.9655505" lon="11.7860037">
        <ele>321</ele>
        <time>2026-10-04T08:24:13Z</time>
        <hdop>4.2</hdop>
        <extensions>
          <osmand:speed>2</osmand:speed>
        </extensions>
      </trkpt>
      <trkpt lat="50.9655045" lon="11.785834">
        <ele>322.7</ele>
        <time>2026-10-04T08:24:18Z</time>
        <hdop>4</hdop>
        <extensions>
          <osmand:speed>2.2</osmand:speed>
        </extensions>
      </trkpt>
      <trkpt lat="50.9654579" lon="11.7856787">
        <ele>323.9</ele>
        <time>2026-10-04T08:24:24Z</time>
        <hdop>4</hdop>
        <extensions>
          <osmand:speed>2.1</osmand:speed>
        </extensions>
      </trkpt>
      <trkpt lat="50.9654148" lon="11.7855333">
        <ele>323.8</ele>
        <time>2026-10-04T08:24:29Z</time>
        <hdop>4.2</hdop>
        <extensions>
          <osmand:speed>2</osmand:speed>
        </extensions>
      </trkpt>
      <trkpt lat="50.9653638" lon="11.7853789">
        <ele>323.4</ele>
        <time>2026-10-04T08:24:34Z</time>
        <hdop>4.4</hdop>
        <extensions>
          <osmand:speed>2.1</osmand:speed>
        </extensions>
      </trkpt>
      <trkpt lat="50.9653371" lon="11.7852357">
        <ele>324.5</ele>
        <time>2026-10-04T08:24:39Z</time>
        <hdop>4.2</hdop>
        <extensions>
          <osmand:speed>1.8</osmand:speed>
        </extensions>
      </trkpt>
      <trkpt lat="50.9652922" lon="11.7850857">
        <ele>325.6</ele>
        <time>2026-10-04T08:24:44Z</time>
        <hdop>3.8</hdop>
        <extensions>
          <osmand:speed>1.9</osmand:speed>
        </extensions>
      </trkpt>
      <trkpt lat="50.9652458" lon="11.7849278">
        <ele>326</ele>
        <time>2026-10-04T08:24:49Z</time>
        <hdop>3.9</hdop>
        <extensions>
          <osmand:speed>1.9</osmand:speed>
        </extensions>
      </trkpt>
      <trkpt lat="50.9651822" lon="11.7847828">
        <ele>326.5</ele>
        <time>2026-10-04T08:24:55Z</time>
        <hdop>3.9</hdop>
        <extensions>
          <osmand:speed>1.9</osmand:speed>
        </extensions>
      </trkpt>
      <trkpt lat="50.9650748" lon="11.7847242">
        <ele>327.3</ele>
        <time>2026-10-04T08:25:00Z</time>
        <hdop>4.1</hdop>
        <extensions>
          <osmand:speed>2.1</osmand:speed>
        </extensions>
      </trkpt>
      <trkpt lat="50.9649505" lon="11.7847354">
        <ele>328.3</ele>
        <time>2026-10-04T08:25:05Z</time>
        <hdop>4.3</hdop>
        <extensions>
          <osmand:speed>2</osmand:speed>
        </extensions>
      </trkpt>
      <trkpt lat="50.9648449" lon="11.7847774">
        <ele>328.9</ele>
        <time>2026-10-04T08:25:10Z</time>
        <hdop>4</hdop>
        <extensions>
          <osmand:speed>2</osmand:speed>
        </extensions>
      </trkpt>
      <trkpt lat="50.9647268" lon="11.7848384">
        <ele>329.1</ele>
        <time>2026-10-04T08:25:15Z</time>
        <hdop>3.9</hdop>
        <extensions>
          <osmand:speed>2.3</osmand:speed>
        </extensions>
      </trkpt>
      <trkpt lat="50.964596" lon="11.7849148">
        <ele>329.5</ele>
        <time>2026-10-04T08:25:21Z</time>
        <hdop>4</hdop>
        <extensions>
          <osmand:speed>2.4</osmand:speed>
        </extensions>
      </trkpt>
      <trkpt lat="50.964453" lon="11.7849895">
        <ele>329.7</ele>
        <time>2026-10-04T08:25:26Z</time>
        <hdop>4</hdop>
        <extensions>
          <osmand:speed>2.6</osmand:speed>
        </extensions>
      </trkpt>
      <trkpt lat="50.9643119" lon="11.7850741">
        <ele>330.6</ele>
        <time>2026-10-04T08:25:31Z</time>
        <hdop>4</hdop>
        <extensions>
          <osmand:speed>2.5</osmand:speed>
        </extensions>
      </trkpt>
      <trkpt lat="50.9641477" lon="11.7850834">
        <ele>328.6</ele>
        <time>2026-10-04T08:25:36Z</time>
        <hdop>3.7</hdop>
        <extensions>
          <osmand:speed>2.8</osmand:speed>
        </extensions>
      </trkpt>
      <trkpt lat="50.9639467" lon="11.7848727">
        <ele>327.5</ele>
        <time>2026-10-04T08:25:42Z</time>
        <hdop>5.2</hdop>
        <extensions>
          <osmand:speed>3.9</osmand:speed>
        </extensions>
      </trkpt>
      <trkpt lat="50.9637077" lon="11.7845893">
        <ele>327</ele>
        <time>2026-10-04T08:25:47Z</time>
        <hdop>6.7</hdop>
        <extensions>
          <osmand:speed>5.6</osmand:speed>
        </extensions>
      </trkpt>
      <trkpt lat="50.9634598" lon="11.7842752">
        <ele>327.1</ele>
        <time>2026-10-04T08:25:53Z</time>
        <hdop>6.6</hdop>
        <extensions>
          <osmand:speed>6</osmand:speed>
        </extensions>
      </trkpt>
      <trkpt lat="50.9632457" lon="11.7839977">
        <ele>326.8</ele>
        <time>2026-10-04T08:25:58Z</time>
        <hdop>6.7</hdop>
        <extensions>
          <osmand:speed>6.3</osmand:speed>
        </extensions>
      </trkpt>
      <trkpt lat="50.9630121" lon="11.7836993">
        <ele>325.2</ele>
        <time>2026-10-04T08:26:03Z</time>
        <hdop>6.8</hdop>
        <extensions>
          <osmand:speed>6.6</osmand:speed>
        </extensions>
      </trkpt>
      <trkpt lat="50.9628224" lon="11.7833389">
        <ele>322.8</ele>
        <time>2026-10-04T08:26:08Z</time>
        <hdop>6.8</hdop>
        <extensions>
          <osmand:speed>6.6</osmand:speed>
        </extensions>
      </trkpt>
      <trkpt lat="50.9627916" lon="11.7827817">
        <ele>322.5</ele>
        <time>2026-10-04T08:26:14Z</time>
        <hdop>6.8</hdop>
        <extensions>
          <osmand:speed>6.3</osmand:speed>
        </extensions>
      </trkpt>
      <trkpt lat="50.9627517" lon="11.7823416">
        <ele>322.7</ele>
        <time>2026-10-04T08:26:19Z</time>
        <hdop>6.5</hdop>
        <extensions>
          <osmand:speed>6.2</osmand:speed>
        </extensions>
      </trkpt>
      <trkpt lat="50.9627119" lon="11.7819279">
        <ele>323.3</ele>
        <time>2026-10-04T08:26:24Z</time>
        <hdop>6.3</hdop>
        <extensions>
          <osmand:speed>5.8</osmand:speed>
        </extensions>
      </trkpt>
      <trkpt lat="50.962654" lon="11.7814337">
        <ele>323.9</ele>
        <time>2026-10-04T08:26:30Z</time>
        <hdop>6.4</hdop>
        <extensions>
          <osmand:speed>5.9</osmand:speed>
        </extensions>
      </trkpt>
      <trkpt lat="50.9626281" lon="11.7810297">
        <ele>325</ele>
        <time>2026-10-04T08:26:35Z</time>
        <hdop>6.4</hdop>
        <extensions>
          <osmand:speed>5.6</osmand:speed>
        </extensions>
      </trkpt>
      <trkpt lat="50.9625785" lon="11.7805369">
        <ele>325.8</ele>
        <time>2026-10-04T08:26:41Z</time>
        <hdop>6.3</hdop>
        <extensions>
          <osmand:speed>5.8</osmand:speed>
        </extensions>
      </trkpt>
      <trkpt lat="50.9625273" lon="11.780064">
        <ele>326.2</ele>
        <time>2026-10-04T08:26:47Z</time>
        <hdop>6</hdop>
        <extensions>
          <osmand:speed>5.6</osmand:speed>
        </extensions>
      </trkpt>
      <trkpt lat="50.9624837" lon="11.7795779">
        <ele>326.7</ele>
        <time>2026-10-04T08:26:53Z</time>
        <hdop>6</hdop>
        <extensions>
          <osmand:speed>5.8</osmand:speed>
        </extensions>
      </trkpt>
      <trkpt lat="50.9624402" lon="11.7790796">
        <ele>327.4</ele>
        <time>2026-10-04T08:26:59Z</time>
        <hdop>6.1</hdop>
        <extensions>
          <osmand:speed>5.9</osmand:speed>
        </extensions>
      </trkpt>
      <trkpt lat="50.9623862" lon="11.7785782">
        <ele>327.7</ele>
        <time>2026-10-04T08:27:05Z</time>
        <hdop>6.2</hdop>
        <extensions>
          <osmand:speed>5.9</osmand:speed>
        </extensions>
      </trkpt>
      <trkpt lat="50.9623079" lon="11.7781626">
        <ele>328.1</ele>
        <time>2026-10-04T08:27:10Z</time>
        <hdop>6.6</hdop>
        <extensions>
          <osmand:speed>6</osmand:speed>
        </extensions>
      </trkpt>
      <trkpt lat="50.9622063" lon="11.7776523">
        <ele>328.2</ele>
        <time>2026-10-04T08:27:16Z</time>
        <hdop>6.7</hdop>
        <extensions>
          <osmand:speed>6.3</osmand:speed>
        </extensions>
      </trkpt>
      <trkpt lat="50.9621328" lon="11.777246">
        <ele>328.9</ele>
        <time>2026-10-04T08:27:21Z</time>
        <hdop>6.7</hdop>
        <extensions>
          <osmand:speed>5.8</osmand:speed>
        </extensions>
      </trkpt>
      <trkpt lat="50.9620512" lon="11.7768349">
        <ele>330.5</ele>
        <time>2026-10-04T08:27:27Z</time>
        <hdop>6.3</hdop>
        <extensions>
          <osmand:speed>4.8</osmand:speed>
        </extensions>
      </trkpt>
      <trkpt lat="50.9620052" lon="11.7765197">
        <ele>331.2</ele>
        <time>2026-10-04T08:27:32Z</time>
        <hdop>8.1</hdop>
        <extensions>
          <osmand:speed>1.9</osmand:speed>
        </extensions>
      </trkpt>
      <trkpt lat="50.9619463" lon="11.7761283">
        <ele>332.3</ele>
        <time>2026-10-04T08:27:37Z</time>
        <hdop>3.7</hdop>
        <extensions>
          <osmand:speed>4</osmand:speed>
        </extensions>
      </trkpt>
      <trkpt lat="50.9618591" lon="11.7757911">
        <ele>333.3</ele>
        <time>2026-10-04T08:27:43Z</time>
        <hdop>5.1</hdop>
        <extensions>
          <osmand:speed>4.6</osmand:speed>
        </extensions>
      </trkpt>
      <trkpt lat="50.9617772" lon="11.7753432">
        <ele>333.5</ele>
        <time>2026-10-04T08:27:49Z</time>
        <hdop>6.3</hdop>
        <extensions>
          <osmand:speed>5.4</osmand:speed>
        </extensions>
      </trkpt>
      <trkpt lat="50.9617078" lon="11.7749768">
        <ele>333.5</ele>
        <time>2026-10-04T08:27:54Z</time>
        <hdop>6.3</hdop>
        <extensions>
          <osmand:speed>5.2</osmand:speed>
        </extensions>
      </trkpt>
      <trkpt lat="50.9616243" lon="11.7745303">
        <ele>334.4</ele>
        <time>2026-10-04T08:28:00Z</time>
        <hdop>6.5</hdop>
        <extensions>
          <osmand:speed>5.4</osmand:speed>
        </extensions>
      </trkpt>
      <trkpt lat="50.9615445" lon="11.7741019">
        <ele>335.2</ele>
        <time>2026-10-04T08:28:06Z</time>
        <hdop>6.3</hdop>
        <extensions>
          <osmand:speed>5.3</osmand:speed>
        </extensions>
      </trkpt>
      <trkpt lat="50.9614655" lon="11.7736603">
        <ele>336.1</ele>
        <time>2026-10-04T08:28:12Z</time>
        <hdop>6.5</hdop>
        <extensions>
          <osmand:speed>5.5</osmand:speed>
        </extensions>
      </trkpt>
      <trkpt lat="50.9613909" lon="11.7732656">
        <ele>337.3</ele>
        <time>2026-10-04T08:28:17Z</time>
        <hdop>6.2</hdop>
        <extensions>
          <osmand:speed>5.6</osmand:speed>
        </extensions>
      </trkpt>
      <trkpt lat="50.9613032" lon="11.7727898">
        <ele>336.4</ele>
        <time>2026-10-04T08:28:23Z</time>
        <hdop>6.2</hdop>
        <extensions>
          <osmand:speed>5.7</osmand:speed>
        </extensions>
      </trkpt>
      <trkpt lat="50.9611793" lon="11.7723833">
        <ele>336.4</ele>
        <time>2026-10-04T08:28:29Z</time>
        <hdop>6.7</hdop>
        <extensions>
          <osmand:speed>5.2</osmand:speed>
        </extensions>
      </trkpt>
      <trkpt lat="50.9608423" lon="11.772366">
        <ele>335.8</ele>
        <time>2026-10-04T08:28:35Z</time>
        <hdop>6.5</hdop>
        <extensions>
          <osmand:speed>6.4</osmand:speed>
        </extensions>
      </trkpt>
      <trkpt lat="50.9604541" lon="11.7724425">
        <ele>333.5</ele>
        <time>2026-10-04T08:28:41Z</time>
        <hdop>6.3</hdop>
        <extensions>
          <osmand:speed>7.5</osmand:speed>
        </extensions>
      </trkpt>
      <trkpt lat="50.9602006" lon="11.7720875">
        <ele>331.7</ele>
        <time>2026-10-04T08:28:46Z</time>
        <hdop>6.9</hdop>
        <extensions>
          <osmand:speed>7</osmand:speed>
        </extensions>
      </trkpt>
      <trkpt lat="50.960097" lon="11.7715463">
        <ele>331.2</ele>
        <time>2026-10-04T08:28:52Z</time>
        <hdop>8.1</hdop>
        <extensions>
          <osmand:speed>5.9</osmand:speed>
        </extensions>
      </trkpt>
      <trkpt lat="50.9597769" lon="11.7715856">
        <ele>331.2</ele>
        <time>2026-10-04T08:28:58Z</time>
        <hdop>7.2</hdop>
        <extensions>
          <osmand:speed>6.1</osmand:speed>
        </extensions>
      </trkpt>
      <trkpt lat="50.9593907" lon="11.7718491">
        <ele>329.6</ele>
        <time>2026-10-04T08:29:04Z</time>
        <hdop>7.1</hdop>
        <extensions>
          <osmand:speed>7.4</osmand:speed>
        </extensions>
      </trkpt>
      <trkpt lat="50.9591397" lon="11.7714038">
        <ele>328.1</ele>
        <time>2026-10-04T08:29:10Z</time>
        <hdop>7.5</hdop>
        <extensions>
          <osmand:speed>6.3</osmand:speed>
        </extensions>
      </trkpt>
      <trkpt lat="50.958976" lon="11.770925">
        <ele>328.5</ele>
        <time>2026-10-04T08:29:16Z</time>
        <hdop>7.5</hdop>
        <extensions>
          <osmand:speed>6.3</osmand:speed>
        </extensions>
      </trkpt>
      <trkpt lat="50.958852" lon="11.7705271">
        <ele>329.1</ele>
        <time>2026-10-04T08:29:21Z</time>
        <hdop>7.2</hdop>
        <extensions>
          <osmand:speed>5.8</osmand:speed>
        </extensions>
      </trkpt>
      <trkpt lat="50.95877" lon="11.7701617">
        <ele>330.6</ele>
        <time>2026-10-04T08:29:26Z</time>
        <hdop>6.7</hdop>
        <extensions>
          <osmand:speed>5.3</osmand:speed>
        </extensions>
      </trkpt>
      <trkpt lat="50.9586695" lon="11.7697464">
        <ele>332</ele>
        <time>2026-10-04T08:29:32Z</time>
        <hdop>6.6</hdop>
        <extensions>
          <osmand:speed>5.3</osmand:speed>
        </extensions>
      </trkpt>
      <trkpt lat="50.9585866" lon="11.7693945">
        <ele>332.8</ele>
        <time>2026-10-04T08:29:37Z</time>
        <hdop>6.6</hdop>
        <extensions>
          <osmand:speed>5.2</osmand:speed>
        </extensions>
      </trkpt>
      <trkpt lat="50.9584962" lon="11.7689814">
        <ele>334.2</ele>
        <time>2026-10-04T08:29:43Z</time>
        <hdop>6.8</hdop>
        <extensions>
          <osmand:speed>5</osmand:speed>
        </extensions>
      </trkpt>
      <trkpt lat="50.9584107" lon="11.7686174">
        <ele>334.8</ele>
        <time>2026-10-04T08:29:48Z</time>
        <hdop>6.9</hdop>
        <extensions>
          <osmand:speed>5.4</osmand:speed>
        </extensions>
      </trkpt>
      <trkpt lat="50.9583208" lon="11.7682568">
        <ele>335.7</ele>
        <time>2026-10-04T08:29:53Z</time>
        <hdop>6.8</hdop>
        <extensions>
          <osmand:speed>5.3</osmand:speed>
        </extensions>
      </trkpt>
      <trkpt lat="50.9582396" lon="11.767903">
        <ele>336</ele>
        <time>2026-10-04T08:29:58Z</time>
        <hdop>6.8</hdop>
        <extensions>
          <osmand:speed>5.3</osmand:speed>
        </extensions>
      </trkpt>
      <trkpt lat="50.9581465" lon="11.7674962">
        <ele>336.8</ele>
        <time>2026-10-04T08:30:04Z</time>
        <hdop>6.9</hdop>
        <extensions>
          <osmand:speed>5</osmand:speed>
        </extensions>
      </trkpt>
      <trkpt lat="50.9580489" lon="11.7670657">
        <ele>337.6</ele>
        <time>2026-10-04T08:30:10Z</time>
        <hdop>7.1</hdop>
        <extensions>
          <osmand:speed>5.3</osmand:speed>
        </extensions>
      </trkpt>
      <trkpt lat="50.9579604" lon="11.7667053">
        <ele>338.6</ele>
        <time>2026-10-04T08:30:16Z</time>
        <hdop>8.8</hdop>
        <extensions>
          <osmand:speed>3</osmand:speed>
        </extensions>
      </trkpt>
      <trkpt lat="50.9578868" lon="11.7663569">
        <ele>339.1</ele>
        <time>2026-10-04T08:30:21Z</time>
        <hdop>7.2</hdop>
        <extensions>
          <osmand:speed>4.4</osmand:speed>
        </extensions>
      </trkpt>
      <trkpt lat="50.9578068" lon="11.7660387">
        <ele>339.8</ele>
        <time>2026-10-04T08:30:27Z</time>
        <hdop>7.1</hdop>
        <extensions>
          <osmand:speed>3.6</osmand:speed>
        </extensions>
      </trkpt>
      <trkpt lat="50.9577287" lon="11.7656992">
        <ele>340.9</ele>
        <time>2026-10-04T08:30:32Z</time>
        <hdop>5</hdop>
        <extensions>
          <osmand:speed>3.7</osmand:speed>
        </extensions>
      </trkpt>
      <trkpt lat="50.9575711" lon="11.7655753">
        <ele>342</ele>
        <time>2026-10-04T08:30:37Z</time>
        <hdop>5.3</hdop>
        <extensions>
          <osmand:speed>3.5</osmand:speed>
        </extensions>
      </trkpt>
      <trkpt lat="50.9573787" lon="11.7657477">
        <ele>343.4</ele>
        <time>2026-10-04T08:30:42Z</time>
        <hdop>5</hdop>
        <extensions>
          <osmand:speed>3.9</osmand:speed>
        </extensions>
      </trkpt>
      <trkpt lat="50.9571314" lon="11.7659238">
        <ele>343.7</ele>
        <time>2026-10-04T08:30:48Z</time>
        <hdop>5.5</hdop>
        <extensions>
          <osmand:speed>4.9</osmand:speed>
        </extensions>
      </trkpt>
      <trkpt lat="50.9568776" lon="11.7661128">
        <ele>344</ele>
        <time>2026-10-04T08:30:54Z</time>
        <hdop>6.6</hdop>
        <extensions>
          <osmand:speed>5</osmand:speed>
        </extensions>
      </trkpt>
      <trkpt lat="50.9566387" lon="11.7662441">
        <ele>344.5</ele>
        <time>2026-10-04T08:30:59Z</time>
        <hdop>7.1</hdop>
        <extensions>
          <osmand:speed>5.6</osmand:speed>
        </extensions>
      </trkpt>
      <trkpt lat="50.9563315" lon="11.766327">
        <ele>342.4</ele>
        <time>2026-10-04T08:31:04Z</time>
        <hdop>6.7</hdop>
        <extensions>
          <osmand:speed>6.9</osmand:speed>
        </extensions>
      </trkpt>
      <trkpt lat="50.9559019" lon="11.7662818">
        <ele>339.7</ele>
        <time>2026-10-04T08:31:10Z</time>
        <hdop>6.8</hdop>
        <extensions>
          <osmand:speed>8.2</osmand:speed>
        </extensions>
      </trkpt>
      <trkpt lat="50.9554545" lon="11.7661837">
        <ele>335.5</ele>
        <time>2026-10-04T08:31:16Z</time>
        <hdop>7.9</hdop>
        <extensions>
          <osmand:speed>8.6</osmand:speed>
        </extensions>
      </trkpt>
      <trkpt lat="50.954926" lon="11.7659403">
        <ele>330.8</ele>
        <time>2026-10-04T08:31:22Z</time>
        <hdop>8.1</hdop>
        <extensions>
          <osmand:speed>10.2</osmand:speed>
        </extensions>
      </trkpt>
      <trkpt lat="50.9544706" lon="11.7657815">
        <ele>327.1</ele>
        <time>2026-10-04T08:31:27Z</time>
        <hdop>8.8</hdop>
        <extensions>
          <osmand:speed>10.2</osmand:speed>
        </extensions>
      </trkpt>
      <trkpt lat="50.9540771" lon="11.7658203">
        <ele>322.6</ele>
        <time>2026-10-04T08:31:33Z</time>
        <hdop>9.6</hdop>
        <extensions>
          <osmand:speed>7.3</osmand:speed>
        </extensions>
      </trkpt>
      <trkpt lat="50.9541746" lon="11.7663188">
        <ele>320.7</ele>
        <time>2026-10-04T08:31:38Z</time>
        <hdop>10.6</hdop>
        <extensions>
          <osmand:speed>5.5</osmand:speed>
        </extensions>
      </trkpt>
      <trkpt lat="50.9546029" lon="11.7667558">
        <ele>316.7</ele>
        <time>2026-10-04T08:31:44Z</time>
        <hdop>8.8</hdop>
        <extensions>
          <osmand:speed>7.8</osmand:speed>
        </extensions>
      </trkpt>
      <trkpt lat="50.9543815" lon="11.7671615">
        <ele>313.6</ele>
        <time>2026-10-04T08:31:50Z</time>
        <hdop>8</hdop>
        <extensions>
          <osmand:speed>4.8</osmand:speed>
        </extensions>
      </trkpt>
      <trkpt lat="50.9539261" lon="11.7666855">
        <ele>310.4</ele>
        <time>2026-10-04T08:31:56Z</time>
        <hdop>8.6</hdop>
        <extensions>
          <osmand:speed>8.7</osmand:speed>
        </extensions>
      </trkpt>
      <trkpt lat="50.9535365" lon="11.766103">
        <ele>306.1</ele>
        <time>2026-10-04T08:32:02Z</time>
        <hdop>8.8</hdop>
        <extensions>
          <osmand:speed>9.9</osmand:speed>
        </extensions>
      </trkpt>
      <trkpt lat="50.9531062" lon="11.7654058">
        <ele>301.6</ele>
        <time>2026-10-04T08:32:08Z</time>
        <hdop>9.1</hdop>
        <extensions>
          <osmand:speed>11.5</osmand:speed>
        </extensions>
      </trkpt>
      <trkpt lat="50.9526587" lon="11.764862">
        <ele>297.8</ele>
        <time>2026-10-04T08:32:13Z</time>
        <hdop>7.6</hdop>
        <extensions>
          <osmand:speed>12.6</osmand:speed>
        </extensions>
      </trkpt>
      <trkpt lat="50.9520304" lon="11.7644304">
        <ele>290.5</ele>
        <time>2026-10-04T08:32:19Z</time>
        <hdop>6.9</hdop>
        <extensions>
          <osmand:speed>13</osmand:speed>
        </extensions>
      </trkpt>
      <trkpt lat="50.9514133" lon="11.7639505">
        <ele>285.2</ele>
        <time>2026-10-04T08:32:25Z</time>
        <hdop>7.2</hdop>
        <extensions>
          <osmand:speed>12.6</osmand:speed>
        </extensions>
      </trkpt>
      <trkpt lat="50.9509282" lon="11.7637576">
        <ele>281.2</ele>
        <time>2026-10-04T08:32:30Z</time>
        <hdop>7.2</hdop>
        <extensions>
          <osmand:speed>11</osmand:speed>
        </extensions>
      </trkpt>
      <trkpt lat="50.9504345" lon="11.7634362">
        <ele>279.5</ele>
        <time>2026-10-04T08:32:36Z</time>
        <hdop>7.3</hdop>
        <extensions>
          <osmand:speed>10</osmand:speed>
        </extensions>
      </trkpt>
      <trkpt lat="50.9499883" lon="11.7630557">
        <ele>277.7</ele>
        <time>2026-10-04T08:32:42Z</time>
        <hdop>7.1</hdop>
        <extensions>
          <osmand:speed>9.4</osmand:speed>
        </extensions>
      </trkpt>
      <trkpt lat="50.9496253" lon="11.762708">
        <ele>275.1</ele>
        <time>2026-10-04T08:32:47Z</time>
        <hdop>6.6</hdop>
        <extensions>
          <osmand:speed>9.3</osmand:speed>
        </extensions>
      </trkpt>
      <trkpt lat="50.9492005" lon="11.7622602">
        <ele>273</ele>
        <time>2026-10-04T08:32:53Z</time>
        <hdop>6.7</hdop>
        <extensions>
          <osmand:speed>9.5</osmand:speed>
        </extensions>
      </trkpt>
      <trkpt lat="50.9487212" lon="11.7618951">
        <ele>270.8</ele>
        <time>2026-10-04T08:32:59Z</time>
        <hdop>7.1</hdop>
        <extensions>
          <osmand:speed>10</osmand:speed>
        </extensions>
      </trkpt>
      <trkpt lat="50.9481803" lon="11.76155">
        <ele>266.6</ele>
        <time>2026-10-04T08:33:05Z</time>
        <hdop>8.2</hdop>
        <extensions>
          <osmand:speed>10.9</osmand:speed>
        </extensions>
      </trkpt>
      <trkpt lat="50.9477082" lon="11.7612264">
        <ele>261.7</ele>
        <time>2026-10-04T08:33:11Z</time>
        <hdop>8.2</hdop>
        <extensions>
          <osmand:speed>9.1</osmand:speed>
        </extensions>
      </trkpt>
      <trkpt lat="50.947279" lon="11.7609119">
        <ele>256.7</ele>
        <time>2026-10-04T08:33:17Z</time>
        <hdop>8.2</hdop>
        <extensions>
          <osmand:speed>9</osmand:speed>
        </extensions>
      </trkpt>
      <trkpt lat="50.9469032" lon="11.7607233">
        <ele>252.2</ele>
        <time>2026-10-04T08:33:22Z</time>
        <hdop>7.4</hdop>
        <extensions>
          <osmand:speed>9.7</osmand:speed>
        </extensions>
      </trkpt>
      <trkpt lat="50.946394" lon="11.7606588">
        <ele>248</ele>
        <time>2026-10-04T08:33:27Z</time>
        <hdop>7</hdop>
        <extensions>
          <osmand:speed>11.4</osmand:speed>
        </extensions>
      </trkpt>
      <trkpt lat="50.9458514" lon="11.7603086">
        <ele>243.6</ele>
        <time>2026-10-04T08:33:33Z</time>
        <hdop>7.1</hdop>
        <extensions>
          <osmand:speed>10.7</osmand:speed>
        </extensions>
      </trkpt>
      <trkpt lat="50.9454492" lon="11.7597251">
        <ele>241.8</ele>
        <time>2026-10-04T08:33:39Z</time>
        <hdop>8.1</hdop>
        <extensions>
          <osmand:speed>9.6</osmand:speed>
        </extensions>
      </trkpt>
      <trkpt lat="50.9451408" lon="11.7594599">
        <ele>242.6</ele>
        <time>2026-10-04T08:33:44Z</time>
        <hdop>8.6</hdop>
        <extensions>
          <osmand:speed>7.6</osmand:speed>
        </extensions>
      </trkpt>
      <trkpt lat="50.9448298" lon="11.7592481">
        <ele>243.7</ele>
        <time>2026-10-04T08:33:50Z</time>
        <hdop>9.2</hdop>
        <extensions>
          <osmand:speed>6.1</osmand:speed>
        </extensions>
      </trkpt>
      <trkpt lat="50.9446424" lon="11.7590711">
        <ele>246.8</ele>
        <time>2026-10-04T08:33:55Z</time>
        <hdop>10</hdop>
        <extensions>
          <osmand:speed>4.8</osmand:speed>
        </extensions>
      </trkpt>
      <trkpt lat="50.944479" lon="11.758972">
        <ele>247.3</ele>
        <time>2026-10-04T08:34:00Z</time>
        <hdop>10.3</hdop>
        <extensions>
          <osmand:speed>3.7</osmand:speed>
        </extensions>
      </trkpt>
      <trkpt lat="50.9442221" lon="11.7587768">
        <ele>248.5</ele>
        <time>2026-10-04T08:34:06Z</time>
        <hdop>8.3</hdop>
        <extensions>
          <osmand:speed>3.9</osmand:speed>
        </extensions>
      </trkpt>
      <trkpt lat="50.9440385" lon="11.7586219">
        <ele>249.8</ele>
        <time>2026-10-04T08:34:11Z</time>
        <hdop>3.9</hdop>
        <extensions>
          <osmand:speed>4.1</osmand:speed>
        </extensions>
      </trkpt>
      <trkpt lat="50.943823" lon="11.7584858">
        <ele>250.9</ele>
        <time>2026-10-04T08:34:17Z</time>
        <hdop>3.5</hdop>
        <extensions>
          <osmand:speed>4.1</osmand:speed>
        </extensions>
      </trkpt>
      <trkpt lat="50.9436186" lon="11.758435">
        <ele>251.8</ele>
        <time>2026-10-04T08:34:22Z</time>
        <hdop>3.1</hdop>
        <extensions>
          <osmand:speed>4.1</osmand:speed>
        </extensions>
      </trkpt>
      <trkpt lat="50.9434163" lon="11.7585295">
        <ele>252.8</ele>
        <time>2026-10-04T08:34:27Z</time>
        <hdop>3.1</hdop>
        <extensions>
          <osmand:speed>4.3</osmand:speed>
        </extensions>
      </trkpt>
      <trkpt lat="50.9432052" lon="11.7587378">
        <ele>252.3</ele>
        <time>2026-10-04T08:34:32Z</time>
        <hdop>7.3</hdop>
        <extensions>
          <osmand:speed>5.5</osmand:speed>
        </extensions>
      </trkpt>
      <trkpt lat="50.9429573" lon="11.7589099">
        <ele>251.6</ele>
        <time>2026-10-04T08:34:37Z</time>
        <hdop>4.9</hdop>
        <extensions>
          <osmand:speed>6.2</osmand:speed>
        </extensions>
      </trkpt>
      <trkpt lat="50.9427211" lon="11.7590789">
        <ele>251.1</ele>
        <time>2026-10-04T08:34:42Z</time>
        <hdop>3.7</hdop>
        <extensions>
          <osmand:speed>5.6</osmand:speed>
        </extensions>
      </trkpt>
      <trkpt lat="50.9425753" lon="11.7591614">
        <ele>250.5</ele>
        <time>2026-10-04T08:34:47Z</time>
        <hdop>3.1</hdop>
        <extensions>
          <osmand:speed>2.7</osmand:speed>
        </extensions>
      </trkpt>
      <trkpt lat="50.9424931" lon="11.7590817">
        <ele>250.6</ele>
        <time>2026-10-04T08:34:52Z</time>
        <hdop>3.9</hdop>
        <extensions>
          <osmand:speed>2.5</osmand:speed>
        </extensions>
      </trkpt>
      <trkpt lat="50.9424227" lon="11.7587202">
        <ele>250.3</ele>
        <time>2026-10-04T08:34:58Z</time>
        <hdop>3</hdop>
        <extensions>
          <osmand:speed>4.1</osmand:speed>
        </extensions>
      </trkpt>
      <trkpt lat="50.9423577" lon="11.7583779">
        <ele>250.6</ele>
        <time>2026-10-04T08:35:03Z</time>
        <hdop>2.9</hdop>
        <extensions>
          <osmand:speed>5</osmand:speed>
        </extensions>
      </trkpt>
      <trkpt lat="50.9422698" lon="11.7579375">
        <ele>251.9</ele>
        <time>2026-10-04T08:35:09Z</time>
        <hdop>2.4</hdop>
        <extensions>
          <osmand:speed>5.5</osmand:speed>
        </extensions>
      </trkpt>
      <trkpt lat="50.9421925" lon="11.7575613">
        <ele>253</ele>
        <time>2026-10-04T08:35:14Z</time>
        <hdop>2.3</hdop>
        <extensions>
          <osmand:speed>5.5</osmand:speed>
        </extensions>
      </trkpt>
      <trkpt lat="50.9421135" lon="11.7571938">
        <ele>253.9</ele>
        <time>2026-10-04T08:35:19Z</time>
        <hdop>2.2</hdop>
        <extensions>
          <osmand:speed>5.5</osmand:speed>
        </extensions>
      </trkpt>
      <trkpt lat="50.9420482" lon="11.7568091">
        <ele>254.4</ele>
        <time>2026-10-04T08:35:24Z</time>
        <hdop>2.2</hdop>
        <extensions>
          <osmand:speed>5.7</osmand:speed>
        </extensions>
      </trkpt>
      <trkpt lat="50.9420055" lon="11.756381">
        <ele>254.9</ele>
        <time>2026-10-04T08:35:29Z</time>
        <hdop>2.1</hdop>
        <extensions>
          <osmand:speed>6.3</osmand:speed>
        </extensions>
      </trkpt>
      <trkpt lat="50.9419571" lon="11.7559193">
        <ele>254.8</ele>
        <time>2026-10-04T08:35:34Z</time>
        <hdop>2.1</hdop>
        <extensions>
          <osmand:speed>6.6</osmand:speed>
        </extensions>
      </trkpt>
      <trkpt lat="50.941898" lon="11.7553509">
        <ele>254.5</ele>
        <time>2026-10-04T08:35:40Z</time>
        <hdop>2</hdop>
        <extensions>
          <osmand:speed>6.8</osmand:speed>
        </extensions>
      </trkpt>
      <trkpt lat="50.9418193" lon="11.7548674">
        <ele>254</ele>
        <time>2026-10-04T08:35:45Z</time>
        <hdop>2</hdop>
        <extensions>
          <osmand:speed>7.1</osmand:speed>
        </extensions>
      </trkpt>
      <trkpt lat="50.9417653" lon="11.7542669">
        <ele>253.2</ele>
        <time>2026-10-04T08:35:51Z</time>
        <hdop>3.9</hdop>
        <extensions>
          <osmand:speed>7.1</osmand:speed>
        </extensions>
      </trkpt>
      <trkpt lat="50.9420192" lon="11.7537722">
        <ele>252.5</ele>
        <time>2026-10-04T08:35:57Z</time>
        <hdop>7.6</hdop>
        <extensions>
          <osmand:speed>7.1</osmand:speed>
        </extensions>
      </trkpt>
      <trkpt lat="50.9421663" lon="11.7533699">
        <ele>252.8</ele>
        <time>2026-10-04T08:36:02Z</time>
        <hdop>8.4</hdop>
        <extensions>
          <osmand:speed>6.6</osmand:speed>
        </extensions>
      </trkpt>
      <trkpt lat="50.9420264" lon="11.7528805">
        <ele>252.5</ele>
        <time>2026-10-04T08:36:07Z</time>
        <hdop>11.1</hdop>
        <extensions>
          <osmand:speed>7.1</osmand:speed>
        </extensions>
      </trkpt>
      <trkpt lat="50.9418871" lon="11.7523732">
        <ele>252.4</ele>
        <time>2026-10-04T08:36:12Z</time>
        <hdop>10.6</hdop>
        <extensions>
          <osmand:speed>7.4</osmand:speed>
        </extensions>
      </trkpt>
      <trkpt lat="50.9417869" lon="11.7518272">
        <ele>251.9</ele>
        <time>2026-10-04T08:36:17Z</time>
        <hdop>9.5</hdop>
        <extensions>
          <osmand:speed>7.8</osmand:speed>
        </extensions>
      </trkpt>
      <trkpt lat="50.9418593" lon="11.7511822">
        <ele>250.2</ele>
        <time>2026-10-04T08:36:23Z</time>
        <hdop>6.9</hdop>
        <extensions>
          <osmand:speed>7.9</osmand:speed>
        </extensions>
      </trkpt>
      <trkpt lat="50.941968" lon="11.7504313">
        <ele>247.8</ele>
        <time>2026-10-04T08:36:29Z</time>
        <hdop>6.5</hdop>
        <extensions>
          <osmand:speed>9</osmand:speed>
        </extensions>
      </trkpt>
      <trkpt lat="50.9418516" lon="11.7496092">
        <ele>245.6</ele>
        <time>2026-10-04T08:36:35Z</time>
        <hdop>6.8</hdop>
        <extensions>
          <osmand:speed>10</osmand:speed>
        </extensions>
      </trkpt>
      <trkpt lat="50.9416797" lon="11.7488676">
        <ele>242.8</ele>
        <time>2026-10-04T08:36:40Z</time>
        <hdop>6.7</hdop>
        <extensions>
          <osmand:speed>10.9</osmand:speed>
        </extensions>
      </trkpt>
      <trkpt lat="50.9414404" lon="11.7479903">
        <ele>238.9</ele>
        <time>2026-10-04T08:36:46Z</time>
        <hdop>7</hdop>
        <extensions>
          <osmand:speed>11.2</osmand:speed>
        </extensions>
      </trkpt>
      <trkpt lat="50.9411766" lon="11.7472325">
        <ele>234.3</ele>
        <time>2026-10-04T08:36:52Z</time>
        <hdop>6.5</hdop>
        <extensions>
          <osmand:speed>9.6</osmand:speed>
        </extensions>
      </trkpt>
      <trkpt lat="50.9408457" lon="11.7470269">
        <ele>231.3</ele>
        <time>2026-10-04T08:36:57Z</time>
        <hdop>7.4</hdop>
        <extensions>
          <osmand:speed>7.5</osmand:speed>
        </extensions>
      </trkpt>
      <trkpt lat="50.9405081" lon="11.7477695">
        <ele>229.3</ele>
        <time>2026-10-04T08:37:03Z</time>
        <hdop>9</hdop>
        <extensions>
          <osmand:speed>9.7</osmand:speed>
        </extensions>
      </trkpt>
      <trkpt lat="50.9403555" lon="11.7486933">
        <ele>227.1</ele>
        <time>2026-10-04T08:37:09Z</time>
        <hdop>8.3</hdop>
        <extensions>
          <osmand:speed>10.9</osmand:speed>
        </extensions>
      </trkpt>
      <trkpt lat="50.9402549" lon="11.7494928">
        <ele>223.6</ele>
        <time>2026-10-04T08:37:14Z</time>
        <hdop>8.5</hdop>
        <extensions>
          <osmand:speed>11.2</osmand:speed>
        </extensions>
      </trkpt>
      <trkpt lat="50.93995" lon="11.7501331">
        <ele>220.9</ele>
        <time>2026-10-04T08:37:19Z</time>
        <hdop>8.6</hdop>
        <extensions>
          <osmand:speed>11.2</osmand:speed>
        </extensions>
      </trkpt>
      <trkpt lat="50.9394265" lon="11.7503854">
        <ele>216.7</ele>
        <time>2026-10-04T08:37:25Z</time>
        <hdop>7.8</hdop>
        <extensions>
          <osmand:speed>9</osmand:speed>
        </extensions>
      </trkpt>
      <trkpt lat="50.9391527" lon="11.7501084">
        <ele>214.6</ele>
        <time>2026-10-04T08:37:30Z</time>
        <hdop>7.2</hdop>
        <extensions>
          <osmand:speed>7.2</osmand:speed>
        </extensions>
      </trkpt>
      <trkpt lat="50.9389125" lon="11.7499641">
        <ele>212.1</ele>
        <time>2026-10-04T08:37:35Z</time>
        <hdop>8.4</hdop>
        <extensions>
          <osmand:speed>5.1</osmand:speed>
        </extensions>
      </trkpt>
      <trkpt lat="50.9388178" lon="11.7500051">
        <ele>211.1</ele>
        <time>2026-10-04T08:37:40Z</time>
        <hdop>8.3</hdop>
        <extensions>
          <osmand:speed>2.8</osmand:speed>
        </extensions>
      </trkpt>
      <trkpt lat="50.9387106" lon="11.7501324">
        <ele>211</ele>
        <time>2026-10-04T08:37:46Z</time>
        <hdop>6.3</hdop>
        <extensions>
          <osmand:speed>2.3</osmand:speed>
        </extensions>
      </trkpt>
      <trkpt lat="50.9384374" lon="11.749935">
        <ele>210.4</ele>
        <time>2026-10-04T08:37:51Z</time>
        <hdop>6.6</hdop>
        <extensions>
          <osmand:speed>5.7</osmand:speed>
        </extensions>
      </trkpt>
      <trkpt lat="50.9382583" lon="11.7493728">
        <ele>207.9</ele>
        <time>2026-10-04T08:37:57Z</time>
        <hdop>8.2</hdop>
        <extensions>
          <osmand:speed>6.5</osmand:speed>
        </extensions>
      </trkpt>
      <trkpt lat="50.9382578" lon="11.7488847">
        <ele>207.2</ele>
        <time>2026-10-04T08:38:02Z</time>
        <hdop>8</hdop>
        <extensions>
          <osmand:speed>6.4</osmand:speed>
        </extensions>
      </trkpt>
      <trkpt lat="50.9383637" lon="11.7483734">
        <ele>206.8</ele>
        <time>2026-10-04T08:38:08Z</time>
        <hdop>7.7</hdop>
        <extensions>
          <osmand:speed>6.1</osmand:speed>
        </extensions>
      </trkpt>
      <trkpt lat="50.9384377" lon="11.7479302">
        <ele>207.6</ele>
        <time>2026-10-04T08:38:14Z</time>
        <hdop>8.7</hdop>
        <extensions>
          <osmand:speed>4.5</osmand:speed>
        </extensions>
      </trkpt>
      <trkpt lat="50.9383324" lon="11.7478514">
        <ele>208.7</ele>
        <time>2026-10-04T08:38:19Z</time>
        <hdop>8.7</hdop>
        <extensions>
          <osmand:speed>1.7</osmand:speed>
        </extensions>
      </trkpt>
      <trkpt lat="50.9381598" lon="11.7479952">
        <ele>209.5</ele>
        <time>2026-10-04T08:38:25Z</time>
        <hdop>8.7</hdop>
        <extensions>
          <osmand:speed>3.1</osmand:speed>
        </extensions>
      </trkpt>
      <trkpt lat="50.937937" lon="11.7480948">
        <ele>211.1</ele>
        <time>2026-10-04T08:38:31Z</time>
        <hdop>7.3</hdop>
        <extensions>
          <osmand:speed>3.4</osmand:speed>
        </extensions>
      </trkpt>
      <trkpt lat="50.9377354" lon="11.7482782">
        <ele>212.3</ele>
        <time>2026-10-04T08:38:37Z</time>
        <hdop>11.3</hdop>
        <extensions>
          <osmand:speed>3.8</osmand:speed>
        </extensions>
      </trkpt>
      <trkpt lat="50.9375583" lon="11.7484452">
        <ele>213.4</ele>
        <time>2026-10-04T08:38:43Z</time>
        <hdop>10.4</hdop>
        <extensions>
          <osmand:speed>3.7</osmand:speed>
        </extensions>
      </trkpt>
      <trkpt lat="50.9373906" lon="11.7485072">
        <ele>214.7</ele>
        <time>2026-10-04T08:38:49Z</time>
        <hdop>9.2</hdop>
        <extensions>
          <osmand:speed>2.7</osmand:speed>
        </extensions>
      </trkpt>
      <trkpt lat="50.9372642" lon="11.7485675">
        <ele>217.1</ele>
        <time>2026-10-04T08:38:55Z</time>
        <hdop>8.7</hdop>
        <extensions>
          <osmand:speed>2.3</osmand:speed>
        </extensions>
      </trkpt>
      <trkpt lat="50.9371617" lon="11.7486058">
        <ele>219.1</ele>
        <time>2026-10-04T08:39:00Z</time>
        <hdop>9.4</hdop>
        <extensions>
          <osmand:speed>2.3</osmand:speed>
        </extensions>
      </trkpt>
      <trkpt lat="50.9370688" lon="11.7486262">
        <ele>221.2</ele>
        <time>2026-10-04T08:39:06Z</time>
        <hdop>9.3</hdop>
        <extensions>
          <osmand:speed>1.8</osmand:speed>
        </extensions>
      </trkpt>
      <trkpt lat="50.9369632" lon="11.7486549">
        <ele>223.2</ele>
        <time>2026-10-04T08:39:11Z</time>
        <hdop>7.9</hdop>
        <extensions>
          <osmand:speed>2.2</osmand:speed>
        </extensions>
      </trkpt>
      <trkpt lat="50.9368332" lon="11.7487174">
        <ele>224.9</ele>
        <time>2026-10-04T08:39:17Z</time>
        <hdop>8.5</hdop>
        <extensions>
          <osmand:speed>2.1</osmand:speed>
        </extensions>
      </trkpt>
      <trkpt lat="50.9367057" lon="11.7487223">
        <ele>226.2</ele>
        <time>2026-10-04T08:39:23Z</time>
        <hdop>7.7</hdop>
        <extensions>
          <osmand:speed>2.8</osmand:speed>
        </extensions>
      </trkpt>
      <trkpt lat="50.9365676" lon="11.7486703">
        <ele>226.9</ele>
        <time>2026-10-04T08:39:28Z</time>
        <hdop>8.4</hdop>
        <extensions>
          <osmand:speed>2.4</osmand:speed>
        </extensions>
      </trkpt>
      <trkpt lat="50.9364487" lon="11.7486053">
        <ele>228.8</ele>
        <time>2026-10-04T08:39:34Z</time>
        <hdop>6.1</hdop>
        <extensions>
          <osmand:speed>2</osmand:speed>
        </extensions>
      </trkpt>
      <trkpt lat="50.9363601" lon="11.7485515">
        <ele>230.3</ele>
        <time>2026-10-04T08:39:39Z</time>
        <hdop>5.1</hdop>
        <extensions>
          <osmand:speed>1.9</osmand:speed>
        </extensions>
      </trkpt>
      <trkpt lat="50.9362724" lon="11.7484922">
        <ele>230.9</ele>
        <time>2026-10-04T08:39:45Z</time>
        <hdop>5.4</hdop>
        <extensions>
          <osmand:speed>1.2</osmand:speed>
        </extensions>
      </trkpt>
      <trkpt lat="50.9361904" lon="11.7484319">
        <ele>231.6</ele>
        <time>2026-10-04T08:39:51Z</time>
        <hdop>5.2</hdop>
        <extensions>
          <osmand:speed>1.3</osmand:speed>
        </extensions>
      </trkpt>
      <trkpt lat="50.9361269" lon="11.7484098">
        <ele>231.4</ele>
        <time>2026-10-04T08:40:25Z</time>
        <hdop>5.8</hdop>
        <extensions>
          <osmand:speed>2</osmand:speed>
        </extensions>
      </trkpt>
      <trkpt lat="50.9359545" lon="11.7484067">
        <ele>231.5</ele>
        <time>2026-10-04T08:40:30Z</time>
        <hdop>8.5</hdop>
        <extensions>
          <osmand:speed>4</osmand:speed>
        </extensions>
      </trkpt>
      <trkpt lat="50.9356915" lon="11.7483817">
        <ele>230.7</ele>
        <time>2026-10-04T08:40:36Z</time>
        <hdop>8.9</hdop>
        <extensions>
          <osmand:speed>4.4</osmand:speed>
        </extensions>
      </trkpt>
      <trkpt lat="50.93544" lon="11.7484682">
        <ele>229.7</ele>
        <time>2026-10-04T08:40:42Z</time>
        <hdop>7.9</hdop>
        <extensions>
          <osmand:speed>4</osmand:speed>
        </extensions>
      </trkpt>
      <trkpt lat="50.9353104" lon="11.7482676">
        <ele>228.5</ele>
        <time>2026-10-04T08:40:47Z</time>
        <hdop>8.1</hdop>
        <extensions>
          <osmand:speed>4.3</osmand:speed>
        </extensions>
      </trkpt>
      <trkpt lat="50.9350605" lon="11.7479529">
        <ele>227.8</ele>
        <time>2026-10-04T08:40:53Z</time>
        <hdop>8.2</hdop>
        <extensions>
          <osmand:speed>5.2</osmand:speed>
        </extensions>
      </trkpt>
      <trkpt lat="50.9350058" lon="11.7474426">
        <ele>227.3</ele>
        <time>2026-10-04T08:40:59Z</time>
        <hdop>7.4</hdop>
        <extensions>
          <osmand:speed>5.4</osmand:speed>
        </extensions>
      </trkpt>
      <trkpt lat="50.9348901" lon="11.747099">
        <ele>227</ele>
        <time>2026-10-04T08:41:04Z</time>
        <hdop>7.2</hdop>
        <extensions>
          <osmand:speed>5.1</osmand:speed>
        </extensions>
      </trkpt>
      <trkpt lat="50.9347994" lon="11.7467822">
        <ele>228</ele>
        <time>2026-10-04T08:41:09Z</time>
        <hdop>6.5</hdop>
        <extensions>
          <osmand:speed>4.8</osmand:speed>
        </extensions>
      </trkpt>
      <trkpt lat="50.9347041" lon="11.7464894">
        <ele>227.6</ele>
        <time>2026-10-04T08:41:14Z</time>
        <hdop>8.3</hdop>
        <extensions>
          <osmand:speed>4.2</osmand:speed>
        </extensions>
      </trkpt>
      <trkpt lat="50.9346164" lon="11.7461149">
        <ele>227.7</ele>
        <time>2026-10-04T08:41:20Z</time>
        <hdop>6.9</hdop>
        <extensions>
          <osmand:speed>4.5</osmand:speed>
        </extensions>
      </trkpt>
      <trkpt lat="50.9344758" lon="11.745691">
        <ele>227.9</ele>
        <time>2026-10-04T08:41:26Z</time>
        <hdop>6.5</hdop>
        <extensions>
          <osmand:speed>5.4</osmand:speed>
        </extensions>
      </trkpt>
      <trkpt lat="50.9343681" lon="11.7453419">
        <ele>228.7</ele>
        <time>2026-10-04T08:41:31Z</time>
        <hdop>6.4</hdop>
        <extensions>
          <osmand:speed>5.7</osmand:speed>
        </extensions>
      </trkpt>
      <trkpt lat="50.9342485" lon="11.7449519">
        <ele>229.3</ele>
        <time>2026-10-04T08:41:36Z</time>
        <hdop>6.5</hdop>
        <extensions>
          <osmand:speed>5.9</osmand:speed>
        </extensions>
      </trkpt>
      <trkpt lat="50.934154" lon="11.7445423">
        <ele>228.9</ele>
        <time>2026-10-04T08:41:41Z</time>
        <hdop>6</hdop>
        <extensions>
          <osmand:speed>6.1</osmand:speed>
        </extensions>
      </trkpt>
      <trkpt lat="50.9340733" lon="11.7440433">
        <ele>228.9</ele>
        <time>2026-10-04T08:41:47Z</time>
        <hdop>6.1</hdop>
        <extensions>
          <osmand:speed>5.8</osmand:speed>
        </extensions>
      </trkpt>
      <trkpt lat="50.9340044" lon="11.7435776">
        <ele>229.6</ele>
        <time>2026-10-04T08:41:53Z</time>
        <hdop>6.2</hdop>
        <extensions>
          <osmand:speed>5.6</osmand:speed>
        </extensions>
      </trkpt>
      <trkpt lat="50.9339265" lon="11.7431034">
        <ele>231</ele>
        <time>2026-10-04T08:41:59Z</time>
        <hdop>5.9</hdop>
        <extensions>
          <osmand:speed>5.7</osmand:speed>
        </extensions>
      </trkpt>
      <trkpt lat="50.933856" lon="11.7427047">
        <ele>232.1</ele>
        <time>2026-10-04T08:42:04Z</time>
        <hdop>5.8</hdop>
        <extensions>
          <osmand:speed>5.6</osmand:speed>
        </extensions>
      </trkpt>
      <trkpt lat="50.9338098" lon="11.7423128">
        <ele>232.2</ele>
        <time>2026-10-04T08:42:10Z</time>
        <hdop>6.2</hdop>
        <extensions>
          <osmand:speed>4.5</osmand:speed>
        </extensions>
      </trkpt>
      <trkpt lat="50.9338285" lon="11.7420897">
        <ele>232.4</ele>
        <time>2026-10-04T08:42:16Z</time>
        <hdop>6.5</hdop>
        <extensions>
          <osmand:speed>1.4</osmand:speed>
        </extensions>
      </trkpt>
      <trkpt lat="50.9337008" lon="11.741841">
        <ele>232.7</ele>
        <time>2026-10-04T08:42:21Z</time>
        <hdop>4.6</hdop>
        <extensions>
          <osmand:speed>3.5</osmand:speed>
        </extensions>
      </trkpt>
      <trkpt lat="50.933602" lon="11.7415173">
        <ele>233</ele>
        <time>2026-10-04T08:42:26Z</time>
        <hdop>4.6</hdop>
        <extensions>
          <osmand:speed>3.9</osmand:speed>
        </extensions>
      </trkpt>
      <trkpt lat="50.9336346" lon="11.741052">
        <ele>233.8</ele>
        <time>2026-10-04T08:42:32Z</time>
        <hdop>5.7</hdop>
        <extensions>
          <osmand:speed>5.5</osmand:speed>
        </extensions>
      </trkpt>
      <trkpt lat="50.9336577" lon="11.7405264">
        <ele>232.6</ele>
        <time>2026-10-04T08:42:38Z</time>
        <hdop>5.6</hdop>
        <extensions>
          <osmand:speed>6.2</osmand:speed>
        </extensions>
      </trkpt>
      <trkpt lat="50.9336773" lon="11.739963">
        <ele>231.6</ele>
        <time>2026-10-04T08:42:44Z</time>
        <hdop>5.6</hdop>
        <extensions>
          <osmand:speed>6.8</osmand:speed>
        </extensions>
      </trkpt>
      <trkpt lat="50.9336906" lon="11.7393419">
        <ele>231.9</ele>
        <time>2026-10-04T08:42:50Z</time>
        <hdop>5.6</hdop>
        <extensions>
          <osmand:speed>7.4</osmand:speed>
        </extensions>
      </trkpt>
      <trkpt lat="50.9338382" lon="11.7387466">
        <ele>230.5</ele>
        <time>2026-10-04T08:42:56Z</time>
        <hdop>5.3</hdop>
        <extensions>
          <osmand:speed>7.6</osmand:speed>
        </extensions>
      </trkpt>
      <trkpt lat="50.9341011" lon="11.7382075">
        <ele>230.6</ele>
        <time>2026-10-04T08:43:02Z</time>
        <hdop>5.8</hdop>
        <extensions>
          <osmand:speed>7.8</osmand:speed>
        </extensions>
      </trkpt>
      <trkpt lat="50.9341799" lon="11.7376533">
        <ele>227.8</ele>
        <time>2026-10-04T08:43:07Z</time>
        <hdop>5.8</hdop>
        <extensions>
          <osmand:speed>8</osmand:speed>
        </extensions>
      </trkpt>
      <trkpt lat="50.9340826" lon="11.7370081">
        <ele>226.3</ele>
        <time>2026-10-04T08:43:13Z</time>
        <hdop>5.7</hdop>
        <extensions>
          <osmand:speed>7.7</osmand:speed>
        </extensions>
      </trkpt>
      <trkpt lat="50.9339885" lon="11.7363964">
        <ele>226.8</ele>
        <time>2026-10-04T08:43:19Z</time>
        <hdop>5.8</hdop>
        <extensions>
          <osmand:speed>7.3</osmand:speed>
        </extensions>
      </trkpt>
      <trkpt lat="50.933882" lon="11.7357786">
        <ele>228.4</ele>
        <time>2026-10-04T08:43:25Z</time>
        <hdop>5.7</hdop>
        <extensions>
          <osmand:speed>7.4</osmand:speed>
        </extensions>
      </trkpt>
      <trkpt lat="50.9337598" lon="11.7352214">
        <ele>228.8</ele>
        <time>2026-10-04T08:43:31Z</time>
        <hdop>5.9</hdop>
        <extensions>
          <osmand:speed>6.9</osmand:speed>
        </extensions>
      </trkpt>
      <trkpt lat="50.9335787" lon="11.7348347">
        <ele>229.2</ele>
        <time>2026-10-04T08:43:36Z</time>
        <hdop>6.4</hdop>
        <extensions>
          <osmand:speed>6.6</osmand:speed>
        </extensions>
      </trkpt>
      <trkpt lat="50.9333977" lon="11.7343603">
        <ele>230.3</ele>
        <time>2026-10-04T08:43:42Z</time>
        <hdop>6.7</hdop>
        <extensions>
          <osmand:speed>6.2</osmand:speed>
        </extensions>
      </trkpt>
      <trkpt lat="50.9332581" lon="11.7340113">
        <ele>231.2</ele>
        <time>2026-10-04T08:43:47Z</time>
        <hdop>6.6</hdop>
        <extensions>
          <osmand:speed>5.8</osmand:speed>
        </extensions>
      </trkpt>
      <trkpt lat="50.9331026" lon="11.7336151">
        <ele>232.2</ele>
        <time>2026-10-04T08:43:53Z</time>
        <hdop>6.2</hdop>
        <extensions>
          <osmand:speed>5.3</osmand:speed>
        </extensions>
      </trkpt>
      <trkpt lat="50.9329542" lon="11.7332175">
        <ele>233.5</ele>
        <time>2026-10-04T08:43:59Z</time>
        <hdop>6.4</hdop>
        <extensions>
          <osmand:speed>5.3</osmand:speed>
        </extensions>
      </trkpt>
      <trkpt lat="50.9328218" lon="11.7328015">
        <ele>234.2</ele>
        <time>2026-10-04T08:44:05Z</time>
        <hdop>6.5</hdop>
        <extensions>
          <osmand:speed>5.5</osmand:speed>
        </extensions>
      </trkpt>
      <trkpt lat="50.9327056" lon="11.7323589">
        <ele>235.1</ele>
        <time>2026-10-04T08:44:11Z</time>
        <hdop>6.7</hdop>
        <extensions>
          <osmand:speed>5.6</osmand:speed>
        </extensions>
      </trkpt>
      <trkpt lat="50.9326085" lon="11.7319138">
        <ele>235.5</ele>
        <time>2026-10-04T08:44:17Z</time>
        <hdop>6.4</hdop>
        <extensions>
          <osmand:speed>5.6</osmand:speed>
        </extensions>
      </trkpt>
      <trkpt lat="50.9325555" lon="11.7314578">
        <ele>237</ele>
        <time>2026-10-04T08:44:23Z</time>
        <hdop>6.6</hdop>
        <extensions>
          <osmand:speed>5.4</osmand:speed>
        </extensions>
      </trkpt>
      <trkpt lat="50.932496" lon="11.7310725">
        <ele>237.9</ele>
        <time>2026-10-04T08:44:28Z</time>
        <hdop>6.8</hdop>
        <extensions>
          <osmand:speed>5.3</osmand:speed>
        </extensions>
      </trkpt>
      <trkpt lat="50.9324364" lon="11.7306436">
        <ele>237.8</ele>
        <time>2026-10-04T08:44:34Z</time>
        <hdop>6.8</hdop>
        <extensions>
          <osmand:speed>5.1</osmand:speed>
        </extensions>
      </trkpt>
      <trkpt lat="50.9323892" lon="11.730302">
        <ele>239.5</ele>
        <time>2026-10-04T08:44:39Z</time>
        <hdop>7.1</hdop>
        <extensions>
          <osmand:speed>4.7</osmand:speed>
        </extensions>
      </trkpt>
      <trkpt lat="50.9323454" lon="11.7299417">
        <ele>240.1</ele>
        <time>2026-10-04T08:44:45Z</time>
        <hdop>8.9</hdop>
        <extensions>
          <osmand:speed>3.7</osmand:speed>
        </extensions>
      </trkpt>
      <trkpt lat="50.932268" lon="11.7295759">
        <ele>241.2</ele>
        <time>2026-10-04T08:44:51Z</time>
        <hdop>4.1</hdop>
        <extensions>
          <osmand:speed>3.7</osmand:speed>
        </extensions>
      </trkpt>
      <trkpt lat="50.9320965" lon="11.7294542">
        <ele>242.5</ele>
        <time>2026-10-04T08:44:56Z</time>
        <hdop>5</hdop>
        <extensions>
          <osmand:speed>3.3</osmand:speed>
        </extensions>
      </trkpt>
      <trkpt lat="50.9319535" lon="11.7294523">
        <ele>243.5</ele>
        <time>2026-10-04T08:45:01Z</time>
        <hdop>4.9</hdop>
        <extensions>
          <osmand:speed>2.9</osmand:speed>
        </extensions>
      </trkpt>
      <trkpt lat="50.931782" lon="11.7294165">
        <ele>245.6</ele>
        <time>2026-10-04T08:45:07Z</time>
        <hdop>5.4</hdop>
        <extensions>
          <osmand:speed>2.7</osmand:speed>
        </extensions>
      </trkpt>
      <trkpt lat="50.9315963" lon="11.7293609">
        <ele>246.8</ele>
        <time>2026-10-04T08:45:13Z</time>
        <hdop>5.7</hdop>
        <extensions>
          <osmand:speed>3</osmand:speed>
        </extensions>
      </trkpt>
      <trkpt lat="50.9314225" lon="11.729301">
        <ele>247.3</ele>
        <time>2026-10-04T08:45:18Z</time>
        <hdop>5.6</hdop>
        <extensions>
          <osmand:speed>3.3</osmand:speed>
        </extensions>
      </trkpt>
      <trkpt lat="50.931239" lon="11.7291707">
        <ele>247.4</ele>
        <time>2026-10-04T08:45:24Z</time>
        <hdop>5.4</hdop>
        <extensions>
          <osmand:speed>3.4</osmand:speed>
        </extensions>
      </trkpt>
      <trkpt lat="50.931084" lon="11.7290737">
        <ele>248.5</ele>
        <time>2026-10-04T08:45:29Z</time>
        <hdop>5.4</hdop>
        <extensions>
          <osmand:speed>3.1</osmand:speed>
        </extensions>
      </trkpt>
      <trkpt lat="50.9309379" lon="11.7289707">
        <ele>250.4</ele>
        <time>2026-10-04T08:45:35Z</time>
        <hdop>4.8</hdop>
        <extensions>
          <osmand:speed>2.8</osmand:speed>
        </extensions>
      </trkpt>
      <trkpt lat="50.9308354" lon="11.7287946">
        <ele>252.1</ele>
        <time>2026-10-04T08:45:40Z</time>
        <hdop>4.5</hdop>
        <extensions>
          <osmand:speed>2.6</osmand:speed>
        </extensions>
      </trkpt>
      <trkpt lat="50.9307517" lon="11.7285962">
        <ele>253.1</ele>
        <time>2026-10-04T08:45:46Z</time>
        <hdop>4.4</hdop>
        <extensions>
          <osmand:speed>2.6</osmand:speed>
        </extensions>
      </trkpt>
      <trkpt lat="50.9306527" lon="11.7283637">
        <ele>254.8</ele>
        <time>2026-10-04T08:45:52Z</time>
        <hdop>5.3</hdop>
        <extensions>
          <osmand:speed>3.3</osmand:speed>
        </extensions>
      </trkpt>
      <trkpt lat="50.9305921" lon="11.7280715">
        <ele>254.6</ele>
        <time>2026-10-04T08:45:58Z</time>
        <hdop>6.1</hdop>
        <extensions>
          <osmand:speed>3.1</osmand:speed>
        </extensions>
      </trkpt>
      <trkpt lat="50.9305217" lon="11.7278452">
        <ele>258.1</ele>
        <time>2026-10-04T08:46:03Z</time>
        <hdop>5.3</hdop>
        <extensions>
          <osmand:speed>3.2</osmand:speed>
        </extensions>
      </trkpt>
      <trkpt lat="50.9304558" lon="11.7275881">
        <ele>258.1</ele>
        <time>2026-10-04T08:46:08Z</time>
        <hdop>4.7</hdop>
        <extensions>
          <osmand:speed>3.4</osmand:speed>
        </extensions>
      </trkpt>
      <trkpt lat="50.9303885" lon="11.7272805">
        <ele>257.5</ele>
        <time>2026-10-04T08:46:13Z</time>
        <hdop>4.5</hdop>
        <extensions>
          <osmand:speed>3.6</osmand:speed>
        </extensions>
      </trkpt>
      <trkpt lat="50.9303153" lon="11.7269624">
        <ele>257.7</ele>
        <time>2026-10-04T08:46:19Z</time>
        <hdop>4.6</hdop>
        <extensions>
          <osmand:speed>3.8</osmand:speed>
        </extensions>
      </trkpt>
      <trkpt lat="50.9302462" lon="11.7266629">
        <ele>258.1</ele>
        <time>2026-10-04T08:46:24Z</time>
        <hdop>4.4</hdop>
        <extensions>
          <osmand:speed>3.9</osmand:speed>
        </extensions>
      </trkpt>
      <trkpt lat="50.9301811" lon="11.7263526">
        <ele>258.2</ele>
        <time>2026-10-04T08:46:29Z</time>
        <hdop>4.3</hdop>
        <extensions>
          <osmand:speed>4.1</osmand:speed>
        </extensions>
      </trkpt>
      <trkpt lat="50.9300981" lon="11.7259737">
        <ele>259.7</ele>
        <time>2026-10-04T08:46:35Z</time>
        <hdop>4.5</hdop>
        <extensions>
          <osmand:speed>4.1</osmand:speed>
        </extensions>
      </trkpt>
      <trkpt lat="50.930007" lon="11.7256101">
        <ele>260.3</ele>
        <time>2026-10-04T08:46:41Z</time>
        <hdop>4.4</hdop>
        <extensions>
          <osmand:speed>4</osmand:speed>
        </extensions>
      </trkpt>
      <trkpt lat="50.929928" lon="11.7252814">
        <ele>260.7</ele>
        <time>2026-10-04T08:46:46Z</time>
        <hdop>4.3</hdop>
        <extensions>
          <osmand:speed>4.1</osmand:speed>
        </extensions>
      </trkpt>
      <trkpt lat="50.9298636" lon="11.7249144">
        <ele>261.4</ele>
        <time>2026-10-04T08:46:51Z</time>
        <hdop>4.5</hdop>
        <extensions>
          <osmand:speed>4.3</osmand:speed>
        </extensions>
      </trkpt>
      <trkpt lat="50.9297913" lon="11.7245731">
        <ele>261.7</ele>
        <time>2026-10-04T08:46:56Z</time>
        <hdop>6.4</hdop>
        <extensions>
          <osmand:speed>4.8</osmand:speed>
        </extensions>
      </trkpt>
      <trkpt lat="50.9297126" lon="11.7241596">
        <ele>262.9</ele>
        <time>2026-10-04T08:47:02Z</time>
        <hdop>5.8</hdop>
        <extensions>
          <osmand:speed>5.1</osmand:speed>
        </extensions>
      </trkpt>
      <trkpt lat="50.9296626" lon="11.7238265">
        <ele>263.7</ele>
        <time>2026-10-04T08:47:07Z</time>
        <hdop>7</hdop>
        <extensions>
          <osmand:speed>3.9</osmand:speed>
        </extensions>
      </trkpt>
      <trkpt lat="50.9296066" lon="11.7234518">
        <ele>263.9</ele>
        <time>2026-10-04T08:47:13Z</time>
        <hdop>6.6</hdop>
        <extensions>
          <osmand:speed>4.1</osmand:speed>
        </extensions>
      </trkpt>
      <trkpt lat="50.9295661" lon="11.7230543">
        <ele>264.6</ele>
        <time>2026-10-04T08:47:18Z</time>
        <hdop>5.9</hdop>
        <extensions>
          <osmand:speed>4.7</osmand:speed>
        </extensions>
      </trkpt>
      <trkpt lat="50.9295124" lon="11.7227444">
        <ele>265.3</ele>
        <time>2026-10-04T08:47:23Z</time>
        <hdop>5.9</hdop>
        <extensions>
          <osmand:speed>4.5</osmand:speed>
        </extensions>
      </trkpt>
      <trkpt lat="50.9294712" lon="11.7224848">
        <ele>266.7</ele>
        <time>2026-10-04T08:47:28Z</time>
        <hdop>6.3</hdop>
        <extensions>
          <osmand:speed>3.7</osmand:speed>
        </extensions>
      </trkpt>
      <trkpt lat="50.9294209" lon="11.7221839">
        <ele>268</ele>
        <time>2026-10-04T08:47:33Z</time>
        <hdop>4.9</hdop>
        <extensions>
          <osmand:speed>3.6</osmand:speed>
        </extensions>
      </trkpt>
      <trkpt lat="50.92936" lon="11.7219103">
        <ele>269.3</ele>
        <time>2026-10-04T08:47:39Z</time>
        <hdop>4.8</hdop>
        <extensions>
          <osmand:speed>2.9</osmand:speed>
        </extensions>
      </trkpt>
      <trkpt lat="50.9293335" lon="11.7217027">
        <ele>271.1</ele>
        <time>2026-10-04T08:47:44Z</time>
        <hdop>4.5</hdop>
        <extensions>
          <osmand:speed>2.5</osmand:speed>
        </extensions>
      </trkpt>
      <trkpt lat="50.9293125" lon="11.7215225">
        <ele>272.8</ele>
        <time>2026-10-04T08:47:50Z</time>
        <hdop>4.3</hdop>
        <extensions>
          <osmand:speed>1.8</osmand:speed>
        </extensions>
      </trkpt>
      <trkpt lat="50.9292674" lon="11.721322">
        <ele>273.5</ele>
        <time>2026-10-04T08:47:56Z</time>
        <hdop>4.4</hdop>
        <extensions>
          <osmand:speed>2.4</osmand:speed>
        </extensions>
      </trkpt>
      <trkpt lat="50.9291555" lon="11.7210432">
        <ele>273.6</ele>
        <time>2026-10-04T08:48:01Z</time>
        <hdop>4.9</hdop>
        <extensions>
          <osmand:speed>3.6</osmand:speed>
        </extensions>
      </trkpt>
      <trkpt lat="50.9290007" lon="11.7207459">
        <ele>273.4</ele>
        <time>2026-10-04T08:48:07Z</time>
        <hdop>5.2</hdop>
        <extensions>
          <osmand:speed>3.9</osmand:speed>
        </extensions>
      </trkpt>
      <trkpt lat="50.9288686" lon="11.7204427">
        <ele>273.7</ele>
        <time>2026-10-04T08:48:12Z</time>
        <hdop>4.7</hdop>
        <extensions>
          <osmand:speed>4.1</osmand:speed>
        </extensions>
      </trkpt>
      <trkpt lat="50.9287151" lon="11.7200654">
        <ele>274</ele>
        <time>2026-10-04T08:48:18Z</time>
        <hdop>6.7</hdop>
        <extensions>
          <osmand:speed>4.8</osmand:speed>
        </extensions>
      </trkpt>
      <trkpt lat="50.9286116" lon="11.7198004">
        <ele>274.8</ele>
        <time>2026-10-04T08:48:23Z</time>
        <hdop>6.5</hdop>
        <extensions>
          <osmand:speed>3.3</osmand:speed>
        </extensions>
      </trkpt>
      <trkpt lat="50.9284989" lon="11.7194415">
        <ele>275.8</ele>
        <time>2026-10-04T08:48:29Z</time>
        <hdop>7.1</hdop>
        <extensions>
          <osmand:speed>4</osmand:speed>
        </extensions>
      </trkpt>
      <trkpt lat="50.9284246" lon="11.7190883">
        <ele>277.2</ele>
        <time>2026-10-04T08:48:35Z</time>
        <hdop>4.4</hdop>
        <extensions>
          <osmand:speed>3.7</osmand:speed>
        </extensions>
      </trkpt>
      <trkpt lat="50.9283585" lon="11.7187757">
        <ele>278.8</ele>
        <time>2026-10-04T08:48:41Z</time>
        <hdop>4.6</hdop>
        <extensions>
          <osmand:speed>3.5</osmand:speed>
        </extensions>
      </trkpt>
      <trkpt lat="50.9282843" lon="11.7185312">
        <ele>279.7</ele>
        <time>2026-10-04T08:48:46Z</time>
        <hdop>4.3</hdop>
        <extensions>
          <osmand:speed>3.5</osmand:speed>
        </extensions>
      </trkpt>
      <trkpt lat="50.9282052" lon="11.7182682">
        <ele>280.2</ele>
        <time>2026-10-04T08:48:51Z</time>
        <hdop>4.2</hdop>
        <extensions>
          <osmand:speed>3.6</osmand:speed>
        </extensions>
      </trkpt>
      <trkpt lat="50.9281171" lon="11.7179784">
        <ele>281.6</ele>
        <time>2026-10-04T08:48:57Z</time>
        <hdop>4.4</hdop>
        <extensions>
          <osmand:speed>3.6</osmand:speed>
        </extensions>
      </trkpt>
      <trkpt lat="50.9280596" lon="11.7176622">
        <ele>282.1</ele>
        <time>2026-10-04T08:49:03Z</time>
        <hdop>4.6</hdop>
        <extensions>
          <osmand:speed>3.5</osmand:speed>
        </extensions>
      </trkpt>
      <trkpt lat="50.9280387" lon="11.717405">
        <ele>283</ele>
        <time>2026-10-04T08:49:08Z</time>
        <hdop>4.6</hdop>
        <extensions>
          <osmand:speed>3.3</osmand:speed>
        </extensions>
      </trkpt>
      <trkpt lat="50.9280507" lon="11.7171786">
        <ele>284.5</ele>
        <time>2026-10-04T08:49:13Z</time>
        <hdop>4.3</hdop>
        <extensions>
          <osmand:speed>2.9</osmand:speed>
        </extensions>
      </trkpt>
      <trkpt lat="50.9280691" lon="11.7169242">
        <ele>286.2</ele>
        <time>2026-10-04T08:49:19Z</time>
        <hdop>4.6</hdop>
        <extensions>
          <osmand:speed>2.7</osmand:speed>
        </extensions>
      </trkpt>
      <trkpt lat="50.9281174" lon="11.7166971">
        <ele>287.3</ele>
        <time>2026-10-04T08:49:24Z</time>
        <hdop>4.3</hdop>
        <extensions>
          <osmand:speed>2.8</osmand:speed>
        </extensions>
      </trkpt>
      <trkpt lat="50.9282015" lon="11.71645">
        <ele>288.6</ele>
        <time>2026-10-04T08:49:29Z</time>
        <hdop>4.4</hdop>
        <extensions>
          <osmand:speed>3.2</osmand:speed>
        </extensions>
      </trkpt>
      <trkpt lat="50.9283323" lon="11.7161741">
        <ele>288.8</ele>
        <time>2026-10-04T08:49:35Z</time>
        <hdop>4.8</hdop>
        <extensions>
          <osmand:speed>3.8</osmand:speed>
        </extensions>
      </trkpt>
      <trkpt lat="50.9284801" lon="11.715848">
        <ele>287.6</ele>
        <time>2026-10-04T08:49:40Z</time>
        <hdop>5.5</hdop>
        <extensions>
          <osmand:speed>4.7</osmand:speed>
        </extensions>
      </trkpt>
      <trkpt lat="50.9286506" lon="11.7155016">
        <ele>286.8</ele>
        <time>2026-10-04T08:49:45Z</time>
        <hdop>8.5</hdop>
        <extensions>
          <osmand:speed>5.9</osmand:speed>
        </extensions>
      </trkpt>
      <trkpt lat="50.92881" lon="11.7150902">
        <ele>284.5</ele>
        <time>2026-10-04T08:49:50Z</time>
        <hdop>11.9</hdop>
        <extensions>
          <osmand:speed>6.5</osmand:speed>
        </extensions>
      </trkpt>
      <trkpt lat="50.9286645" lon="11.7146169">
        <ele>281.9</ele>
        <time>2026-10-04T08:49:56Z</time>
        <hdop>13.5</hdop>
        <extensions>
          <osmand:speed>5</osmand:speed>
        </extensions>
      </trkpt>
      <trkpt lat="50.9283966" lon="11.7144182">
        <ele>282.6</ele>
        <time>2026-10-04T08:50:02Z</time>
        <hdop>13.3</hdop>
        <extensions>
          <osmand:speed>4.7</osmand:speed>
        </extensions>
      </trkpt>
      <trkpt lat="50.9283366" lon="11.7142314">
        <ele>284.2</ele>
        <time>2026-10-04T08:50:07Z</time>
        <hdop>13.1</hdop>
        <extensions>
          <osmand:speed>1.1</osmand:speed>
        </extensions>
      </trkpt>
      <trkpt lat="50.9282685" lon="11.7139869">
        <ele>286.1</ele>
        <time>2026-10-04T08:50:13Z</time>
        <hdop>7.4</hdop>
        <extensions>
          <osmand:speed>1</osmand:speed>
        </extensions>
      </trkpt>
      <trkpt lat="50.928221" lon="11.7138311">
        <ele>287.6</ele>
        <time>2026-10-04T08:50:19Z</time>
        <hdop>3.9</hdop>
        <extensions>
          <osmand:speed>1.1</osmand:speed>
        </extensions>
      </trkpt>
      <trkpt lat="50.9281643" lon="11.7137158">
        <ele>289.4</ele>
        <time>2026-10-04T08:50:25Z</time>
        <hdop>4.1</hdop>
        <extensions>
          <osmand:speed>0.9</osmand:speed>
        </extensions>
      </trkpt>
      <trkpt lat="50.9281395" lon="11.7136464">
        <ele>290.7</ele>
        <time>2026-10-04T08:50:31Z</time>
        <hdop>6.7</hdop>
        <extensions>
          <osmand:speed>0.9</osmand:speed>
        </extensions>
      </trkpt>
      <trkpt lat="50.9279879" lon="11.7133425">
        <ele>291.9</ele>
        <time>2026-10-04T08:50:37Z</time>
        <hdop>9.4</hdop>
        <extensions>
          <osmand:speed>1.4</osmand:speed>
        </extensions>
      </trkpt>
      <trkpt lat="50.9276838" lon="11.7127227">
        <ele>292.8</ele>
        <time>2026-10-04T08:50:43Z</time>
        <hdop>10.1</hdop>
        <extensions>
          <osmand:speed>1</osmand:speed>
        </extensions>
      </trkpt>
      <trkpt lat="50.9276126" lon="11.7125067">
        <ele>294.2</ele>
        <time>2026-10-04T08:50:48Z</time>
        <hdop>7.9</hdop>
        <extensions>
          <osmand:speed>1</osmand:speed>
        </extensions>
      </trkpt>
      <trkpt lat="50.9275324" lon="11.712353">
        <ele>294.9</ele>
        <time>2026-10-04T08:50:54Z</time>
        <hdop>4.5</hdop>
        <extensions>
          <osmand:speed>1.1</osmand:speed>
        </extensions>
      </trkpt>
      <trkpt lat="50.927425" lon="11.7121773">
        <ele>294.8</ele>
        <time>2026-10-04T08:50:59Z</time>
        <hdop>6.3</hdop>
        <extensions>
          <osmand:speed>2.1</osmand:speed>
        </extensions>
      </trkpt>
      <trkpt lat="50.9272122" lon="11.7118051">
        <ele>294.8</ele>
        <time>2026-10-04T08:51:05Z</time>
        <hdop>5.5</hdop>
        <extensions>
          <osmand:speed>3.8</osmand:speed>
        </extensions>
      </trkpt>
      <trkpt lat="50.9270698" lon="11.7113766">
        <ele>294.7</ele>
        <time>2026-10-04T08:51:10Z</time>
        <hdop>11.9</hdop>
        <extensions>
          <osmand:speed>4.9</osmand:speed>
        </extensions>
      </trkpt>
      <trkpt lat="50.9270056" lon="11.7110964">
        <ele>295.1</ele>
        <time>2026-10-04T08:51:16Z</time>
        <hdop>13.7</hdop>
        <extensions>
          <osmand:speed>0.4</osmand:speed>
        </extensions>
      </trkpt>
      <trkpt lat="50.9269787" lon="11.7109119">
        <ele>297</ele>
        <time>2026-10-04T08:51:21Z</time>
        <hdop>8.7</hdop>
        <extensions>
          <osmand:speed>0.9</osmand:speed>
        </extensions>
      </trkpt>
      <trkpt lat="50.9269126" lon="11.7107289">
        <ele>299.3</ele>
        <time>2026-10-04T08:51:27Z</time>
        <hdop>4.4</hdop>
        <extensions>
          <osmand:speed>1.1</osmand:speed>
        </extensions>
      </trkpt>
      <trkpt lat="50.9269506" lon="11.7105409">
        <ele>300.6</ele>
        <time>2026-10-04T08:51:33Z</time>
        <hdop>3.4</hdop>
        <extensions>
          <osmand:speed>1.2</osmand:speed>
        </extensions>
      </trkpt>
      <trkpt lat="50.9269855" lon="11.7103953">
        <ele>302.2</ele>
        <time>2026-10-04T08:51:38Z</time>
        <hdop>5.6</hdop>
        <extensions>
          <osmand:speed>1.2</osmand:speed>
        </extensions>
      </trkpt>
      <trkpt lat="50.9270143" lon="11.7102717">
        <ele>303.7</ele>
        <time>2026-10-04T08:51:44Z</time>
        <hdop>11</hdop>
        <extensions>
          <osmand:speed>1.2</osmand:speed>
        </extensions>
      </trkpt>
      <trkpt lat="50.9270324" lon="11.70973">
        <ele>305.1</ele>
        <time>2026-10-04T08:51:49Z</time>
        <hdop>18.7</hdop>
        <extensions>
          <osmand:speed>3.2</osmand:speed>
        </extensions>
      </trkpt>
      <trkpt lat="50.9270816" lon="11.7093206">
        <ele>305.7</ele>
        <time>2026-10-04T08:51:55Z</time>
        <hdop>5.3</hdop>
        <extensions>
          <osmand:speed>3.5</osmand:speed>
        </extensions>
      </trkpt>
      <trkpt lat="50.9271297" lon="11.7089494">
        <ele>305.2</ele>
        <time>2026-10-04T08:52:00Z</time>
        <hdop>7.3</hdop>
        <extensions>
          <osmand:speed>3.5</osmand:speed>
        </extensions>
      </trkpt>
      <trkpt lat="50.9271822" lon="11.7085665">
        <ele>304.8</ele>
        <time>2026-10-04T08:52:05Z</time>
        <hdop>6.5</hdop>
        <extensions>
          <osmand:speed>3.4</osmand:speed>
        </extensions>
      </trkpt>
      <trkpt lat="50.9272052" lon="11.708095">
        <ele>304.5</ele>
        <time>2026-10-04T08:52:11Z</time>
        <hdop>5.9</hdop>
        <extensions>
          <osmand:speed>3.7</osmand:speed>
        </extensions>
      </trkpt>
      <trkpt lat="50.92719" lon="11.707555">
        <ele>304.5</ele>
        <time>2026-10-04T08:52:16Z</time>
        <hdop>10.1</hdop>
        <extensions>
          <osmand:speed>5</osmand:speed>
        </extensions>
      </trkpt>
      <trkpt lat="50.9271324" lon="11.7070197">
        <ele>304</ele>
        <time>2026-10-04T08:52:21Z</time>
        <hdop>12.8</hdop>
        <extensions>
          <osmand:speed>6.2</osmand:speed>
        </extensions>
      </trkpt>
      <trkpt lat="50.9269457" lon="11.7065067">
        <ele>302.8</ele>
        <time>2026-10-04T08:52:27Z</time>
        <hdop>12.8</hdop>
        <extensions>
          <osmand:speed>6.7</osmand:speed>
        </extensions>
      </trkpt>
      <trkpt lat="50.9268027" lon="11.706078">
        <ele>302.3</ele>
        <time>2026-10-04T08:52:32Z</time>
        <hdop>11.6</hdop>
        <extensions>
          <osmand:speed>6.5</osmand:speed>
        </extensions>
      </trkpt>
      <trkpt lat="50.9266769" lon="11.7056464">
        <ele>303.3</ele>
        <time>2026-10-04T08:52:38Z</time>
        <hdop>11</hdop>
        <extensions>
          <osmand:speed>5.5</osmand:speed>
        </extensions>
      </trkpt>
      <trkpt lat="50.926605" lon="11.7052853">
        <ele>304.4</ele>
        <time>2026-10-04T08:52:43Z</time>
        <hdop>10.7</hdop>
        <extensions>
          <osmand:speed>5.2</osmand:speed>
        </extensions>
      </trkpt>
      <trkpt lat="50.9266411" lon="11.7049646">
        <ele>306</ele>
        <time>2026-10-04T08:52:48Z</time>
        <hdop>10.4</hdop>
        <extensions>
          <osmand:speed>4.5</osmand:speed>
        </extensions>
      </trkpt>
      <trkpt lat="50.9266882" lon="11.7046547">
        <ele>307</ele>
        <time>2026-10-04T08:52:54Z</time>
        <hdop>9.2</hdop>
        <extensions>
          <osmand:speed>3.7</osmand:speed>
        </extensions>
      </trkpt>
      <trkpt lat="50.9267126" lon="11.7041067">
        <ele>306.3</ele>
        <time>2026-10-04T08:52:59Z</time>
        <hdop>9.6</hdop>
        <extensions>
          <osmand:speed>6.5</osmand:speed>
        </extensions>
      </trkpt>
      <trkpt lat="50.9267969" lon="11.7036326">
        <ele>305.6</ele>
        <time>2026-10-04T08:53:04Z</time>
        <hdop>9.3</hdop>
        <extensions>
          <osmand:speed>6.7</osmand:speed>
        </extensions>
      </trkpt>
      <trkpt lat="50.9269002" lon="11.7031049">
        <ele>305.2</ele>
        <time>2026-10-04T08:53:10Z</time>
        <hdop>9</hdop>
        <extensions>
          <osmand:speed>6.5</osmand:speed>
        </extensions>
      </trkpt>
      <trkpt lat="50.9269439" lon="11.7026194">
        <ele>304.8</ele>
        <time>2026-10-04T08:53:15Z</time>
        <hdop>9.5</hdop>
        <extensions>
          <osmand:speed>7</osmand:speed>
        </extensions>
      </trkpt>
      <trkpt lat="50.9269857" lon="11.7020772">
        <ele>304.2</ele>
        <time>2026-10-04T08:53:20Z</time>
        <hdop>9.5</hdop>
        <extensions>
          <osmand:speed>7.5</osmand:speed>
        </extensions>
      </trkpt>
      <trkpt lat="50.9269908" lon="11.7015734">
        <ele>303.5</ele>
        <time>2026-10-04T08:53:26Z</time>
        <hdop>10.2</hdop>
        <extensions>
          <osmand:speed>5.8</osmand:speed>
        </extensions>
      </trkpt>
      <trkpt lat="50.9269033" lon="11.7010392">
        <ele>303.5</ele>
        <time>2026-10-04T08:53:32Z</time>
        <hdop>9.8</hdop>
        <extensions>
          <osmand:speed>6.7</osmand:speed>
        </extensions>
      </trkpt>
      <trkpt lat="50.926804" lon="11.7004969">
        <ele>301.9</ele>
        <time>2026-10-04T08:53:37Z</time>
        <hdop>10.4</hdop>
        <extensions>
          <osmand:speed>7.7</osmand:speed>
        </extensions>
      </trkpt>
      <trkpt lat="50.9267075" lon="11.6998342">
        <ele>299.7</ele>
        <time>2026-10-04T08:53:43Z</time>
        <hdop>10.3</hdop>
        <extensions>
          <osmand:speed>7.7</osmand:speed>
        </extensions>
      </trkpt>
      <trkpt lat="50.9268696" lon="11.6993123">
        <ele>298</ele>
        <time>2026-10-04T08:53:48Z</time>
        <hdop>9.7</hdop>
        <extensions>
          <osmand:speed>7.7</osmand:speed>
        </extensions>
      </trkpt>
      <trkpt lat="50.9268926" lon="11.6989127">
        <ele>296.3</ele>
        <time>2026-10-04T08:53:54Z</time>
        <hdop>10.3</hdop>
        <extensions>
          <osmand:speed>5</osmand:speed>
        </extensions>
      </trkpt>
      <trkpt lat="50.9269742" lon="11.6987386">
        <ele>295.4</ele>
        <time>2026-10-04T08:53:59Z</time>
        <hdop>10.9</hdop>
        <extensions>
          <osmand:speed>1.9</osmand:speed>
        </extensions>
      </trkpt>
      <trkpt lat="50.9269866" lon="11.6986368">
        <ele>293.8</ele>
        <time>2026-10-04T08:54:05Z</time>
        <hdop>8.7</hdop>
        <extensions>
          <osmand:speed>0.7</osmand:speed>
        </extensions>
      </trkpt>
      <trkpt lat="50.9270222" lon="11.6986906">
        <ele>294.4</ele>
        <time>2026-10-04T08:58:22Z</time>
        <hdop>12.8</hdop>
        <extensions>
          <osmand:speed>1</osmand:speed>
        </extensions>
      </trkpt>
      <trkpt lat="50.926985" lon="11.6987334">
        <ele>294.3</ele>
        <time>2026-10-04T08:58:47Z</time>
        <hdop>13.6</hdop>
        <extensions>
          <osmand:speed>1.1</osmand:speed>
        </extensions>
      </trkpt>
      <trkpt lat="50.9269487" lon="11.6986857">
        <ele>294.2</ele>
        <time>2026-10-04T08:58:55Z</time>
        <hdop>12.9</hdop>
        <extensions>
          <osmand:speed>1</osmand:speed>
        </extensions>
      </trkpt>
      <trkpt lat="50.9270013" lon="11.6987011">
        <ele>294.3</ele>
        <time>2026-10-04T08:59:15Z</time>
        <hdop>12.4</hdop>
        <extensions>
          <osmand:speed>2.2</osmand:speed>
        </extensions>
      </trkpt>
      <trkpt lat="50.9271535" lon="11.6986193">
        <ele>294.3</ele>
        <time>2026-10-04T08:59:20Z</time>
        <hdop>15.1</hdop>
        <extensions>
          <osmand:speed>3.2</osmand:speed>
        </extensions>
      </trkpt>
      <trkpt lat="50.9274196" lon="11.6984022">
        <ele>293</ele>
        <time>2026-10-04T08:59:25Z</time>
        <hdop>13.7</hdop>
        <extensions>
          <osmand:speed>4.9</osmand:speed>
        </extensions>
      </trkpt>
      <trkpt lat="50.9277378" lon="11.6981401">
        <ele>290.5</ele>
        <time>2026-10-04T08:59:31Z</time>
        <hdop>14.6</hdop>
        <extensions>
          <osmand:speed>5.6</osmand:speed>
        </extensions>
      </trkpt>
      <trkpt lat="50.9280064" lon="11.6979169">
        <ele>288.7</ele>
        <time>2026-10-04T08:59:37Z</time>
        <hdop>14.2</hdop>
        <extensions>
          <osmand:speed>5.5</osmand:speed>
        </extensions>
      </trkpt>
      <trkpt lat="50.9281971" lon="11.6978057">
        <ele>286.4</ele>
        <time>2026-10-04T08:59:42Z</time>
        <hdop>14.5</hdop>
        <extensions>
          <osmand:speed>4.5</osmand:speed>
        </extensions>
      </trkpt>
      <trkpt lat="50.9283366" lon="11.697775">
        <ele>284.8</ele>
        <time>2026-10-04T08:59:47Z</time>
        <hdop>14.6</hdop>
        <extensions>
          <osmand:speed>3.6</osmand:speed>
        </extensions>
      </trkpt>
      <trkpt lat="50.9283429" lon="11.6972645">
        <ele>284.1</ele>
        <time>2026-10-04T08:59:53Z</time>
        <hdop>13</hdop>
        <extensions>
          <osmand:speed>6.1</osmand:speed>
        </extensions>
      </trkpt>
      <trkpt lat="50.9282333" lon="11.6966798">
        <ele>283.3</ele>
        <time>2026-10-04T08:59:58Z</time>
        <hdop>12.7</hdop>
        <extensions>
          <osmand:speed>8</osmand:speed>
        </extensions>
      </trkpt>
      <trkpt lat="50.9281089" lon="11.6959457">
        <ele>281.8</ele>
        <time>2026-10-04T09:00:04Z</time>
        <hdop>12.6</hdop>
        <extensions>
          <osmand:speed>9.1</osmand:speed>
        </extensions>
      </trkpt>
      <trkpt lat="50.9279822" lon="11.6951464">
        <ele>280.2</ele>
        <time>2026-10-04T09:00:10Z</time>
        <hdop>12.7</hdop>
        <extensions>
          <osmand:speed>9.7</osmand:speed>
        </extensions>
      </trkpt>
      <trkpt lat="50.9278757" lon="11.6944815">
        <ele>279</ele>
        <time>2026-10-04T09:00:15Z</time>
        <hdop>12.7</hdop>
        <extensions>
          <osmand:speed>9.7</osmand:speed>
        </extensions>
      </trkpt>
      <trkpt lat="50.9277456" lon="11.693699">
        <ele>277.3</ele>
        <time>2026-10-04T09:00:21Z</time>
        <hdop>12.5</hdop>
        <extensions>
          <osmand:speed>9.6</osmand:speed>
        </extensions>
      </trkpt>
      <trkpt lat="50.9276502" lon="11.6930832">
        <ele>275.9</ele>
        <time>2026-10-04T09:00:26Z</time>
        <hdop>12.5</hdop>
        <extensions>
          <osmand:speed>9</osmand:speed>
        </extensions>
      </trkpt>
      <trkpt lat="50.9275719" lon="11.6924668">
        <ele>275.1</ele>
        <time>2026-10-04T09:00:31Z</time>
        <hdop>12.4</hdop>
        <extensions>
          <osmand:speed>8.9</osmand:speed>
        </extensions>
      </trkpt>
      <trkpt lat="50.9276027" lon="11.6916774">
        <ele>273.7</ele>
        <time>2026-10-04T09:00:37Z</time>
        <hdop>13</hdop>
        <extensions>
          <osmand:speed>9.3</osmand:speed>
        </extensions>
      </trkpt>
      <trkpt lat="50.9277481" lon="11.690928">
        <ele>272.8</ele>
        <time>2026-10-04T09:00:43Z</time>
        <hdop>13.3</hdop>
        <extensions>
          <osmand:speed>9.1</osmand:speed>
        </extensions>
      </trkpt>
      <trkpt lat="50.9278591" lon="11.690294">
        <ele>271.7</ele>
        <time>2026-10-04T09:00:48Z</time>
        <hdop>13.1</hdop>
        <extensions>
          <osmand:speed>9.3</osmand:speed>
        </extensions>
      </trkpt>
      <trkpt lat="50.9279554" lon="11.6896491">
        <ele>270.6</ele>
        <time>2026-10-04T09:00:53Z</time>
        <hdop>12.8</hdop>
        <extensions>
          <osmand:speed>9.3</osmand:speed>
        </extensions>
      </trkpt>
      <trkpt lat="50.9280802" lon="11.6888734">
        <ele>269.2</ele>
        <time>2026-10-04T09:00:59Z</time>
        <hdop>12.8</hdop>
        <extensions>
          <osmand:speed>9.5</osmand:speed>
        </extensions>
      </trkpt>
      <trkpt lat="50.9282133" lon="11.6881011">
        <ele>267.3</ele>
        <time>2026-10-04T09:01:05Z</time>
        <hdop>12.6</hdop>
        <extensions>
          <osmand:speed>9.6</osmand:speed>
        </extensions>
      </trkpt>
      <trkpt lat="50.9283469" lon="11.6873004">
        <ele>266.3</ele>
        <time>2026-10-04T09:01:11Z</time>
        <hdop>12.7</hdop>
        <extensions>
          <osmand:speed>9.8</osmand:speed>
        </extensions>
      </trkpt>
      <trkpt lat="50.9285099" lon="11.6864856">
        <ele>264.8</ele>
        <time>2026-10-04T09:01:17Z</time>
        <hdop>13</hdop>
        <extensions>
          <osmand:speed>10</osmand:speed>
        </extensions>
      </trkpt>
      <trkpt lat="50.9287062" lon="11.6858301">
        <ele>262.6</ele>
        <time>2026-10-04T09:01:22Z</time>
        <hdop>13.1</hdop>
        <extensions>
          <osmand:speed>10.4</osmand:speed>
        </extensions>
      </trkpt>
      <trkpt lat="50.9290247" lon="11.685109">
        <ele>260.3</ele>
        <time>2026-10-04T09:01:28Z</time>
        <hdop>13.4</hdop>
        <extensions>
          <osmand:speed>10.4</osmand:speed>
        </extensions>
      </trkpt>
      <trkpt lat="50.9293124" lon="11.684537">
        <ele>257.8</ele>
        <time>2026-10-04T09:01:33Z</time>
        <hdop>13.6</hdop>
        <extensions>
          <osmand:speed>10.2</osmand:speed>
        </extensions>
      </trkpt>
      <trkpt lat="50.929601" lon="11.683992">
        <ele>256.2</ele>
        <time>2026-10-04T09:01:38Z</time>
        <hdop>13.6</hdop>
        <extensions>
          <osmand:speed>9.9</osmand:speed>
        </extensions>
      </trkpt>
      <trkpt lat="50.9299233" lon="11.683344">
        <ele>255.5</ele>
        <time>2026-10-04T09:01:44Z</time>
        <hdop>13.3</hdop>
        <extensions>
          <osmand:speed>9.7</osmand:speed>
        </extensions>
      </trkpt>
      <trkpt lat="50.9301726" lon="11.6826307">
        <ele>254.1</ele>
        <time>2026-10-04T09:01:50Z</time>
        <hdop>13</hdop>
        <extensions>
          <osmand:speed>9.5</osmand:speed>
        </extensions>
      </trkpt>
      <trkpt lat="50.9303438" lon="11.6818184">
        <ele>252.4</ele>
        <time>2026-10-04T09:01:56Z</time>
        <hdop>12.9</hdop>
        <extensions>
          <osmand:speed>9.8</osmand:speed>
        </extensions>
      </trkpt>
      <trkpt lat="50.9304718" lon="11.6811818">
        <ele>251.8</ele>
        <time>2026-10-04T09:02:01Z</time>
        <hdop>12.8</hdop>
        <extensions>
          <osmand:speed>9.5</osmand:speed>
        </extensions>
      </trkpt>
      <trkpt lat="50.9305894" lon="11.6805646">
        <ele>251.3</ele>
        <time>2026-10-04T09:02:06Z</time>
        <hdop>12.9</hdop>
        <extensions>
          <osmand:speed>9.1</osmand:speed>
        </extensions>
      </trkpt>
      <trkpt lat="50.9307237" lon="11.6798307">
        <ele>250.3</ele>
        <time>2026-10-04T09:02:12Z</time>
        <hdop>12.8</hdop>
        <extensions>
          <osmand:speed>9.2</osmand:speed>
        </extensions>
      </trkpt>
      <trkpt lat="50.9308166" lon="11.6791969">
        <ele>249.8</ele>
        <time>2026-10-04T09:02:17Z</time>
        <hdop>12.8</hdop>
        <extensions>
          <osmand:speed>9.1</osmand:speed>
        </extensions>
      </trkpt>
      <trkpt lat="50.9309181" lon="11.6784427">
        <ele>249.2</ele>
        <time>2026-10-04T09:02:23Z</time>
        <hdop>12.9</hdop>
        <extensions>
          <osmand:speed>9</osmand:speed>
        </extensions>
      </trkpt>
      <trkpt lat="50.9310172" lon="11.6776727">
        <ele>248.3</ele>
        <time>2026-10-04T09:02:29Z</time>
        <hdop>12.8</hdop>
        <extensions>
          <osmand:speed>9.1</osmand:speed>
        </extensions>
      </trkpt>
      <trkpt lat="50.9310958" lon="11.6770345">
        <ele>247.3</ele>
        <time>2026-10-04T09:02:34Z</time>
        <hdop>12.9</hdop>
        <extensions>
          <osmand:speed>9.2</osmand:speed>
        </extensions>
      </trkpt>
      <trkpt lat="50.9311952" lon="11.6763049">
        <ele>246.4</ele>
        <time>2026-10-04T09:02:40Z</time>
        <hdop>12.9</hdop>
        <extensions>
          <osmand:speed>8.6</osmand:speed>
        </extensions>
      </trkpt>
      <trkpt lat="50.9312733" lon="11.6757018">
        <ele>245.5</ele>
        <time>2026-10-04T09:02:45Z</time>
        <hdop>13</hdop>
        <extensions>
          <osmand:speed>8.5</osmand:speed>
        </extensions>
      </trkpt>
      <trkpt lat="50.9313671" lon="11.6749514">
        <ele>244.3</ele>
        <time>2026-10-04T09:02:51Z</time>
        <hdop>13.6</hdop>
        <extensions>
          <osmand:speed>8.8</osmand:speed>
        </extensions>
      </trkpt>
      <trkpt lat="50.9314526" lon="11.6743383">
        <ele>243.7</ele>
        <time>2026-10-04T09:02:56Z</time>
        <hdop>13.3</hdop>
        <extensions>
          <osmand:speed>8.6</osmand:speed>
        </extensions>
      </trkpt>
      <trkpt lat="50.9315368" lon="11.6736189">
        <ele>242.7</ele>
        <time>2026-10-04T09:03:02Z</time>
        <hdop>13.2</hdop>
        <extensions>
          <osmand:speed>8.7</osmand:speed>
        </extensions>
      </trkpt>
      <trkpt lat="50.9315936" lon="11.6729755">
        <ele>242.5</ele>
        <time>2026-10-04T09:03:07Z</time>
        <hdop>13</hdop>
        <extensions>
          <osmand:speed>9.1</osmand:speed>
        </extensions>
      </trkpt>
      <trkpt lat="50.9316638" lon="11.6721882">
        <ele>241.6</ele>
        <time>2026-10-04T09:03:13Z</time>
        <hdop>13</hdop>
        <extensions>
          <osmand:speed>9.4</osmand:speed>
        </extensions>
      </trkpt>
      <trkpt lat="50.9317187" lon="11.6714936">
        <ele>240.4</ele>
        <time>2026-10-04T09:03:18Z</time>
        <hdop>13.1</hdop>
        <extensions>
          <osmand:speed>9.8</osmand:speed>
        </extensions>
      </trkpt>
      <trkpt lat="50.9317896" lon="11.6706993">
        <ele>238.9</ele>
        <time>2026-10-04T09:03:24Z</time>
        <hdop>13.2</hdop>
        <extensions>
          <osmand:speed>9.5</osmand:speed>
        </extensions>
      </trkpt>
      <trkpt lat="50.9318652" lon="11.6699">
        <ele>236.7</ele>
        <time>2026-10-04T09:03:30Z</time>
        <hdop>13</hdop>
        <extensions>
          <osmand:speed>9.6</osmand:speed>
        </extensions>
      </trkpt>
      <trkpt lat="50.9319277" lon="11.6691146">
        <ele>235.3</ele>
        <time>2026-10-04T09:03:36Z</time>
        <hdop>13.2</hdop>
        <extensions>
          <osmand:speed>9.6</osmand:speed>
        </extensions>
      </trkpt>
      <trkpt lat="50.9319741" lon="11.6682847">
        <ele>234.1</ele>
        <time>2026-10-04T09:03:42Z</time>
        <hdop>13.3</hdop>
        <extensions>
          <osmand:speed>9.7</osmand:speed>
        </extensions>
      </trkpt>
      <trkpt lat="50.931962" lon="11.6674664">
        <ele>232.4</ele>
        <time>2026-10-04T09:03:48Z</time>
        <hdop>13.5</hdop>
        <extensions>
          <osmand:speed>9.7</osmand:speed>
        </extensions>
      </trkpt>
      <trkpt lat="50.931905" lon="11.6667543">
        <ele>230.5</ele>
        <time>2026-10-04T09:03:53Z</time>
        <hdop>13.6</hdop>
        <extensions>
          <osmand:speed>10.1</osmand:speed>
        </extensions>
      </trkpt>
      <trkpt lat="50.9318374" lon="11.6660571">
        <ele>229.1</ele>
        <time>2026-10-04T09:03:58Z</time>
        <hdop>13.6</hdop>
        <extensions>
          <osmand:speed>9.9</osmand:speed>
        </extensions>
      </trkpt>
      <trkpt lat="50.931774" lon="11.6652581">
        <ele>228.3</ele>
        <time>2026-10-04T09:04:04Z</time>
        <hdop>13.7</hdop>
        <extensions>
          <osmand:speed>9.4</osmand:speed>
        </extensions>
      </trkpt>
      <trkpt lat="50.9317567" lon="11.6646155">
        <ele>227.4</ele>
        <time>2026-10-04T09:04:09Z</time>
        <hdop>14</hdop>
        <extensions>
          <osmand:speed>9.1</osmand:speed>
        </extensions>
      </trkpt>
      <trkpt lat="50.9317646" lon="11.663847">
        <ele>226.1</ele>
        <time>2026-10-04T09:04:15Z</time>
        <hdop>13.8</hdop>
        <extensions>
          <osmand:speed>9</osmand:speed>
        </extensions>
      </trkpt>
      <trkpt lat="50.9317811" lon="11.6630707">
        <ele>225.3</ele>
        <time>2026-10-04T09:04:21Z</time>
        <hdop>13.9</hdop>
        <extensions>
          <osmand:speed>9.2</osmand:speed>
        </extensions>
      </trkpt>
      <trkpt lat="50.931801" lon="11.6624105">
        <ele>224.5</ele>
        <time>2026-10-04T09:04:26Z</time>
        <hdop>14.1</hdop>
        <extensions>
          <osmand:speed>9.2</osmand:speed>
        </extensions>
      </trkpt>
      <trkpt lat="50.9318987" lon="11.6616174">
        <ele>223.2</ele>
        <time>2026-10-04T09:04:32Z</time>
        <hdop>14.1</hdop>
        <extensions>
          <osmand:speed>9.4</osmand:speed>
        </extensions>
      </trkpt>
      <trkpt lat="50.932058" lon="11.6608087">
        <ele>221.1</ele>
        <time>2026-10-04T09:04:38Z</time>
        <hdop>13.8</hdop>
        <extensions>
          <osmand:speed>10.1</osmand:speed>
        </extensions>
      </trkpt>
      <trkpt lat="50.9321857" lon="11.6601241">
        <ele>219.4</ele>
        <time>2026-10-04T09:04:43Z</time>
        <hdop>13.4</hdop>
        <extensions>
          <osmand:speed>9.8</osmand:speed>
        </extensions>
      </trkpt>
      <trkpt lat="50.9322128" lon="11.6594452">
        <ele>218.8</ele>
        <time>2026-10-04T09:04:48Z</time>
        <hdop>13.4</hdop>
        <extensions>
          <osmand:speed>9.6</osmand:speed>
        </extensions>
      </trkpt>
      <trkpt lat="50.9320951" lon="11.658648">
        <ele>217.3</ele>
        <time>2026-10-04T09:04:54Z</time>
        <hdop>13.5</hdop>
        <extensions>
          <osmand:speed>9.6</osmand:speed>
        </extensions>
      </trkpt>
      <trkpt lat="50.9320225" lon="11.6579479">
        <ele>215.6</ele>
        <time>2026-10-04T09:04:59Z</time>
        <hdop>13.6</hdop>
        <extensions>
          <osmand:speed>9.7</osmand:speed>
        </extensions>
      </trkpt>
      <trkpt lat="50.9320525" lon="11.6571123">
        <ele>214.5</ele>
        <time>2026-10-04T09:05:05Z</time>
        <hdop>13.8</hdop>
        <extensions>
          <osmand:speed>9.9</osmand:speed>
        </extensions>
      </trkpt>
      <trkpt lat="50.9320869" lon="11.656454">
        <ele>213.9</ele>
        <time>2026-10-04T09:05:10Z</time>
        <hdop>13.9</hdop>
        <extensions>
          <osmand:speed>9.4</osmand:speed>
        </extensions>
      </trkpt>
      <trkpt lat="50.9321978" lon="11.6556668">
        <ele>212.2</ele>
        <time>2026-10-04T09:05:16Z</time>
        <hdop>13.6</hdop>
        <extensions>
          <osmand:speed>9.4</osmand:speed>
        </extensions>
      </trkpt>
      <trkpt lat="50.9325026" lon="11.6550077">
        <ele>210.6</ele>
        <time>2026-10-04T09:05:22Z</time>
        <hdop>14</hdop>
        <extensions>
          <osmand:speed>9.3</osmand:speed>
        </extensions>
      </trkpt>
      <trkpt lat="50.9328062" lon="11.6545241">
        <ele>209.9</ele>
        <time>2026-10-04T09:05:27Z</time>
        <hdop>14.3</hdop>
        <extensions>
          <osmand:speed>9.3</osmand:speed>
        </extensions>
      </trkpt>
      <trkpt lat="50.9330972" lon="11.6539225">
        <ele>209.9</ele>
        <time>2026-10-04T09:05:33Z</time>
        <hdop>13.9</hdop>
        <extensions>
          <osmand:speed>8.8</osmand:speed>
        </extensions>
      </trkpt>
      <trkpt lat="50.9332664" lon="11.6532354">
        <ele>209</ele>
        <time>2026-10-04T09:05:39Z</time>
        <hdop>13.6</hdop>
        <extensions>
          <osmand:speed>8.4</osmand:speed>
        </extensions>
      </trkpt>
      <trkpt lat="50.933341" lon="11.6525262">
        <ele>208.8</ele>
        <time>2026-10-04T09:05:45Z</time>
        <hdop>13.7</hdop>
        <extensions>
          <osmand:speed>8.4</osmand:speed>
        </extensions>
      </trkpt>
      <trkpt lat="50.9333363" lon="11.651796">
        <ele>207.7</ele>
        <time>2026-10-04T09:05:51Z</time>
        <hdop>13.8</hdop>
        <extensions>
          <osmand:speed>8.6</osmand:speed>
        </extensions>
      </trkpt>
      <trkpt lat="50.9331938" lon="11.651099">
        <ele>207.7</ele>
        <time>2026-10-04T09:05:57Z</time>
        <hdop>13.9</hdop>
        <extensions>
          <osmand:speed>8.3</osmand:speed>
        </extensions>
      </trkpt>
      <trkpt lat="50.9330391" lon="11.6505236">
        <ele>207.7</ele>
        <time>2026-10-04T09:06:02Z</time>
        <hdop>14</hdop>
        <extensions>
          <osmand:speed>8.7</osmand:speed>
        </extensions>
      </trkpt>
      <trkpt lat="50.9328456" lon="11.6498479">
        <ele>207.5</ele>
        <time>2026-10-04T09:06:08Z</time>
        <hdop>13.7</hdop>
        <extensions>
          <osmand:speed>8.6</osmand:speed>
        </extensions>
      </trkpt>
      <trkpt lat="50.9327247" lon="11.6492593">
        <ele>207.3</ele>
        <time>2026-10-04T09:06:13Z</time>
        <hdop>13.6</hdop>
        <extensions>
          <osmand:speed>8.5</osmand:speed>
        </extensions>
      </trkpt>
      <trkpt lat="50.9326717" lon="11.6486423">
        <ele>207.1</ele>
        <time>2026-10-04T09:06:18Z</time>
        <hdop>13.8</hdop>
        <extensions>
          <osmand:speed>8.7</osmand:speed>
        </extensions>
      </trkpt>
      <trkpt lat="50.932688" lon="11.648024">
        <ele>207.4</ele>
        <time>2026-10-04T09:06:23Z</time>
        <hdop>14</hdop>
        <extensions>
          <osmand:speed>8.8</osmand:speed>
        </extensions>
      </trkpt>
      <trkpt lat="50.9327361" lon="11.6474181">
        <ele>208</ele>
        <time>2026-10-04T09:06:28Z</time>
        <hdop>14</hdop>
        <extensions>
          <osmand:speed>8.5</osmand:speed>
        </extensions>
      </trkpt>
      <trkpt lat="50.9328624" lon="11.6466722">
        <ele>206.7</ele>
        <time>2026-10-04T09:06:34Z</time>
        <hdop>14.2</hdop>
        <extensions>
          <osmand:speed>8.9</osmand:speed>
        </extensions>
      </trkpt>
      <trkpt lat="50.9330121" lon="11.6459157">
        <ele>205.6</ele>
        <time>2026-10-04T09:06:40Z</time>
        <hdop>14.3</hdop>
        <extensions>
          <osmand:speed>9.3</osmand:speed>
        </extensions>
      </trkpt>
      <trkpt lat="50.9331546" lon="11.6451403">
        <ele>204</ele>
        <time>2026-10-04T09:06:46Z</time>
        <hdop>14.1</hdop>
        <extensions>
          <osmand:speed>9.3</osmand:speed>
        </extensions>
      </trkpt>
      <trkpt lat="50.9332603" lon="11.6444962">
        <ele>203.4</ele>
        <time>2026-10-04T09:06:51Z</time>
        <hdop>14.2</hdop>
        <extensions>
          <osmand:speed>9.2</osmand:speed>
        </extensions>
      </trkpt>
      <trkpt lat="50.9333588" lon="11.6438347">
        <ele>202.8</ele>
        <time>2026-10-04T09:06:56Z</time>
        <hdop>14.8</hdop>
        <extensions>
          <osmand:speed>9.4</osmand:speed>
        </extensions>
      </trkpt>
      <trkpt lat="50.933461" lon="11.6430343">
        <ele>202.2</ele>
        <time>2026-10-04T09:07:02Z</time>
        <hdop>14.2</hdop>
        <extensions>
          <osmand:speed>9.4</osmand:speed>
        </extensions>
      </trkpt>
      <trkpt lat="50.9335032" lon="11.6422634">
        <ele>201.2</ele>
        <time>2026-10-04T09:07:08Z</time>
        <hdop>14.3</hdop>
        <extensions>
          <osmand:speed>9.1</osmand:speed>
        </extensions>
      </trkpt>
      <trkpt lat="50.933429" lon="11.6414936">
        <ele>201.5</ele>
        <time>2026-10-04T09:07:14Z</time>
        <hdop>14.5</hdop>
        <extensions>
          <osmand:speed>8.9</osmand:speed>
        </extensions>
      </trkpt>
      <trkpt lat="50.933347" lon="11.6408762">
        <ele>201.5</ele>
        <time>2026-10-04T09:07:19Z</time>
        <hdop>14.7</hdop>
        <extensions>
          <osmand:speed>9</osmand:speed>
        </extensions>
      </trkpt>
      <trkpt lat="50.9332707" lon="11.6401084">
        <ele>200.7</ele>
        <time>2026-10-04T09:07:25Z</time>
        <hdop>14.4</hdop>
        <extensions>
          <osmand:speed>9.1</osmand:speed>
        </extensions>
      </trkpt>
      <trkpt lat="50.9332437" lon="11.6393174">
        <ele>200.1</ele>
        <time>2026-10-04T09:07:31Z</time>
        <hdop>14.4</hdop>
        <extensions>
          <osmand:speed>9.3</osmand:speed>
        </extensions>
      </trkpt>
      <trkpt lat="50.9332584" lon="11.638516">
        <ele>199</ele>
        <time>2026-10-04T09:07:37Z</time>
        <hdop>14.6</hdop>
        <extensions>
          <osmand:speed>9.5</osmand:speed>
        </extensions>
      </trkpt>
      <trkpt lat="50.9332766" lon="11.6376358">
        <ele>198.3</ele>
        <time>2026-10-04T09:07:43Z</time>
        <hdop>14.7</hdop>
        <extensions>
          <osmand:speed>10.1</osmand:speed>
        </extensions>
      </trkpt>
      <trkpt lat="50.9333201" lon="11.6367982">
        <ele>196.5</ele>
        <time>2026-10-04T09:07:49Z</time>
        <hdop>14.5</hdop>
        <extensions>
          <osmand:speed>9.8</osmand:speed>
        </extensions>
      </trkpt>
      <trkpt lat="50.9333732" lon="11.6361085">
        <ele>195.7</ele>
        <time>2026-10-04T09:07:54Z</time>
        <hdop>14.5</hdop>
        <extensions>
          <osmand:speed>9.7</osmand:speed>
        </extensions>
      </trkpt>
      <trkpt lat="50.9334384" lon="11.635426">
        <ele>195</ele>
        <time>2026-10-04T09:07:59Z</time>
        <hdop>14.7</hdop>
        <extensions>
          <osmand:speed>9.7</osmand:speed>
        </extensions>
      </trkpt>
      <trkpt lat="50.9335207" lon="11.6345774">
        <ele>193.6</ele>
        <time>2026-10-04T09:08:05Z</time>
        <hdop>14.3</hdop>
        <extensions>
          <osmand:speed>10.1</osmand:speed>
        </extensions>
      </trkpt>
      <trkpt lat="50.9335899" lon="11.6338454">
        <ele>192.8</ele>
        <time>2026-10-04T09:08:10Z</time>
        <hdop>14.3</hdop>
        <extensions>
          <osmand:speed>10.3</osmand:speed>
        </extensions>
      </trkpt>
      <trkpt lat="50.9336671" lon="11.6329858">
        <ele>189.5</ele>
        <time>2026-10-04T09:08:16Z</time>
        <hdop>14.3</hdop>
        <extensions>
          <osmand:speed>10.4</osmand:speed>
        </extensions>
      </trkpt>
      <trkpt lat="50.9337296" lon="11.6322485">
        <ele>187.3</ele>
        <time>2026-10-04T09:08:21Z</time>
        <hdop>14.7</hdop>
        <extensions>
          <osmand:speed>10.4</osmand:speed>
        </extensions>
      </trkpt>
      <trkpt lat="50.9337749" lon="11.631342">
        <ele>185.9</ele>
        <time>2026-10-04T09:08:27Z</time>
        <hdop>14.4</hdop>
        <extensions>
          <osmand:speed>10.5</osmand:speed>
        </extensions>
      </trkpt>
      <trkpt lat="50.9337962" lon="11.6304394">
        <ele>183.9</ele>
        <time>2026-10-04T09:08:33Z</time>
        <hdop>14.5</hdop>
        <extensions>
          <osmand:speed>10.5</osmand:speed>
        </extensions>
      </trkpt>
      <trkpt lat="50.9338236" lon="11.6297138">
        <ele>181.8</ele>
        <time>2026-10-04T09:08:38Z</time>
        <hdop>14.7</hdop>
        <extensions>
          <osmand:speed>10.2</osmand:speed>
        </extensions>
      </trkpt>
      <trkpt lat="50.9338572" lon="11.6288653">
        <ele>180.1</ele>
        <time>2026-10-04T09:08:44Z</time>
        <hdop>14.8</hdop>
        <extensions>
          <osmand:speed>9.8</osmand:speed>
        </extensions>
      </trkpt>
      <trkpt lat="50.9338807" lon="11.6281553">
        <ele>179</ele>
        <time>2026-10-04T09:08:49Z</time>
        <hdop>14.8</hdop>
        <extensions>
          <osmand:speed>10</osmand:speed>
        </extensions>
      </trkpt>
      <trkpt lat="50.9339055" lon="11.6273144">
        <ele>177.5</ele>
        <time>2026-10-04T09:08:55Z</time>
        <hdop>14.8</hdop>
        <extensions>
          <osmand:speed>9.7</osmand:speed>
        </extensions>
      </trkpt>
      <trkpt lat="50.9338899" lon="11.6266399">
        <ele>177</ele>
        <time>2026-10-04T09:09:00Z</time>
        <hdop>14.6</hdop>
        <extensions>
          <osmand:speed>9.5</osmand:speed>
        </extensions>
      </trkpt>
      <trkpt lat="50.9338592" lon="11.6259727">
        <ele>176</ele>
        <time>2026-10-04T09:09:05Z</time>
        <hdop>14.4</hdop>
        <extensions>
          <osmand:speed>9.4</osmand:speed>
        </extensions>
      </trkpt>
      <trkpt lat="50.9338094" lon="11.6251771">
        <ele>174.6</ele>
        <time>2026-10-04T09:09:11Z</time>
        <hdop>14.6</hdop>
        <extensions>
          <osmand:speed>9.4</osmand:speed>
        </extensions>
      </trkpt>
      <trkpt lat="50.9338059" lon="11.6243632">
        <ele>173.3</ele>
        <time>2026-10-04T09:09:17Z</time>
        <hdop>14.8</hdop>
        <extensions>
          <osmand:speed>9.6</osmand:speed>
        </extensions>
      </trkpt>
      <trkpt lat="50.9338037" lon="11.6235201">
        <ele>172</ele>
        <time>2026-10-04T09:09:23Z</time>
        <hdop>15.3</hdop>
        <extensions>
          <osmand:speed>9.9</osmand:speed>
        </extensions>
      </trkpt>
      <trkpt lat="50.9338157" lon="11.6226595">
        <ele>169.7</ele>
        <time>2026-10-04T09:09:29Z</time>
        <hdop>15.7</hdop>
        <extensions>
          <osmand:speed>9.9</osmand:speed>
        </extensions>
      </trkpt>
      <trkpt lat="50.9338162" lon="11.621912">
        <ele>168.3</ele>
        <time>2026-10-04T09:09:34Z</time>
        <hdop>15.7</hdop>
        <extensions>
          <osmand:speed>10.3</osmand:speed>
        </extensions>
      </trkpt>
      <trkpt lat="50.9337857" lon="11.6210558">
        <ele>167.4</ele>
        <time>2026-10-04T09:09:40Z</time>
        <hdop>15.6</hdop>
        <extensions>
          <osmand:speed>9.9</osmand:speed>
        </extensions>
      </trkpt>
      <trkpt lat="50.933742" lon="11.6203971">
        <ele>166</ele>
        <time>2026-10-04T09:09:45Z</time>
        <hdop>15.4</hdop>
        <extensions>
          <osmand:speed>9.3</osmand:speed>
        </extensions>
      </trkpt>
      <trkpt lat="50.9337142" lon="11.6196385">
        <ele>165.4</ele>
        <time>2026-10-04T09:09:51Z</time>
        <hdop>15.2</hdop>
        <extensions>
          <osmand:speed>9</osmand:speed>
        </extensions>
      </trkpt>
      <trkpt lat="50.9336667" lon="11.6189002">
        <ele>164.2</ele>
        <time>2026-10-04T09:09:57Z</time>
        <hdop>15.3</hdop>
        <extensions>
          <osmand:speed>8.8</osmand:speed>
        </extensions>
      </trkpt>
      <trkpt lat="50.9336321" lon="11.6181337">
        <ele>164</ele>
        <time>2026-10-04T09:10:03Z</time>
        <hdop>15.1</hdop>
        <extensions>
          <osmand:speed>9</osmand:speed>
        </extensions>
      </trkpt>
      <trkpt lat="50.9335857" lon="11.6175028">
        <ele>163.7</ele>
        <time>2026-10-04T09:10:08Z</time>
        <hdop>15.1</hdop>
        <extensions>
          <osmand:speed>8.8</osmand:speed>
        </extensions>
      </trkpt>
      <trkpt lat="50.9335483" lon="11.6167522">
        <ele>162.5</ele>
        <time>2026-10-04T09:10:14Z</time>
        <hdop>15.1</hdop>
        <extensions>
          <osmand:speed>8.9</osmand:speed>
        </extensions>
      </trkpt>
      <trkpt lat="50.9335108" lon="11.6161299">
        <ele>162.2</ele>
        <time>2026-10-04T09:10:19Z</time>
        <hdop>15.7</hdop>
        <extensions>
          <osmand:speed>8.8</osmand:speed>
        </extensions>
      </trkpt>
      <trkpt lat="50.933496" lon="11.6153414">
        <ele>161.7</ele>
        <time>2026-10-04T09:10:25Z</time>
        <hdop>15.4</hdop>
        <extensions>
          <osmand:speed>9.1</osmand:speed>
        </extensions>
      </trkpt>
      <trkpt lat="50.9335185" lon="11.6145554">
        <ele>161.1</ele>
        <time>2026-10-04T09:10:31Z</time>
        <hdop>15.7</hdop>
        <extensions>
          <osmand:speed>9.1</osmand:speed>
        </extensions>
      </trkpt>
      <trkpt lat="50.9335621" lon="11.6139135">
        <ele>161.2</ele>
        <time>2026-10-04T09:10:36Z</time>
        <hdop>16.2</hdop>
        <extensions>
          <osmand:speed>8.9</osmand:speed>
        </extensions>
      </trkpt>
      <trkpt lat="50.9336197" lon="11.6132709">
        <ele>160.1</ele>
        <time>2026-10-04T09:10:41Z</time>
        <hdop>16</hdop>
        <extensions>
          <osmand:speed>8.9</osmand:speed>
        </extensions>
      </trkpt>
      <trkpt lat="50.9337254" lon="11.6124968">
        <ele>160</ele>
        <time>2026-10-04T09:10:47Z</time>
        <hdop>15.8</hdop>
        <extensions>
          <osmand:speed>9</osmand:speed>
        </extensions>
      </trkpt>
      <trkpt lat="50.9338245" lon="11.6117313">
        <ele>159.6</ele>
        <time>2026-10-04T09:10:53Z</time>
        <hdop>15.9</hdop>
        <extensions>
          <osmand:speed>9</osmand:speed>
        </extensions>
      </trkpt>
      <trkpt lat="50.9339116" lon="11.6110934">
        <ele>159.5</ele>
        <time>2026-10-04T09:10:58Z</time>
        <hdop>15.7</hdop>
        <extensions>
          <osmand:speed>9</osmand:speed>
        </extensions>
      </trkpt>
      <trkpt lat="50.9339993" lon="11.6104657">
        <ele>159.6</ele>
        <time>2026-10-04T09:11:03Z</time>
        <hdop>15.2</hdop>
        <extensions>
          <osmand:speed>8.8</osmand:speed>
        </extensions>
      </trkpt>
      <trkpt lat="50.9340954" lon="11.6097313">
        <ele>158.9</ele>
        <time>2026-10-04T09:11:09Z</time>
        <hdop>15.4</hdop>
        <extensions>
          <osmand:speed>8.8</osmand:speed>
        </extensions>
      </trkpt>
      <trkpt lat="50.9341799" lon="11.609143">
        <ele>158.5</ele>
        <time>2026-10-04T09:11:14Z</time>
        <hdop>15.5</hdop>
        <extensions>
          <osmand:speed>8.6</osmand:speed>
        </extensions>
      </trkpt>
      <trkpt lat="50.9342685" lon="11.6084585">
        <ele>158.3</ele>
        <time>2026-10-04T09:11:20Z</time>
        <hdop>15.6</hdop>
        <extensions>
          <osmand:speed>7.9</osmand:speed>
        </extensions>
      </trkpt>
      <trkpt lat="50.934285" lon="11.6078737">
        <ele>157.1</ele>
        <time>2026-10-04T09:11:26Z</time>
        <hdop>15.6</hdop>
        <extensions>
          <osmand:speed>6.1</osmand:speed>
        </extensions>
      </trkpt>
      <trkpt lat="50.9342699" lon="11.6076653">
        <ele>156.4</ele>
        <time>2026-10-04T09:11:32Z</time>
        <hdop>15.6</hdop>
        <extensions>
          <osmand:speed>2.2</osmand:speed>
        </extensions>
      </trkpt>
      <trkpt lat="50.9342672" lon="11.6075883">
        <ele>155.9</ele>
        <time>2026-10-04T09:11:50Z</time>
        <hdop>7.3</hdop>
        <extensions>
          <osmand:speed>0.2</osmand:speed>
        </extensions>
      </trkpt>
      <trkpt lat="50.9341136" lon="11.6070966">
        <ele>155.6</ele>
        <time>2026-10-04T09:11:55Z</time>
        <hdop>13.7</hdop>
        <extensions>
          <osmand:speed>5.4</osmand:speed>
        </extensions>
      </trkpt>
      <trkpt lat="50.9337489" lon="11.6067656">
        <ele>155.5</ele>
        <time>2026-10-04T09:12:00Z</time>
        <hdop>15</hdop>
        <extensions>
          <osmand:speed>8.1</osmand:speed>
        </extensions>
      </trkpt>
      <trkpt lat="50.9333082" lon="11.6064053">
        <ele>154.9</ele>
        <time>2026-10-04T09:12:06Z</time>
        <hdop>15.1</hdop>
        <extensions>
          <osmand:speed>8.8</osmand:speed>
        </extensions>
      </trkpt>
      <trkpt lat="50.9329015" lon="11.6061687">
        <ele>154.1</ele>
        <time>2026-10-04T09:12:11Z</time>
        <hdop>16.1</hdop>
        <extensions>
          <osmand:speed>9.2</osmand:speed>
        </extensions>
      </trkpt>
      <trkpt lat="50.9324872" lon="11.605783">
        <ele>153.8</ele>
        <time>2026-10-04T09:12:17Z</time>
        <hdop>15.8</hdop>
        <extensions>
          <osmand:speed>9.1</osmand:speed>
        </extensions>
      </trkpt>
      <trkpt lat="50.9321146" lon="11.6055106">
        <ele>153</ele>
        <time>2026-10-04T09:12:22Z</time>
        <hdop>17.2</hdop>
        <extensions>
          <osmand:speed>8.9</osmand:speed>
        </extensions>
      </trkpt>
      <trkpt lat="50.9317277" lon="11.6050717">
        <ele>151.8</ele>
        <time>2026-10-04T09:12:28Z</time>
        <hdop>16.7</hdop>
        <extensions>
          <osmand:speed>9</osmand:speed>
        </extensions>
      </trkpt>
      <trkpt lat="50.9314297" lon="11.6045382">
        <ele>150.8</ele>
        <time>2026-10-04T09:12:33Z</time>
        <hdop>15.8</hdop>
        <extensions>
          <osmand:speed>9.8</osmand:speed>
        </extensions>
      </trkpt>
      <trkpt lat="50.9311248" lon="11.6039699">
        <ele>148.9</ele>
        <time>2026-10-04T09:12:38Z</time>
        <hdop>15.8</hdop>
        <extensions>
          <osmand:speed>10</osmand:speed>
        </extensions>
      </trkpt>
      <trkpt lat="50.9308468" lon="11.6034838">
        <ele>147.1</ele>
        <time>2026-10-04T09:12:43Z</time>
        <hdop>16.5</hdop>
        <extensions>
          <osmand:speed>8.7</osmand:speed>
        </extensions>
      </trkpt>
      <trkpt lat="50.9305369" lon="11.6029227">
        <ele>145.3</ele>
        <time>2026-10-04T09:12:49Z</time>
        <hdop>16.4</hdop>
        <extensions>
          <osmand:speed>9</osmand:speed>
        </extensions>
      </trkpt>
      <trkpt lat="50.9302548" lon="11.6024234">
        <ele>145.1</ele>
        <time>2026-10-04T09:12:54Z</time>
        <hdop>16.1</hdop>
        <extensions>
          <osmand:speed>9.2</osmand:speed>
        </extensions>
      </trkpt>
      <trkpt lat="50.9299897" lon="11.6017687">
        <ele>145.8</ele>
        <time>2026-10-04T09:13:00Z</time>
        <hdop>17</hdop>
        <extensions>
          <osmand:speed>9.1</osmand:speed>
        </extensions>
      </trkpt>
      <trkpt lat="50.9297181" lon="11.6011442">
        <ele>145</ele>
        <time>2026-10-04T09:13:06Z</time>
        <hdop>17.2</hdop>
        <extensions>
          <osmand:speed>8.7</osmand:speed>
        </extensions>
      </trkpt>
      <trkpt lat="50.9295054" lon="11.6006481">
        <ele>145.5</ele>
        <time>2026-10-04T09:13:11Z</time>
        <hdop>17.2</hdop>
        <extensions>
          <osmand:speed>8.2</osmand:speed>
        </extensions>
      </trkpt>
      <trkpt lat="50.92925" lon="11.6000798">
        <ele>145.4</ele>
        <time>2026-10-04T09:13:17Z</time>
        <hdop>17.1</hdop>
        <extensions>
          <osmand:speed>7.7</osmand:speed>
        </extensions>
      </trkpt>
      <trkpt lat="50.9290633" lon="11.5995949">
        <ele>145.4</ele>
        <time>2026-10-04T09:13:22Z</time>
        <hdop>16.7</hdop>
        <extensions>
          <osmand:speed>7.9</osmand:speed>
        </extensions>
      </trkpt>
      <trkpt lat="50.92888" lon="11.5989808">
        <ele>145.8</ele>
        <time>2026-10-04T09:13:28Z</time>
        <hdop>16.7</hdop>
        <extensions>
          <osmand:speed>7.7</osmand:speed>
        </extensions>
      </trkpt>
      <trkpt lat="50.9287049" lon="11.5985024">
        <ele>145.6</ele>
        <time>2026-10-04T09:13:33Z</time>
        <hdop>16.3</hdop>
        <extensions>
          <osmand:speed>7.4</osmand:speed>
        </extensions>
      </trkpt>
      <trkpt lat="50.9286051" lon="11.597838">
        <ele>145.9</ele>
        <time>2026-10-04T09:13:39Z</time>
        <hdop>16.6</hdop>
        <extensions>
          <osmand:speed>7.6</osmand:speed>
        </extensions>
      </trkpt>
      <trkpt lat="50.9285837" lon="11.5972941">
        <ele>145.9</ele>
        <time>2026-10-04T09:13:44Z</time>
        <hdop>18.7</hdop>
        <extensions>
          <osmand:speed>7.5</osmand:speed>
        </extensions>
      </trkpt>
      <trkpt lat="50.9284658" lon="11.5967401">
        <ele>145.7</ele>
        <time>2026-10-04T09:13:50Z</time>
        <hdop>17.5</hdop>
        <extensions>
          <osmand:speed>6.2</osmand:speed>
        </extensions>
      </trkpt>
      <trkpt lat="50.9282822" lon="11.5964869">
        <ele>146.5</ele>
        <time>2026-10-04T09:13:56Z</time>
        <hdop>16.5</hdop>
        <extensions>
          <osmand:speed>4.8</osmand:speed>
        </extensions>
      </trkpt>
      <trkpt lat="50.927957" lon="11.5964">
        <ele>145.8</ele>
        <time>2026-10-04T09:14:02Z</time>
        <hdop>15.9</hdop>
        <extensions>
          <osmand:speed>5.9</osmand:speed>
        </extensions>
      </trkpt>
      <trkpt lat="50.9276213" lon="11.5963782">
        <ele>144.7</ele>
        <time>2026-10-04T09:14:08Z</time>
        <hdop>16</hdop>
        <extensions>
          <osmand:speed>6</osmand:speed>
        </extensions>
      </trkpt>
      <trkpt lat="50.9272874" lon="11.5963644">
        <ele>145.3</ele>
        <time>2026-10-04T09:14:14Z</time>
        <hdop>16.5</hdop>
        <extensions>
          <osmand:speed>6.3</osmand:speed>
        </extensions>
      </trkpt>
      <trkpt lat="50.927005" lon="11.5961991">
        <ele>146</ele>
        <time>2026-10-04T09:14:19Z</time>
        <hdop>16.6</hdop>
        <extensions>
          <osmand:speed>5.8</osmand:speed>
        </extensions>
      </trkpt>
      <trkpt lat="50.9267729" lon="11.5958727">
        <ele>145.8</ele>
        <time>2026-10-04T09:14:25Z</time>
        <hdop>16.5</hdop>
        <extensions>
          <osmand:speed>5.2</osmand:speed>
        </extensions>
      </trkpt>
      <trkpt lat="50.9266693" lon="11.5956823">
        <ele>145.7</ele>
        <time>2026-10-04T09:14:30Z</time>
        <hdop>16.7</hdop>
        <extensions>
          <osmand:speed>3</osmand:speed>
        </extensions>
      </trkpt>
      <trkpt lat="50.9266493" lon="11.5956165">
        <ele>147.4</ele>
        <time>2026-10-04T09:15:09Z</time>
        <hdop>14</hdop>
        <extensions>
          <osmand:speed>1.2</osmand:speed>
        </extensions>
      </trkpt>
      <trkpt lat="50.9266699" lon="11.5955453">
        <ele>147.2</ele>
        <time>2026-10-04T09:15:42Z</time>
        <hdop>15.7</hdop>
        <extensions>
          <osmand:speed>1.3</osmand:speed>
        </extensions>
      </trkpt>
      <trkpt lat="50.9266114" lon="11.5955517">
        <ele>147.6</ele>
        <time>2026-10-04T09:15:53Z</time>
        <hdop>12.3</hdop>
        <extensions>
          <osmand:speed>0.5</osmand:speed>
        </extensions>
      </trkpt>
      <trkpt lat="50.9264834" lon="11.595453">
        <ele>147.8</ele>
        <time>2026-10-04T09:15:58Z</time>
        <hdop>7.1</hdop>
        <extensions>
          <osmand:speed>1.3</osmand:speed>
        </extensions>
      </trkpt>
      <trkpt lat="50.9263179" lon="11.5953333">
        <ele>149</ele>
        <time>2026-10-04T09:16:04Z</time>
        <hdop>6</hdop>
        <extensions>
          <osmand:speed>2.5</osmand:speed>
        </extensions>
      </trkpt>
      <trkpt lat="50.926174" lon="11.5951084">
        <ele>150.4</ele>
        <time>2026-10-04T09:16:09Z</time>
        <hdop>6.6</hdop>
        <extensions>
          <osmand:speed>3.1</osmand:speed>
        </extensions>
      </trkpt>
      <trkpt lat="50.9259833" lon="11.5947165">
        <ele>151.1</ele>
        <time>2026-10-04T09:16:14Z</time>
        <hdop>7.6</hdop>
        <extensions>
          <osmand:speed>4.3</osmand:speed>
        </extensions>
      </trkpt>
      <trkpt lat="50.9258094" lon="11.594338">
        <ele>151.2</ele>
        <time>2026-10-04T09:16:19Z</time>
        <hdop>12.1</hdop>
        <extensions>
          <osmand:speed>5</osmand:speed>
        </extensions>
      </trkpt>
      <trkpt lat="50.9256403" lon="11.5939465">
        <ele>152.2</ele>
        <time>2026-10-04T09:16:25Z</time>
        <hdop>11.9</hdop>
        <extensions>
          <osmand:speed>5.3</osmand:speed>
        </extensions>
      </trkpt>
      <trkpt lat="50.925447" lon="11.5935927">
        <ele>153.2</ele>
        <time>2026-10-04T09:16:31Z</time>
        <hdop>11.5</hdop>
        <extensions>
          <osmand:speed>5.4</osmand:speed>
        </extensions>
      </trkpt>
      <trkpt lat="50.9252445" lon="11.5932383">
        <ele>154.1</ele>
        <time>2026-10-04T09:16:37Z</time>
        <hdop>11.8</hdop>
        <extensions>
          <osmand:speed>5.7</osmand:speed>
        </extensions>
      </trkpt>
      <trkpt lat="50.9250695" lon="11.5927426">
        <ele>153.8</ele>
        <time>2026-10-04T09:16:42Z</time>
        <hdop>12.1</hdop>
        <extensions>
          <osmand:speed>7.7</osmand:speed>
        </extensions>
      </trkpt>
      <trkpt lat="50.9248169" lon="11.5920677">
        <ele>151.1</ele>
        <time>2026-10-04T09:16:48Z</time>
        <hdop>11.1</hdop>
        <extensions>
          <osmand:speed>9.2</osmand:speed>
        </extensions>
      </trkpt>
      <trkpt lat="50.924338" lon="11.5919019">
        <ele>147.8</ele>
        <time>2026-10-04T09:16:54Z</time>
        <hdop>13.2</hdop>
        <extensions>
          <osmand:speed>8.4</osmand:speed>
        </extensions>
      </trkpt>
      <trkpt lat="50.9239664" lon="11.5918314">
        <ele>147.4</ele>
        <time>2026-10-04T09:16:59Z</time>
        <hdop>16.8</hdop>
        <extensions>
          <osmand:speed>7.6</osmand:speed>
        </extensions>
      </trkpt>
      <trkpt lat="50.923999" lon="11.5913027">
        <ele>148.1</ele>
        <time>2026-10-04T09:17:05Z</time>
        <hdop>12.6</hdop>
        <extensions>
          <osmand:speed>5.6</osmand:speed>
        </extensions>
      </trkpt>
      <trkpt lat="50.9241208" lon="11.5908811">
        <ele>147.6</ele>
        <time>2026-10-04T09:17:10Z</time>
        <hdop>12.7</hdop>
        <extensions>
          <osmand:speed>5.5</osmand:speed>
        </extensions>
      </trkpt>
      <trkpt lat="50.9241771" lon="11.59072">
        <ele>147.3</ele>
        <time>2026-10-04T09:17:15Z</time>
        <hdop>13.2</hdop>
        <extensions>
          <osmand:speed>2.8</osmand:speed>
        </extensions>
      </trkpt>
      <trkpt lat="50.9241906" lon="11.5906469">
        <ele>147.7</ele>
        <time>2026-10-04T09:17:23Z</time>
        <hdop>12.5</hdop>
        <extensions>
          <osmand:speed>0.6</osmand:speed>
        </extensions>
      </trkpt>
      <trkpt lat="50.9242077" lon="11.5905218">
        <ele>147</ele>
        <time>2026-10-04T09:17:29Z</time>
        <hdop>8.3</hdop>
        <extensions>
          <osmand:speed>1</osmand:speed>
        </extensions>
      </trkpt>
      <trkpt lat="50.9242566" lon="11.5901472">
        <ele>147</ele>
        <time>2026-10-04T09:17:35Z</time>
        <hdop>8.9</hdop>
        <extensions>
          <osmand:speed>2.7</osmand:speed>
        </extensions>
      </trkpt>
      <trkpt lat="50.9242747" lon="11.589885">
        <ele>147.4</ele>
        <time>2026-10-04T09:17:41Z</time>
        <hdop>7.2</hdop>
        <extensions>
          <osmand:speed>2.8</osmand:speed>
        </extensions>
      </trkpt>
      <trkpt lat="50.9242721" lon="11.5898135">
        <ele>147.8</ele>
        <time>2026-10-04T09:17:56Z</time>
        <hdop>4.9</hdop>
        <extensions>
          <osmand:speed>0.5</osmand:speed>
        </extensions>
      </trkpt>
      <trkpt lat="50.9243429" lon="11.5897643">
        <ele>147.9</ele>
        <time>2026-10-04T09:18:02Z</time>
        <hdop>4.9</hdop>
        <extensions>
          <osmand:speed>1</osmand:speed>
        </extensions>
      </trkpt>
      <trkpt lat="50.9244373" lon="11.5896986">
        <ele>147.3</ele>
        <time>2026-10-04T09:18:07Z</time>
        <hdop>5.7</hdop>
        <extensions>
          <osmand:speed>1.5</osmand:speed>
        </extensions>
      </trkpt>
      <trkpt lat="50.9246349" lon="11.589554">
        <ele>147.6</ele>
        <time>2026-10-04T09:18:12Z</time>
        <hdop>5.7</hdop>
        <extensions>
          <osmand:speed>2.9</osmand:speed>
        </extensions>
      </trkpt>
      <trkpt lat="50.9248051" lon="11.5894427">
        <ele>147.1</ele>
        <time>2026-10-04T09:18:17Z</time>
        <hdop>6.1</hdop>
        <extensions>
          <osmand:speed>3.5</osmand:speed>
        </extensions>
      </trkpt>
      <trkpt lat="50.924986" lon="11.5893192">
        <ele>147</ele>
        <time>2026-10-04T09:18:23Z</time>
        <hdop>7.3</hdop>
        <extensions>
          <osmand:speed>3.1</osmand:speed>
        </extensions>
      </trkpt>
      <trkpt lat="50.9250592" lon="11.5892752">
        <ele>145.9</ele>
        <time>2026-10-04T09:18:28Z</time>
        <hdop>6.5</hdop>
        <extensions>
          <osmand:speed>1.9</osmand:speed>
        </extensions>
      </trkpt>
      <trkpt lat="50.9250629" lon="11.5893505">
        <ele>145.2</ele>
        <time>2026-10-04T09:18:44Z</time>
        <hdop>4.2</hdop>
        <extensions>
          <osmand:speed>0.3</osmand:speed>
        </extensions>
      </trkpt>
      <trkpt lat="50.9251334" lon="11.5893917">
        <ele>145.5</ele>
        <time>2026-10-04T09:18:50Z</time>
        <hdop>6.1</hdop>
        <extensions>
          <osmand:speed>1</osmand:speed>
        </extensions>
      </trkpt>
      <trkpt lat="50.9251917" lon="11.5893417">
        <ele>145.4</ele>
        <time>2026-10-04T09:18:55Z</time>
        <hdop>5.2</hdop>
        <extensions>
          <osmand:speed>1.2</osmand:speed>
        </extensions>
      </trkpt>
      <trkpt lat="50.9251724" lon="11.5891881">
        <ele>145.3</ele>
        <time>2026-10-04T09:19:01Z</time>
        <hdop>5.5</hdop>
        <extensions>
          <osmand:speed>1.7</osmand:speed>
        </extensions>
      </trkpt>
      <trkpt lat="50.9251196" lon="11.5890987">
        <ele>145.3</ele>
        <time>2026-10-04T09:19:06Z</time>
        <hdop>5.9</hdop>
        <extensions>
          <osmand:speed>1.2</osmand:speed>
        </extensions>
      </trkpt>
    </trkseg>
  </trk>
  <extensions>
    <osmand:show_arrows>false</osmand:show_arrows>
    <osmand:show_start_finish>true</osmand:show_start_finish>
    <osmand:split_interval>0.0</osmand:split_interval>
    <osmand:split_type>no_split</osmand:split_type>
    <osmand:line_3d_visualization_by_type>none</osmand:line_3d_visualization_by_type>
    <osmand:line_3d_visualization_wall_color_type>none</osmand:line_3d_visualization_wall_color_type>
    <osmand:line_3d_visualization_position_type>top</osmand:line_3d_visualization_position_type>
    <osmand:vertical_exaggeration_scale>1.0</osmand:vertical_exaggeration_scale>
    <osmand:elevation_meters>1000.0</osmand:elevation_meters>
    <osmand:color>#EF00FF</osmand:color>
    <osmand:width>thin</osmand:width>
    <osmand:coloring_type>solid</osmand:coloring_type>
  </extensions>
</gpx>
