<?xml version="1.0" encoding="UTF-8"?>
<!-- track-length = 96587 filtered ascend = 1184 plain-ascend = 55 cost=172971 energy=0.6kwh time=5h 54m 1s -->
<gpx
 xmlns="http://www.topografix.com/GPX/1/1"
 xmlns:xsi="http://www.w3.org/2001/XMLSchema-instance"
 xsi:schemaLocation="http://www.topografix.com/GPX/1/1 http://www.topografix.com/GPX/1/1/gpx.xsd"
 version="1.1"
 creator="bikerouter.de 2026.23">
 <trk>
  <name>Bad-Koe-Kulm-Sallfeld</name>
  <link href="https://bikerouter.de/#map=11/50.7436/11.3389/standard&amp;lonlats=12.027335,50.931564;12.015717,50.929202;12.026546,50.919465;12.00795,50.910524;11.957791,50.904225;11.959706,50.899458;11.958908,50.898141;11.954337,50.896226;11.926662,50.875829;11.900527,50.8766;11.870596,50.863739;11.863196,50.861607;11.858325,50.862162;11.857574,50.861641;11.857681,50.861038;11.859205,50.85818;11.86193,50.852762;11.863797,50.849158;11.86017,50.846461;11.855878,50.83953;11.854101,50.830318;11.805871,50.826339;11.789485,50.83096;11.789421,50.807223;11.766018,50.797815;11.760926,50.791945;11.729002,50.780956;11.712994,50.787263;11.689083,50.789088;11.677941,50.786016;11.674592,50.77723;11.62873,50.767385;11.607311,50.769565;11.59951,50.764645;11.580675,50.764971;11.560112,50.774125;11.538592,50.768879;11.543176,50.756437;11.551484,50.750581;11.589645,50.736739;11.58963,50.732392;11.602163,50.730968;11.607917,50.712193;11.602429,50.710408;11.600397,50.704555;11.587465,50.708813;11.579829,50.704612;11.539088,50.711841;11.539383,50.725208;11.525388,50.72289;11.518823,50.729824;11.491408,50.712325;11.483631,50.693113;11.436896,50.685174;11.406522,50.690818;11.404309,50.687571;11.408282,50.684643;11.368919,50.68281;11.361923,50.677261;11.373596,50.65066&amp;profile=fastbike-lowtraffic">
   <text>bikerouter.de</text>
  </link>
  <trkseg>
   <trkpt lat="50.931564" lon="12.027335"><ele>181</ele></trkpt>
   <trkpt lat="50.931613" lon="12.027323"><ele>181</ele></trkpt>
   <trkpt lat="50.931702" lon="12.027246"><ele>181</ele></trkpt>
   <trkpt lat="50.931754" lon="12.027181"><ele>181</ele></trkpt>
   <trkpt lat="50.931778" lon="12.027151"><ele>181</ele></trkpt>
   <trkpt lat="50.93221" lon="12.026282"><ele>181.5</ele></trkpt>
   <trkpt lat="50.932213" lon="12.026248"><ele>181.25</ele></trkpt>
   <trkpt lat="50.932203" lon="12.026206"><ele>181.25</ele></trkpt>
   <trkpt lat="50.932081" lon="12.025845"><ele>180.5</ele></trkpt>
   <trkpt lat="50.932086" lon="12.025792"><ele>180.25</ele></trkpt>
   <trkpt lat="50.932057" lon="12.025771"><ele>180.5</ele></trkpt>
   <trkpt lat="50.932036" lon="12.025735"><ele>180.5</ele></trkpt>
   <trkpt lat="50.931875" lon="12.025286"><ele>180.25</ele></trkpt>
   <trkpt lat="50.931755" lon="12.024952"><ele>180</ele></trkpt>
   <trkpt lat="50.931643" lon="12.024654"><ele>180.75</ele></trkpt>
   <trkpt lat="50.931568" lon="12.024446"><ele>180.5</ele></trkpt>
   <trkpt lat="50.931465" lon="12.024157"><ele>180.5</ele></trkpt>
   <trkpt lat="50.931322" lon="12.023747"><ele>180.25</ele></trkpt>
   <trkpt lat="50.931159" lon="12.023271"><ele>180</ele></trkpt>
   <trkpt lat="50.930993" lon="12.022781"><ele>180.25</ele></trkpt>
   <trkpt lat="50.930875" lon="12.022437"><ele>180</ele></trkpt>
   <trkpt lat="50.930847" lon="12.022349"><ele>180</ele></trkpt>
   <trkpt lat="50.930596" lon="12.021599"><ele>180</ele></trkpt>
   <trkpt lat="50.930311" lon="12.020733"><ele>180.75</ele></trkpt>
   <trkpt lat="50.930216" lon="12.020453"><ele>180.5</ele></trkpt>
   <trkpt lat="50.930139" lon="12.020225"><ele>180.25</ele></trkpt>
   <trkpt lat="50.93002" lon="12.019881"><ele>180.75</ele></trkpt>
   <trkpt lat="50.929962" lon="12.019713"><ele>181</ele></trkpt>
   <trkpt lat="50.929786" lon="12.019183"><ele>181.5</ele></trkpt>
   <trkpt lat="50.929701" lon="12.018779"><ele>182.75</ele></trkpt>
   <trkpt lat="50.929657" lon="12.018518"><ele>181.75</ele></trkpt>
   <trkpt lat="50.929651" lon="12.018483"><ele>181.25</ele></trkpt>
   <trkpt lat="50.929478" lon="12.017464"><ele>181.75</ele></trkpt>
   <trkpt lat="50.92947" lon="12.017417"><ele>182</ele></trkpt>
   <trkpt lat="50.929269" lon="12.016225"><ele>180.5</ele></trkpt>
   <trkpt lat="50.929231" lon="12.015987"><ele>181</ele></trkpt>
   <trkpt lat="50.929202" lon="12.015717"><ele>180.75</ele></trkpt>
   <trkpt lat="50.929059" lon="12.016003"><ele>181</ele></trkpt>
   <trkpt lat="50.928959" lon="12.016103"><ele>181</ele></trkpt>
   <trkpt lat="50.928694" lon="12.016212"><ele>181</ele></trkpt>
   <trkpt lat="50.928662" lon="12.016222"><ele>181</ele></trkpt>
   <trkpt lat="50.928601" lon="12.016223"><ele>181</ele></trkpt>
   <trkpt lat="50.928229" lon="12.01619"><ele>182</ele></trkpt>
   <trkpt lat="50.928196" lon="12.016205"><ele>182</ele></trkpt>
   <trkpt lat="50.928182" lon="12.016224"><ele>182</ele></trkpt>
   <trkpt lat="50.928155" lon="12.016273"><ele>182</ele></trkpt>
   <trkpt lat="50.928124" lon="12.016334"><ele>182</ele></trkpt>
   <trkpt lat="50.928002" lon="12.016455"><ele>182</ele></trkpt>
   <trkpt lat="50.927814" lon="12.016672"><ele>181.75</ele></trkpt>
   <trkpt lat="50.927571" lon="12.017135"><ele>182</ele></trkpt>
   <trkpt lat="50.92734" lon="12.017524"><ele>181.75</ele></trkpt>
   <trkpt lat="50.927035" lon="12.018321"><ele>181.5</ele></trkpt>
   <trkpt lat="50.926854" lon="12.018744"><ele>181.25</ele></trkpt>
   <trkpt lat="50.926765" lon="12.018946"><ele>181.25</ele></trkpt>
   <trkpt lat="50.926499" lon="12.019482"><ele>181</ele></trkpt>
   <trkpt lat="50.926089" lon="12.019952"><ele>180.25</ele></trkpt>
   <trkpt lat="50.925775" lon="12.020328"><ele>180.25</ele></trkpt>
   <trkpt lat="50.925466" lon="12.020791"><ele>180.75</ele></trkpt>
   <trkpt lat="50.92494" lon="12.02152"><ele>180.5</ele></trkpt>
   <trkpt lat="50.924763" lon="12.021783"><ele>180.25</ele></trkpt>
   <trkpt lat="50.924622" lon="12.021936"><ele>180.25</ele></trkpt>
   <trkpt lat="50.924455" lon="12.022057"><ele>180.5</ele></trkpt>
   <trkpt lat="50.923804" lon="12.022464"><ele>181.25</ele></trkpt>
   <trkpt lat="50.923545" lon="12.02265"><ele>181.25</ele></trkpt>
   <trkpt lat="50.922517" lon="12.023809"><ele>181.75</ele></trkpt>
   <trkpt lat="50.921858" lon="12.024552"><ele>181.5</ele></trkpt>
   <trkpt lat="50.921569" lon="12.025046"><ele>181.25</ele></trkpt>
   <trkpt lat="50.921119" lon="12.025945"><ele>181.75</ele></trkpt>
   <trkpt lat="50.920497" lon="12.027071"><ele>183.25</ele></trkpt>
   <trkpt lat="50.920433" lon="12.027091"><ele>183.5</ele></trkpt>
   <trkpt lat="50.920126" lon="12.026914"><ele>185.5</ele></trkpt>
   <trkpt lat="50.920075" lon="12.026859"><ele>186</ele></trkpt>
   <trkpt lat="50.920026" lon="12.027056"><ele>185.75</ele></trkpt>
   <trkpt lat="50.919974" lon="12.027019"><ele>185.75</ele></trkpt>
   <trkpt lat="50.919726" lon="12.02686"><ele>187.5</ele></trkpt>
   <trkpt lat="50.919583" lon="12.026736"><ele>187</ele></trkpt>
   <trkpt lat="50.919465" lon="12.026546"><ele>187</ele></trkpt>
   <trkpt lat="50.9189" lon="12.024881"><ele>187.75</ele></trkpt>
   <trkpt lat="50.918731" lon="12.024444"><ele>188.75</ele></trkpt>
   <trkpt lat="50.918612" lon="12.024213"><ele>188.75</ele></trkpt>
   <trkpt lat="50.918232" lon="12.023514"><ele>190</ele></trkpt>
   <trkpt lat="50.918101" lon="12.023249"><ele>191</ele></trkpt>
   <trkpt lat="50.917974" lon="12.022852"><ele>193</ele></trkpt>
   <trkpt lat="50.917885" lon="12.022623"><ele>194.25</ele></trkpt>
   <trkpt lat="50.917752" lon="12.022387"><ele>195.25</ele></trkpt>
   <trkpt lat="50.917635" lon="12.022207"><ele>196.5</ele></trkpt>
   <trkpt lat="50.917485" lon="12.021957"><ele>196.75</ele></trkpt>
   <trkpt lat="50.917344" lon="12.021764"><ele>197.25</ele></trkpt>
   <trkpt lat="50.91718" lon="12.021599"><ele>197.25</ele></trkpt>
   <trkpt lat="50.916783" lon="12.021246"><ele>197.75</ele></trkpt>
   <trkpt lat="50.91662" lon="12.021081"><ele>197.5</ele></trkpt>
   <trkpt lat="50.916554" lon="12.020994"><ele>197.5</ele></trkpt>
   <trkpt lat="50.916465" lon="12.020832"><ele>198</ele></trkpt>
   <trkpt lat="50.916409" lon="12.020684"><ele>198.25</ele></trkpt>
   <trkpt lat="50.916265" lon="12.020237"><ele>199.25</ele></trkpt>
   <trkpt lat="50.916162" lon="12.01989"><ele>202</ele></trkpt>
   <trkpt lat="50.915827" lon="12.019098"><ele>207</ele></trkpt>
   <trkpt lat="50.915605" lon="12.018598"><ele>207.75</ele></trkpt>
   <trkpt lat="50.914503" lon="12.016696"><ele>207.75</ele></trkpt>
   <trkpt lat="50.914249" lon="12.016301"><ele>207.75</ele></trkpt>
   <trkpt lat="50.914157" lon="12.016191"><ele>207.25</ele></trkpt>
   <trkpt lat="50.913764" lon="12.015754"><ele>206.25</ele></trkpt>
   <trkpt lat="50.913621" lon="12.015543"><ele>206.25</ele></trkpt>
   <trkpt lat="50.913456" lon="12.015245"><ele>207</ele></trkpt>
   <trkpt lat="50.913165" lon="12.014512"><ele>207.5</ele></trkpt>
   <trkpt lat="50.913158" lon="12.014494"><ele>207.5</ele></trkpt>
   <trkpt lat="50.912994" lon="12.01402"><ele>208</ele></trkpt>
   <trkpt lat="50.912816" lon="12.013502"><ele>210.5</ele></trkpt>
   <trkpt lat="50.912532" lon="12.012517"><ele>209.5</ele></trkpt>
   <trkpt lat="50.912352" lon="12.012031"><ele>209.25</ele></trkpt>
   <trkpt lat="50.912147" lon="12.011607"><ele>208.5</ele></trkpt>
   <trkpt lat="50.911991" lon="12.011218"><ele>207.25</ele></trkpt>
   <trkpt lat="50.911878" lon="12.010878"><ele>207.75</ele></trkpt>
   <trkpt lat="50.911777" lon="12.010658"><ele>207</ele></trkpt>
   <trkpt lat="50.911649" lon="12.01041"><ele>206</ele></trkpt>
   <trkpt lat="50.91159" lon="12.010282"><ele>206.25</ele></trkpt>
   <trkpt lat="50.911492" lon="12.010027"><ele>206.5</ele></trkpt>
   <trkpt lat="50.911423" lon="12.009763"><ele>206.25</ele></trkpt>
   <trkpt lat="50.911299" lon="12.009399"><ele>207</ele></trkpt>
   <trkpt lat="50.911056" lon="12.008922"><ele>206.75</ele></trkpt>
   <trkpt lat="50.911006" lon="12.008806"><ele>206.75</ele></trkpt>
   <trkpt lat="50.910923" lon="12.00868"><ele>206.25</ele></trkpt>
   <trkpt lat="50.910768" lon="12.008479"><ele>206.5</ele></trkpt>
   <trkpt lat="50.910664" lon="12.008312"><ele>207</ele></trkpt>
   <trkpt lat="50.910606" lon="12.008199"><ele>207</ele></trkpt>
   <trkpt lat="50.910556" lon="12.008078"><ele>206.75</ele></trkpt>
   <trkpt lat="50.910524" lon="12.00795"><ele>207.25</ele></trkpt>
   <trkpt lat="50.910517" lon="12.00788"><ele>207.25</ele></trkpt>
   <trkpt lat="50.910529" lon="12.007727"><ele>207</ele></trkpt>
   <trkpt lat="50.91058" lon="12.007471"><ele>207</ele></trkpt>
   <trkpt lat="50.910599" lon="12.007049"><ele>208</ele></trkpt>
   <trkpt lat="50.910582" lon="12.006844"><ele>208</ele></trkpt>
   <trkpt lat="50.910494" lon="12.006375"><ele>209</ele></trkpt>
   <trkpt lat="50.910473" lon="12.006247"><ele>209</ele></trkpt>
   <trkpt lat="50.910382" lon="12.005686"><ele>209</ele></trkpt>
   <trkpt lat="50.91031" lon="12.005238"><ele>209</ele></trkpt>
   <trkpt lat="50.910269" lon="12.005053"><ele>209</ele></trkpt>
   <trkpt lat="50.910189" lon="12.004753"><ele>209.75</ele></trkpt>
   <trkpt lat="50.91002" lon="12.004264"><ele>209.5</ele></trkpt>
   <trkpt lat="50.90993" lon="12.003968"><ele>211</ele></trkpt>
   <trkpt lat="50.909839" lon="12.003664"><ele>211.5</ele></trkpt>
   <trkpt lat="50.909795" lon="12.00343"><ele>210.75</ele></trkpt>
   <trkpt lat="50.909762" lon="12.003167"><ele>210.5</ele></trkpt>
   <trkpt lat="50.90978" lon="12.002983"><ele>211</ele></trkpt>
   <trkpt lat="50.9098" lon="12.002886"><ele>211</ele></trkpt>
   <trkpt lat="50.909819" lon="12.002776"><ele>211</ele></trkpt>
   <trkpt lat="50.909872" lon="12.002625"><ele>211</ele></trkpt>
   <trkpt lat="50.909909" lon="12.002562"><ele>211</ele></trkpt>
   <trkpt lat="50.909972" lon="12.002405"><ele>211</ele></trkpt>
   <trkpt lat="50.909994" lon="12.002321"><ele>211</ele></trkpt>
   <trkpt lat="50.910008" lon="12.002229"><ele>211</ele></trkpt>
   <trkpt lat="50.910002" lon="12.002115"><ele>211.25</ele></trkpt>
   <trkpt lat="50.909982" lon="12.002013"><ele>211.75</ele></trkpt>
   <trkpt lat="50.90994" lon="12.001898"><ele>212</ele></trkpt>
   <trkpt lat="50.909914" lon="12.001851"><ele>212</ele></trkpt>
   <trkpt lat="50.909818" lon="12.001632"><ele>212.25</ele></trkpt>
   <trkpt lat="50.909761" lon="12.001468"><ele>212</ele></trkpt>
   <trkpt lat="50.90974" lon="12.001353"><ele>212</ele></trkpt>
   <trkpt lat="50.90975" lon="12.000971"><ele>212.5</ele></trkpt>
   <trkpt lat="50.909721" lon="12.000497"><ele>213</ele></trkpt>
   <trkpt lat="50.90973" lon="12.000379"><ele>213.5</ele></trkpt>
   <trkpt lat="50.909751" lon="12.000295"><ele>214</ele></trkpt>
   <trkpt lat="50.909877" lon="12.000001"><ele>216</ele></trkpt>
   <trkpt lat="50.909939" lon="11.999816"><ele>217</ele></trkpt>
   <trkpt lat="50.909984" lon="11.999589"><ele>217.75</ele></trkpt>
   <trkpt lat="50.910019" lon="11.999375"><ele>218.75</ele></trkpt>
   <trkpt lat="50.91004" lon="11.999129"><ele>220.5</ele></trkpt>
   <trkpt lat="50.910055" lon="11.998735"><ele>223</ele></trkpt>
   <trkpt lat="50.910053" lon="11.998504"><ele>224.25</ele></trkpt>
   <trkpt lat="50.910041" lon="11.998332"><ele>225.25</ele></trkpt>
   <trkpt lat="50.910022" lon="11.99818"><ele>225.75</ele></trkpt>
   <trkpt lat="50.909963" lon="11.997897"><ele>226.5</ele></trkpt>
   <trkpt lat="50.909878" lon="11.997555"><ele>227</ele></trkpt>
   <trkpt lat="50.909826" lon="11.99729"><ele>227</ele></trkpt>
   <trkpt lat="50.909808" lon="11.997135"><ele>227</ele></trkpt>
   <trkpt lat="50.909802" lon="11.997029"><ele>227</ele></trkpt>
   <trkpt lat="50.909813" lon="11.996391"><ele>225.75</ele></trkpt>
   <trkpt lat="50.90979" lon="11.996228"><ele>226.5</ele></trkpt>
   <trkpt lat="50.90975" lon="11.996095"><ele>227.25</ele></trkpt>
   <trkpt lat="50.909649" lon="11.995811"><ele>228.5</ele></trkpt>
   <trkpt lat="50.909607" lon="11.99564"><ele>228.5</ele></trkpt>
   <trkpt lat="50.909582" lon="11.995442"><ele>228.75</ele></trkpt>
   <trkpt lat="50.909563" lon="11.99519"><ele>229</ele></trkpt>
   <trkpt lat="50.909557" lon="11.994706"><ele>229</ele></trkpt>
   <trkpt lat="50.90958" lon="11.994137"><ele>229.75</ele></trkpt>
   <trkpt lat="50.90959" lon="11.993723"><ele>230</ele></trkpt>
   <trkpt lat="50.909574" lon="11.993292"><ele>230.25</ele></trkpt>
   <trkpt lat="50.909545" lon="11.992866"><ele>230.25</ele></trkpt>
   <trkpt lat="50.909423" lon="11.991907"><ele>231.5</ele></trkpt>
   <trkpt lat="50.90928" lon="11.991245"><ele>231.25</ele></trkpt>
   <trkpt lat="50.909074" lon="11.990384"><ele>232.5</ele></trkpt>
   <trkpt lat="50.909004" lon="11.989951"><ele>232.75</ele></trkpt>
   <trkpt lat="50.908975" lon="11.989844"><ele>232.5</ele></trkpt>
   <trkpt lat="50.90894" lon="11.989747"><ele>232.25</ele></trkpt>
   <trkpt lat="50.908829" lon="11.989494"><ele>233.25</ele></trkpt>
   <trkpt lat="50.908785" lon="11.989357"><ele>234</ele></trkpt>
   <trkpt lat="50.908759" lon="11.989207"><ele>235</ele></trkpt>
   <trkpt lat="50.90875" lon="11.989019"><ele>236.5</ele></trkpt>
   <trkpt lat="50.908774" lon="11.988613"><ele>238.75</ele></trkpt>
   <trkpt lat="50.908783" lon="11.988338"><ele>240</ele></trkpt>
   <trkpt lat="50.908784" lon="11.987854"><ele>240.75</ele></trkpt>
   <trkpt lat="50.908811" lon="11.98666"><ele>242.25</ele></trkpt>
   <trkpt lat="50.908893" lon="11.985812"><ele>243</ele></trkpt>
   <trkpt lat="50.908905" lon="11.985449"><ele>242.75</ele></trkpt>
   <trkpt lat="50.908883" lon="11.984579"><ele>242.75</ele></trkpt>
   <trkpt lat="50.908899" lon="11.984079"><ele>242</ele></trkpt>
   <trkpt lat="50.908897" lon="11.983768"><ele>242</ele></trkpt>
   <trkpt lat="50.908869" lon="11.983597"><ele>241.5</ele></trkpt>
   <trkpt lat="50.908801" lon="11.98333"><ele>242</ele></trkpt>
   <trkpt lat="50.908528" lon="11.982553"><ele>241.25</ele></trkpt>
   <trkpt lat="50.908348" lon="11.982044"><ele>241.5</ele></trkpt>
   <trkpt lat="50.907938" lon="11.980921"><ele>243.75</ele></trkpt>
   <trkpt lat="50.907848" lon="11.980554"><ele>244.75</ele></trkpt>
   <trkpt lat="50.90779" lon="11.98021"><ele>244.25</ele></trkpt>
   <trkpt lat="50.907753" lon="11.97992"><ele>244.75</ele></trkpt>
   <trkpt lat="50.907739" lon="11.97985"><ele>244.75</ele></trkpt>
   <trkpt lat="50.907704" lon="11.979693"><ele>244.75</ele></trkpt>
   <trkpt lat="50.907622" lon="11.979476"><ele>243.75</ele></trkpt>
   <trkpt lat="50.907524" lon="11.979275"><ele>242.25</ele></trkpt>
   <trkpt lat="50.907324" lon="11.978942"><ele>240.25</ele></trkpt>
   <trkpt lat="50.907265" lon="11.978816"><ele>240</ele></trkpt>
   <trkpt lat="50.907254" lon="11.978711"><ele>240</ele></trkpt>
   <trkpt lat="50.907251" lon="11.978597"><ele>240</ele></trkpt>
   <trkpt lat="50.907284" lon="11.978186"><ele>240.75</ele></trkpt>
   <trkpt lat="50.907349" lon="11.977939"><ele>241.25</ele></trkpt>
   <trkpt lat="50.907526" lon="11.977518"><ele>241</ele></trkpt>
   <trkpt lat="50.907597" lon="11.977151"><ele>242</ele></trkpt>
   <trkpt lat="50.907622" lon="11.97701"><ele>242.75</ele></trkpt>
   <trkpt lat="50.907643" lon="11.976727"><ele>243.25</ele></trkpt>
   <trkpt lat="50.907601" lon="11.976239"><ele>243</ele></trkpt>
   <trkpt lat="50.907594" lon="11.975859"><ele>243.25</ele></trkpt>
   <trkpt lat="50.907548" lon="11.975148"><ele>243.75</ele></trkpt>
   <trkpt lat="50.907534" lon="11.975018"><ele>244.25</ele></trkpt>
   <trkpt lat="50.907527" lon="11.974882"><ele>244.5</ele></trkpt>
   <trkpt lat="50.907531" lon="11.974684"><ele>245.25</ele></trkpt>
   <trkpt lat="50.907566" lon="11.973947"><ele>249.5</ele></trkpt>
   <trkpt lat="50.907536" lon="11.973691"><ele>250.75</ele></trkpt>
   <trkpt lat="50.907356" lon="11.972997"><ele>251</ele></trkpt>
   <trkpt lat="50.90728" lon="11.972619"><ele>251.25</ele></trkpt>
   <trkpt lat="50.90724" lon="11.971739"><ele>251.25</ele></trkpt>
   <trkpt lat="50.907248" lon="11.971174"><ele>251.25</ele></trkpt>
   <trkpt lat="50.907268" lon="11.970901"><ele>251.5</ele></trkpt>
   <trkpt lat="50.907296" lon="11.970751"><ele>252</ele></trkpt>
   <trkpt lat="50.90733" lon="11.970632"><ele>252.5</ele></trkpt>
   <trkpt lat="50.9075" lon="11.97021"><ele>255</ele></trkpt>
   <trkpt lat="50.907578" lon="11.96988"><ele>256</ele></trkpt>
   <trkpt lat="50.907634" lon="11.969398"><ele>256.75</ele></trkpt>
   <trkpt lat="50.90775" lon="11.968204"><ele>257.5</ele></trkpt>
   <trkpt lat="50.907766" lon="11.967903"><ele>257.75</ele></trkpt>
   <trkpt lat="50.907772" lon="11.967653"><ele>257.75</ele></trkpt>
   <trkpt lat="50.907758" lon="11.967456"><ele>257.75</ele></trkpt>
   <trkpt lat="50.907734" lon="11.967277"><ele>258.25</ele></trkpt>
   <trkpt lat="50.90769" lon="11.967088"><ele>258.5</ele></trkpt>
   <trkpt lat="50.907642" lon="11.96692"><ele>258.5</ele></trkpt>
   <trkpt lat="50.907261" lon="11.965996"><ele>258</ele></trkpt>
   <trkpt lat="50.906903" lon="11.965534"><ele>258.75</ele></trkpt>
   <trkpt lat="50.906605" lon="11.965104"><ele>259.25</ele></trkpt>
   <trkpt lat="50.906369" lon="11.964694"><ele>260</ele></trkpt>
   <trkpt lat="50.906093" lon="11.964113"><ele>261.25</ele></trkpt>
   <trkpt lat="50.905863" lon="11.963594"><ele>263.5</ele></trkpt>
   <trkpt lat="50.905505" lon="11.962643"><ele>266.25</ele></trkpt>
   <trkpt lat="50.905417" lon="11.962505"><ele>265.75</ele></trkpt>
   <trkpt lat="50.905128" lon="11.962153"><ele>264.5</ele></trkpt>
   <trkpt lat="50.90509" lon="11.962095"><ele>264.75</ele></trkpt>
   <trkpt lat="50.905021" lon="11.961951"><ele>265</ele></trkpt>
   <trkpt lat="50.904975" lon="11.961792"><ele>265</ele></trkpt>
   <trkpt lat="50.904711" lon="11.960211"><ele>267</ele></trkpt>
   <trkpt lat="50.904698" lon="11.960099"><ele>267.5</ele></trkpt>
   <trkpt lat="50.904718" lon="11.959618"><ele>268</ele></trkpt>
   <trkpt lat="50.904713" lon="11.959479"><ele>268</ele></trkpt>
   <trkpt lat="50.904642" lon="11.959111"><ele>268.75</ele></trkpt>
   <trkpt lat="50.904613" lon="11.958967"><ele>268.5</ele></trkpt>
   <trkpt lat="50.904578" lon="11.958788"><ele>268.5</ele></trkpt>
   <trkpt lat="50.90448" lon="11.958724"><ele>268.5</ele></trkpt>
   <trkpt lat="50.90441" lon="11.958659"><ele>268.75</ele></trkpt>
   <trkpt lat="50.904384" lon="11.958618"><ele>269</ele></trkpt>
   <trkpt lat="50.904359" lon="11.958553"><ele>269.25</ele></trkpt>
   <trkpt lat="50.904225" lon="11.957791"><ele>270</ele></trkpt>
   <trkpt lat="50.904182" lon="11.957702"><ele>270.25</ele></trkpt>
   <trkpt lat="50.904153" lon="11.957662"><ele>270.25</ele></trkpt>
   <trkpt lat="50.904115" lon="11.957642"><ele>270.5</ele></trkpt>
   <trkpt lat="50.903926" lon="11.957668"><ele>270.75</ele></trkpt>
   <trkpt lat="50.903797" lon="11.957666"><ele>271</ele></trkpt>
   <trkpt lat="50.90368" lon="11.957649"><ele>271.25</ele></trkpt>
   <trkpt lat="50.903272" lon="11.957491"><ele>272.25</ele></trkpt>
   <trkpt lat="50.903225" lon="11.957487"><ele>272.75</ele></trkpt>
   <trkpt lat="50.903169" lon="11.957482"><ele>273</ele></trkpt>
   <trkpt lat="50.902973" lon="11.957486"><ele>273.75</ele></trkpt>
   <trkpt lat="50.902826" lon="11.957516"><ele>274.25</ele></trkpt>
   <trkpt lat="50.902603" lon="11.957584"><ele>275.5</ele></trkpt>
   <trkpt lat="50.901868" lon="11.957807"><ele>276</ele></trkpt>
   <trkpt lat="50.90166" lon="11.957841"><ele>276.25</ele></trkpt>
   <trkpt lat="50.90143" lon="11.957863"><ele>277.5</ele></trkpt>
   <trkpt lat="50.901188" lon="11.957926"><ele>279</ele></trkpt>
   <trkpt lat="50.900812" lon="11.958401"><ele>280.25</ele></trkpt>
   <trkpt lat="50.900731" lon="11.958464"><ele>281.5</ele></trkpt>
   <trkpt lat="50.900578" lon="11.958508"><ele>281.75</ele></trkpt>
   <trkpt lat="50.900242" lon="11.958565"><ele>282.5</ele></trkpt>
   <trkpt lat="50.900193" lon="11.958617"><ele>282.75</ele></trkpt>
   <trkpt lat="50.900141" lon="11.958693"><ele>283.25</ele></trkpt>
   <trkpt lat="50.899907" lon="11.959188"><ele>284.25</ele></trkpt>
   <trkpt lat="50.899799" lon="11.959434"><ele>284.5</ele></trkpt>
   <trkpt lat="50.899568" lon="11.959788"><ele>286.25</ele></trkpt>
   <trkpt lat="50.899458" lon="11.959706"><ele>286</ele></trkpt>
   <trkpt lat="50.89896" lon="11.959445"><ele>287.75</ele></trkpt>
   <trkpt lat="50.898704" lon="11.959372"><ele>288.75</ele></trkpt>
   <trkpt lat="50.898415" lon="11.95925"><ele>290.25</ele></trkpt>
   <trkpt lat="50.898335" lon="11.959162"><ele>289.75</ele></trkpt>
   <trkpt lat="50.898236" lon="11.959026"><ele>290.5</ele></trkpt>
   <trkpt lat="50.898154" lon="11.958887"><ele>290.25</ele></trkpt>
   <trkpt lat="50.898053" lon="11.958716"><ele>290.25</ele></trkpt>
   <trkpt lat="50.897988" lon="11.958629"><ele>290.5</ele></trkpt>
   <trkpt lat="50.897932" lon="11.958556"><ele>290.75</ele></trkpt>
   <trkpt lat="50.897767" lon="11.958334"><ele>292</ele></trkpt>
   <trkpt lat="50.897605" lon="11.958088"><ele>292.25</ele></trkpt>
   <trkpt lat="50.897499" lon="11.957886"><ele>293</ele></trkpt>
   <trkpt lat="50.89748" lon="11.95785"><ele>293</ele></trkpt>
   <trkpt lat="50.897406" lon="11.957623"><ele>293</ele></trkpt>
   <trkpt lat="50.897362" lon="11.95743"><ele>293</ele></trkpt>
   <trkpt lat="50.897348" lon="11.957345"><ele>293.5</ele></trkpt>
   <trkpt lat="50.897198" lon="11.956354"><ele>296.75</ele></trkpt>
   <trkpt lat="50.897108" lon="11.955766"><ele>299</ele></trkpt>
   <trkpt lat="50.896868" lon="11.955693"><ele>298.5</ele></trkpt>
   <trkpt lat="50.896689" lon="11.955461"><ele>298</ele></trkpt>
   <trkpt lat="50.89652" lon="11.955102"><ele>299.5</ele></trkpt>
   <trkpt lat="50.896403" lon="11.954752"><ele>299.75</ele></trkpt>
   <trkpt lat="50.896319" lon="11.954555"><ele>301.25</ele></trkpt>
   <trkpt lat="50.896259" lon="11.954315"><ele>302.5</ele></trkpt>
   <trkpt lat="50.896203" lon="11.954088"><ele>302.5</ele></trkpt>
   <trkpt lat="50.896086" lon="11.953578"><ele>303.25</ele></trkpt>
   <trkpt lat="50.895993" lon="11.953321"><ele>303.75</ele></trkpt>
   <trkpt lat="50.895919" lon="11.95304"><ele>304</ele></trkpt>
   <trkpt lat="50.895907" lon="11.952793"><ele>304.25</ele></trkpt>
   <trkpt lat="50.895917" lon="11.952578"><ele>304.25</ele></trkpt>
   <trkpt lat="50.896025" lon="11.952461"><ele>304.75</ele></trkpt>
   <trkpt lat="50.895964" lon="11.952273"><ele>305.5</ele></trkpt>
   <trkpt lat="50.89584" lon="11.952036"><ele>304.75</ele></trkpt>
   <trkpt lat="50.895735" lon="11.9519"><ele>305.75</ele></trkpt>
   <trkpt lat="50.895651" lon="11.95179"><ele>306</ele></trkpt>
   <trkpt lat="50.89557" lon="11.951661"><ele>306</ele></trkpt>
   <trkpt lat="50.895378" lon="11.951291"><ele>307.75</ele></trkpt>
   <trkpt lat="50.89502" lon="11.950615"><ele>309.25</ele></trkpt>
   <trkpt lat="50.89482" lon="11.950176"><ele>311.75</ele></trkpt>
   <trkpt lat="50.894669" lon="11.949855"><ele>312.25</ele></trkpt>
   <trkpt lat="50.894559" lon="11.949665"><ele>313</ele></trkpt>
   <trkpt lat="50.894497" lon="11.949558"><ele>313.25</ele></trkpt>
   <trkpt lat="50.89434" lon="11.949324"><ele>313.75</ele></trkpt>
   <trkpt lat="50.893733" lon="11.948522"><ele>316.25</ele></trkpt>
   <trkpt lat="50.892627" lon="11.947109"><ele>321.25</ele></trkpt>
   <trkpt lat="50.892454" lon="11.946821"><ele>321.75</ele></trkpt>
   <trkpt lat="50.891979" lon="11.945835"><ele>324</ele></trkpt>
   <trkpt lat="50.891786" lon="11.945502"><ele>325.5</ele></trkpt>
   <trkpt lat="50.891647" lon="11.945325"><ele>325.5</ele></trkpt>
   <trkpt lat="50.891029" lon="11.944696"><ele>327.75</ele></trkpt>
   <trkpt lat="50.890434" lon="11.943899"><ele>331.75</ele></trkpt>
   <trkpt lat="50.889841" lon="11.943046"><ele>335</ele></trkpt>
   <trkpt lat="50.889721" lon="11.942892"><ele>336</ele></trkpt>
   <trkpt lat="50.88957" lon="11.942718"><ele>336.75</ele></trkpt>
   <trkpt lat="50.889088" lon="11.9423"><ele>339.5</ele></trkpt>
   <trkpt lat="50.888751" lon="11.942028"><ele>341.5</ele></trkpt>
   <trkpt lat="50.88823" lon="11.941597"><ele>341.25</ele></trkpt>
   <trkpt lat="50.88804" lon="11.941387"><ele>341</ele></trkpt>
   <trkpt lat="50.887875" lon="11.941157"><ele>342</ele></trkpt>
   <trkpt lat="50.887732" lon="11.940877"><ele>342</ele></trkpt>
   <trkpt lat="50.887002" lon="11.939236"><ele>336.25</ele></trkpt>
   <trkpt lat="50.886677" lon="11.938871"><ele>333</ele></trkpt>
   <trkpt lat="50.886558" lon="11.938701"><ele>333</ele></trkpt>
   <trkpt lat="50.886469" lon="11.938486"><ele>332.25</ele></trkpt>
   <trkpt lat="50.886333" lon="11.938053"><ele>330</ele></trkpt>
   <trkpt lat="50.886216" lon="11.937766"><ele>329.25</ele></trkpt>
   <trkpt lat="50.885871" lon="11.937227"><ele>326.25</ele></trkpt>
   <trkpt lat="50.885587" lon="11.93674"><ele>324.25</ele></trkpt>
   <trkpt lat="50.885394" lon="11.936335"><ele>323.25</ele></trkpt>
   <trkpt lat="50.885227" lon="11.9361"><ele>322.5</ele></trkpt>
   <trkpt lat="50.8847" lon="11.935584"><ele>324</ele></trkpt>
   <trkpt lat="50.884288" lon="11.934992"><ele>324.25</ele></trkpt>
   <trkpt lat="50.883333" lon="11.933281"><ele>320</ele></trkpt>
   <trkpt lat="50.882958" lon="11.932938"><ele>318</ele></trkpt>
   <trkpt lat="50.882584" lon="11.93262"><ele>317</ele></trkpt>
   <trkpt lat="50.882363" lon="11.932367"><ele>316.5</ele></trkpt>
   <trkpt lat="50.882129" lon="11.931982"><ele>316.25</ele></trkpt>
   <trkpt lat="50.881683" lon="11.930904"><ele>315</ele></trkpt>
   <trkpt lat="50.881354" lon="11.930401"><ele>312.5</ele></trkpt>
   <trkpt lat="50.881248" lon="11.930259"><ele>311.75</ele></trkpt>
   <trkpt lat="50.881128" lon="11.93018"><ele>311</ele></trkpt>
   <trkpt lat="50.881011" lon="11.930122"><ele>310.25</ele></trkpt>
   <trkpt lat="50.880069" lon="11.929779"><ele>301.25</ele></trkpt>
   <trkpt lat="50.879905" lon="11.929706"><ele>299</ele></trkpt>
   <trkpt lat="50.879337" lon="11.92937"><ele>292.75</ele></trkpt>
   <trkpt lat="50.879036" lon="11.929198"><ele>288.75</ele></trkpt>
   <trkpt lat="50.878872" lon="11.929147"><ele>287</ele></trkpt>
   <trkpt lat="50.87866" lon="11.929144"><ele>285.5</ele></trkpt>
   <trkpt lat="50.878127" lon="11.92921"><ele>280.5</ele></trkpt>
   <trkpt lat="50.878021" lon="11.929238"><ele>279.75</ele></trkpt>
   <trkpt lat="50.877877" lon="11.929275"><ele>280.25</ele></trkpt>
   <trkpt lat="50.877701" lon="11.929355"><ele>279.75</ele></trkpt>
   <trkpt lat="50.877641" lon="11.929378"><ele>279</ele></trkpt>
   <trkpt lat="50.877515" lon="11.929307"><ele>279.5</ele></trkpt>
   <trkpt lat="50.877013" lon="11.928944"><ele>281</ele></trkpt>
   <trkpt lat="50.876952" lon="11.928855"><ele>279.75</ele></trkpt>
   <trkpt lat="50.876873" lon="11.928685"><ele>276.75</ele></trkpt>
   <trkpt lat="50.876764" lon="11.928405"><ele>275.25</ele></trkpt>
   <trkpt lat="50.87667" lon="11.928109"><ele>273.25</ele></trkpt>
   <trkpt lat="50.876599" lon="11.927819"><ele>271.75</ele></trkpt>
   <trkpt lat="50.876454" lon="11.92691"><ele>264.25</ele></trkpt>
   <trkpt lat="50.876394" lon="11.926781"><ele>261.75</ele></trkpt>
   <trkpt lat="50.87633" lon="11.92674"><ele>261</ele></trkpt>
   <trkpt lat="50.876237" lon="11.926704"><ele>260</ele></trkpt>
   <trkpt lat="50.876057" lon="11.926656"><ele>258.75</ele></trkpt>
   <trkpt lat="50.875912" lon="11.926644"><ele>258.25</ele></trkpt>
   <trkpt lat="50.875829" lon="11.926662"><ele>257.75</ele></trkpt>
   <trkpt lat="50.875764" lon="11.92602"><ele>258</ele></trkpt>
   <trkpt lat="50.875737" lon="11.925676"><ele>258</ele></trkpt>
   <trkpt lat="50.875694" lon="11.925222"><ele>258</ele></trkpt>
   <trkpt lat="50.875641" lon="11.924667"><ele>258</ele></trkpt>
   <trkpt lat="50.875599" lon="11.924137"><ele>258</ele></trkpt>
   <trkpt lat="50.875553" lon="11.923263"><ele>259</ele></trkpt>
   <trkpt lat="50.875541" lon="11.922986"><ele>259.25</ele></trkpt>
   <trkpt lat="50.875533" lon="11.92273"><ele>260</ele></trkpt>
   <trkpt lat="50.875531" lon="11.92214"><ele>260</ele></trkpt>
   <trkpt lat="50.875536" lon="11.92173"><ele>260</ele></trkpt>
   <trkpt lat="50.875543" lon="11.921572"><ele>260</ele></trkpt>
   <trkpt lat="50.875584" lon="11.921266"><ele>260</ele></trkpt>
   <trkpt lat="50.875601" lon="11.921171"><ele>260.25</ele></trkpt>
   <trkpt lat="50.87565" lon="11.920947"><ele>260.75</ele></trkpt>
   <trkpt lat="50.875678" lon="11.920849"><ele>260.75</ele></trkpt>
   <trkpt lat="50.875977" lon="11.919808"><ele>261.75</ele></trkpt>
   <trkpt lat="50.87605" lon="11.919558"><ele>262</ele></trkpt>
   <trkpt lat="50.876204" lon="11.919042"><ele>261.75</ele></trkpt>
   <trkpt lat="50.876328" lon="11.91854"><ele>263</ele></trkpt>
   <trkpt lat="50.876342" lon="11.918485"><ele>262.75</ele></trkpt>
   <trkpt lat="50.876384" lon="11.918232"><ele>262</ele></trkpt>
   <trkpt lat="50.876387" lon="11.918175"><ele>262</ele></trkpt>
   <trkpt lat="50.876397" lon="11.917966"><ele>262.25</ele></trkpt>
   <trkpt lat="50.876392" lon="11.917826"><ele>262.75</ele></trkpt>
   <trkpt lat="50.876382" lon="11.917683"><ele>263</ele></trkpt>
   <trkpt lat="50.876339" lon="11.917428"><ele>263.5</ele></trkpt>
   <trkpt lat="50.876308" lon="11.917257"><ele>263.75</ele></trkpt>
   <trkpt lat="50.876134" lon="11.91639"><ele>263</ele></trkpt>
   <trkpt lat="50.876002" lon="11.915831"><ele>265</ele></trkpt>
   <trkpt lat="50.875975" lon="11.915713"><ele>265</ele></trkpt>
   <trkpt lat="50.87595" lon="11.915589"><ele>264.75</ele></trkpt>
   <trkpt lat="50.875923" lon="11.915458"><ele>264.75</ele></trkpt>
   <trkpt lat="50.875896" lon="11.915322"><ele>264.5</ele></trkpt>
   <trkpt lat="50.875766" lon="11.914649"><ele>266</ele></trkpt>
   <trkpt lat="50.875754" lon="11.914467"><ele>266.5</ele></trkpt>
   <trkpt lat="50.875758" lon="11.914286"><ele>266.5</ele></trkpt>
   <trkpt lat="50.875794" lon="11.914124"><ele>266.75</ele></trkpt>
   <trkpt lat="50.875866" lon="11.91397"><ele>267</ele></trkpt>
   <trkpt lat="50.876312" lon="11.913003"><ele>268.75</ele></trkpt>
   <trkpt lat="50.876476" lon="11.912566"><ele>268.75</ele></trkpt>
   <trkpt lat="50.876824" lon="11.911635"><ele>269.5</ele></trkpt>
   <trkpt lat="50.876961" lon="11.911269"><ele>269</ele></trkpt>
   <trkpt lat="50.877073" lon="11.910796"><ele>270.5</ele></trkpt>
   <trkpt lat="50.877141" lon="11.910472"><ele>271.25</ele></trkpt>
   <trkpt lat="50.87719" lon="11.910118"><ele>271.75</ele></trkpt>
   <trkpt lat="50.877316" lon="11.908561"><ele>273.5</ele></trkpt>
   <trkpt lat="50.877397" lon="11.907917"><ele>274.25</ele></trkpt>
   <trkpt lat="50.877453" lon="11.907478"><ele>275</ele></trkpt>
   <trkpt lat="50.877512" lon="11.9071"><ele>275</ele></trkpt>
   <trkpt lat="50.877442" lon="11.907043"><ele>275</ele></trkpt>
   <trkpt lat="50.877333" lon="11.906855"><ele>275.75</ele></trkpt>
   <trkpt lat="50.877226" lon="11.90641"><ele>278.75</ele></trkpt>
   <trkpt lat="50.877047" lon="11.906037"><ele>282.25</ele></trkpt>
   <trkpt lat="50.877017" lon="11.905874"><ele>283.75</ele></trkpt>
   <trkpt lat="50.876996" lon="11.905608"><ele>286</ele></trkpt>
   <trkpt lat="50.87697" lon="11.905494"><ele>287</ele></trkpt>
   <trkpt lat="50.876876" lon="11.905294"><ele>289.25</ele></trkpt>
   <trkpt lat="50.876782" lon="11.905101"><ele>289.25</ele></trkpt>
   <trkpt lat="50.876708" lon="11.904919"><ele>287.75</ele></trkpt>
   <trkpt lat="50.876668" lon="11.904738"><ele>287</ele></trkpt>
   <trkpt lat="50.876652" lon="11.904479"><ele>287.5</ele></trkpt>
   <trkpt lat="50.876728" lon="11.902426"><ele>289.5</ele></trkpt>
   <trkpt lat="50.876733" lon="11.902092"><ele>289.5</ele></trkpt>
   <trkpt lat="50.876716" lon="11.901732"><ele>289.5</ele></trkpt>
   <trkpt lat="50.876668" lon="11.901195"><ele>288.5</ele></trkpt>
   <trkpt lat="50.8766" lon="11.900527"><ele>288.25</ele></trkpt>
   <trkpt lat="50.876503" lon="11.900084"><ele>287.25</ele></trkpt>
   <trkpt lat="50.876415" lon="11.89976"><ele>287.75</ele></trkpt>
   <trkpt lat="50.876325" lon="11.899503"><ele>288</ele></trkpt>
   <trkpt lat="50.875869" lon="11.898391"><ele>292</ele></trkpt>
   <trkpt lat="50.875631" lon="11.897688"><ele>293</ele></trkpt>
   <trkpt lat="50.875279" lon="11.896451"><ele>297.25</ele></trkpt>
   <trkpt lat="50.874966" lon="11.895514"><ele>298.5</ele></trkpt>
   <trkpt lat="50.874885" lon="11.895169"><ele>298.75</ele></trkpt>
   <trkpt lat="50.874837" lon="11.8948"><ele>300.25</ele></trkpt>
   <trkpt lat="50.874797" lon="11.894317"><ele>301.75</ele></trkpt>
   <trkpt lat="50.874746" lon="11.893894"><ele>301</ele></trkpt>
   <trkpt lat="50.874695" lon="11.893684"><ele>301.5</ele></trkpt>
   <trkpt lat="50.874575" lon="11.893363"><ele>300.5</ele></trkpt>
   <trkpt lat="50.874145" lon="11.892508"><ele>299.75</ele></trkpt>
   <trkpt lat="50.873744" lon="11.891856"><ele>303</ele></trkpt>
   <trkpt lat="50.873608" lon="11.891561"><ele>303.5</ele></trkpt>
   <trkpt lat="50.873422" lon="11.89121"><ele>306</ele></trkpt>
   <trkpt lat="50.873394" lon="11.891088"><ele>306.75</ele></trkpt>
   <trkpt lat="50.873371" lon="11.890792"><ele>307.5</ele></trkpt>
   <trkpt lat="50.87335" lon="11.890653"><ele>307.75</ele></trkpt>
   <trkpt lat="50.873159" lon="11.889906"><ele>307.75</ele></trkpt>
   <trkpt lat="50.873125" lon="11.889824"><ele>307</ele></trkpt>
   <trkpt lat="50.873106" lon="11.889744"><ele>306.5</ele></trkpt>
   <trkpt lat="50.873014" lon="11.889216"><ele>305.5</ele></trkpt>
   <trkpt lat="50.872986" lon="11.889137"><ele>305.5</ele></trkpt>
   <trkpt lat="50.87294" lon="11.889057"><ele>305.75</ele></trkpt>
   <trkpt lat="50.872603" lon="11.888594"><ele>305.5</ele></trkpt>
   <trkpt lat="50.872454" lon="11.888355"><ele>306.25</ele></trkpt>
   <trkpt lat="50.8723" lon="11.888051"><ele>306.25</ele></trkpt>
   <trkpt lat="50.871949" lon="11.887277"><ele>306</ele></trkpt>
   <trkpt lat="50.87186" lon="11.887051"><ele>307</ele></trkpt>
   <trkpt lat="50.871827" lon="11.886921"><ele>307.25</ele></trkpt>
   <trkpt lat="50.871805" lon="11.88676"><ele>307.75</ele></trkpt>
   <trkpt lat="50.871803" lon="11.886606"><ele>308</ele></trkpt>
   <trkpt lat="50.871787" lon="11.886484"><ele>308.25</ele></trkpt>
   <trkpt lat="50.871747" lon="11.886297"><ele>308.25</ele></trkpt>
   <trkpt lat="50.87168" lon="11.886056"><ele>307.25</ele></trkpt>
   <trkpt lat="50.871611" lon="11.885876"><ele>308</ele></trkpt>
   <trkpt lat="50.87146" lon="11.885506"><ele>308.75</ele></trkpt>
   <trkpt lat="50.871175" lon="11.884844"><ele>311.5</ele></trkpt>
   <trkpt lat="50.87106" lon="11.884515"><ele>311.25</ele></trkpt>
   <trkpt lat="50.870947" lon="11.88411"><ele>311.75</ele></trkpt>
   <trkpt lat="50.870905" lon="11.883891"><ele>312</ele></trkpt>
   <trkpt lat="50.870833" lon="11.883396"><ele>311.75</ele></trkpt>
   <trkpt lat="50.870786" lon="11.882921"><ele>313</ele></trkpt>
   <trkpt lat="50.87078" lon="11.882858"><ele>313.5</ele></trkpt>
   <trkpt lat="50.870699" lon="11.882613"><ele>314</ele></trkpt>
   <trkpt lat="50.870495" lon="11.882118"><ele>313.75</ele></trkpt>
   <trkpt lat="50.86962" lon="11.880274"><ele>316</ele></trkpt>
   <trkpt lat="50.869514" lon="11.879981"><ele>316</ele></trkpt>
   <trkpt lat="50.869301" lon="11.879301"><ele>320</ele></trkpt>
   <trkpt lat="50.869175" lon="11.879066"><ele>319.5</ele></trkpt>
   <trkpt lat="50.868142" lon="11.877155"><ele>326</ele></trkpt>
   <trkpt lat="50.867964" lon="11.876826"><ele>325.75</ele></trkpt>
   <trkpt lat="50.867714" lon="11.876807"><ele>325.25</ele></trkpt>
   <trkpt lat="50.867604" lon="11.876734"><ele>326.25</ele></trkpt>
   <trkpt lat="50.867529" lon="11.876612"><ele>326.75</ele></trkpt>
   <trkpt lat="50.867322" lon="11.876246"><ele>329</ele></trkpt>
   <trkpt lat="50.867155" lon="11.876009"><ele>330.5</ele></trkpt>
   <trkpt lat="50.867083" lon="11.8759"><ele>331</ele></trkpt>
   <trkpt lat="50.866874" lon="11.875509"><ele>332.5</ele></trkpt>
   <trkpt lat="50.8662" lon="11.874721"><ele>333.5</ele></trkpt>
   <trkpt lat="50.865534" lon="11.873521"><ele>338.25</ele></trkpt>
   <trkpt lat="50.865403" lon="11.87328"><ele>340</ele></trkpt>
   <trkpt lat="50.86513" lon="11.872819"><ele>342</ele></trkpt>
   <trkpt lat="50.864781" lon="11.872359"><ele>346.25</ele></trkpt>
   <trkpt lat="50.864663" lon="11.872227"><ele>347.5</ele></trkpt>
   <trkpt lat="50.864397" lon="11.871938"><ele>349.5</ele></trkpt>
   <trkpt lat="50.864321" lon="11.87183"><ele>350.5</ele></trkpt>
   <trkpt lat="50.864156" lon="11.871517"><ele>352</ele></trkpt>
   <trkpt lat="50.864065" lon="11.871327"><ele>352.5</ele></trkpt>
   <trkpt lat="50.863837" lon="11.870848"><ele>354</ele></trkpt>
   <trkpt lat="50.863739" lon="11.870596"><ele>354.5</ele></trkpt>
   <trkpt lat="50.863683" lon="11.87037"><ele>355</ele></trkpt>
   <trkpt lat="50.863532" lon="11.869622"><ele>355.5</ele></trkpt>
   <trkpt lat="50.863524" lon="11.869567"><ele>355.5</ele></trkpt>
   <trkpt lat="50.863485" lon="11.869152"><ele>355.75</ele></trkpt>
   <trkpt lat="50.863443" lon="11.868496"><ele>356.5</ele></trkpt>
   <trkpt lat="50.863414" lon="11.868262"><ele>356.75</ele></trkpt>
   <trkpt lat="50.86333" lon="11.867878"><ele>358</ele></trkpt>
   <trkpt lat="50.862533" lon="11.86532"><ele>363</ele></trkpt>
   <trkpt lat="50.862389" lon="11.864567"><ele>363.5</ele></trkpt>
   <trkpt lat="50.862297" lon="11.864319"><ele>363.5</ele></trkpt>
   <trkpt lat="50.862191" lon="11.864138"><ele>363.75</ele></trkpt>
   <trkpt lat="50.862038" lon="11.863934"><ele>363.5</ele></trkpt>
   <trkpt lat="50.861693" lon="11.86371"><ele>364.5</ele></trkpt>
   <trkpt lat="50.861751" lon="11.863173"><ele>364.5</ele></trkpt>
   <trkpt lat="50.861663" lon="11.863107"><ele>365</ele></trkpt>
   <trkpt lat="50.861637" lon="11.863077"><ele>365</ele></trkpt>
   <trkpt lat="50.861627" lon="11.862998"><ele>365.25</ele></trkpt>
   <trkpt lat="50.861798" lon="11.861655"><ele>366.5</ele></trkpt>
   <trkpt lat="50.861999" lon="11.859953"><ele>367.75</ele></trkpt>
   <trkpt lat="50.862179" lon="11.858329"><ele>369</ele></trkpt>
   <trkpt lat="50.862184" lon="11.858287"><ele>369</ele></trkpt>
   <trkpt lat="50.862284" lon="11.858309"><ele>368.75</ele></trkpt>
   <trkpt lat="50.862369" lon="11.857574"><ele>369</ele></trkpt>
   <trkpt lat="50.862402" lon="11.857244"><ele>369.25</ele></trkpt>
   <trkpt lat="50.862228" lon="11.857254"><ele>369.75</ele></trkpt>
   <trkpt lat="50.862146" lon="11.857271"><ele>370</ele></trkpt>
   <trkpt lat="50.86201" lon="11.857319"><ele>370.25</ele></trkpt>
   <trkpt lat="50.861934" lon="11.857353"><ele>370.5</ele></trkpt>
   <trkpt lat="50.861869" lon="11.857383"><ele>370.5</ele></trkpt>
   <trkpt lat="50.861769" lon="11.857453"><ele>370.75</ele></trkpt>
   <trkpt lat="50.861645" lon="11.857566"><ele>371</ele></trkpt>
   <trkpt lat="50.861639" lon="11.857572"><ele>371.75</ele></trkpt>
   <trkpt lat="50.861645" lon="11.857566"><ele>371</ele></trkpt>
   <trkpt lat="50.86159" lon="11.857402"><ele>371.5</ele></trkpt>
   <trkpt lat="50.861371" lon="11.857536"><ele>372</ele></trkpt>
   <trkpt lat="50.861042" lon="11.857703"><ele>375.75</ele></trkpt>
   <trkpt lat="50.858931" lon="11.858782"><ele>375.75</ele></trkpt>
   <trkpt lat="50.858483" lon="11.859043"><ele>376</ele></trkpt>
   <trkpt lat="50.85818" lon="11.859209"><ele>376.75</ele></trkpt>
   <trkpt lat="50.857794" lon="11.859421"><ele>376.75</ele></trkpt>
   <trkpt lat="50.856953" lon="11.859863"><ele>377.75</ele></trkpt>
   <trkpt lat="50.85664" lon="11.860005"><ele>377.75</ele></trkpt>
   <trkpt lat="50.856381" lon="11.860128"><ele>376.5</ele></trkpt>
   <trkpt lat="50.853962" lon="11.861385"><ele>375</ele></trkpt>
   <trkpt lat="50.85365" lon="11.861466"><ele>374</ele></trkpt>
   <trkpt lat="50.853227" lon="11.861662"><ele>372.5</ele></trkpt>
   <trkpt lat="50.852757" lon="11.86191"><ele>372</ele></trkpt>
   <trkpt lat="50.852511" lon="11.862041"><ele>372</ele></trkpt>
   <trkpt lat="50.851062" lon="11.862809"><ele>368</ele></trkpt>
   <trkpt lat="50.85022" lon="11.863238"><ele>367.25</ele></trkpt>
   <trkpt lat="50.849611" lon="11.863519"><ele>366.75</ele></trkpt>
   <trkpt lat="50.849151" lon="11.863769"><ele>365.75</ele></trkpt>
   <trkpt lat="50.848909" lon="11.863902"><ele>365.75</ele></trkpt>
   <trkpt lat="50.848717" lon="11.863566"><ele>366.5</ele></trkpt>
   <trkpt lat="50.848371" lon="11.862866"><ele>366.25</ele></trkpt>
   <trkpt lat="50.848295" lon="11.862772"><ele>365.75</ele></trkpt>
   <trkpt lat="50.84714" lon="11.86189"><ele>360.75</ele></trkpt>
   <trkpt lat="50.847093" lon="11.861837"><ele>361</ele></trkpt>
   <trkpt lat="50.847059" lon="11.86178"><ele>361.25</ele></trkpt>
   <trkpt lat="50.84702" lon="11.861593"><ele>362.5</ele></trkpt>
   <trkpt lat="50.846983" lon="11.861034"><ele>361</ele></trkpt>
   <trkpt lat="50.846926" lon="11.860293"><ele>359</ele></trkpt>
   <trkpt lat="50.846754" lon="11.860187"><ele>358.5</ele></trkpt>
   <trkpt lat="50.84663" lon="11.860042"><ele>358</ele></trkpt>
   <trkpt lat="50.846541" lon="11.859957"><ele>357.5</ele></trkpt>
   <trkpt lat="50.846491" lon="11.85991"><ele>357.5</ele></trkpt>
   <trkpt lat="50.846293" lon="11.859841"><ele>357.25</ele></trkpt>
   <trkpt lat="50.846194" lon="11.85985"><ele>357</ele></trkpt>
   <trkpt lat="50.846054" lon="11.859922"><ele>356.5</ele></trkpt>
   <trkpt lat="50.845777" lon="11.860177"><ele>354.5</ele></trkpt>
   <trkpt lat="50.845366" lon="11.860896"><ele>354.25</ele></trkpt>
   <trkpt lat="50.845258" lon="11.860996"><ele>354</ele></trkpt>
   <trkpt lat="50.84514" lon="11.860992"><ele>354.5</ele></trkpt>
   <trkpt lat="50.845009" lon="11.860917"><ele>354.5</ele></trkpt>
   <trkpt lat="50.844807" lon="11.860739"><ele>354.5</ele></trkpt>
   <trkpt lat="50.844542" lon="11.860371"><ele>353</ele></trkpt>
   <trkpt lat="50.844151" lon="11.85993"><ele>350.25</ele></trkpt>
   <trkpt lat="50.84393" lon="11.859808"><ele>349.75</ele></trkpt>
   <trkpt lat="50.843585" lon="11.859634"><ele>348.5</ele></trkpt>
   <trkpt lat="50.843383" lon="11.859565"><ele>347.75</ele></trkpt>
   <trkpt lat="50.843115" lon="11.859553"><ele>348.5</ele></trkpt>
   <trkpt lat="50.842924" lon="11.859511"><ele>348.25</ele></trkpt>
   <trkpt lat="50.842708" lon="11.859445"><ele>347.75</ele></trkpt>
   <trkpt lat="50.84232" lon="11.859297"><ele>345.75</ele></trkpt>
   <trkpt lat="50.842163" lon="11.859221"><ele>345.75</ele></trkpt>
   <trkpt lat="50.841951" lon="11.859076"><ele>346.25</ele></trkpt>
   <trkpt lat="50.841765" lon="11.858908"><ele>346.25</ele></trkpt>
   <trkpt lat="50.841605" lon="11.858688"><ele>345.75</ele></trkpt>
   <trkpt lat="50.841469" lon="11.858548"><ele>346</ele></trkpt>
   <trkpt lat="50.841419" lon="11.858487"><ele>346.25</ele></trkpt>
   <trkpt lat="50.841332" lon="11.858252"><ele>345.5</ele></trkpt>
   <trkpt lat="50.841091" lon="11.857836"><ele>345.25</ele></trkpt>
   <trkpt lat="50.840727" lon="11.857181"><ele>344.5</ele></trkpt>
   <trkpt lat="50.840548" lon="11.856878"><ele>345.5</ele></trkpt>
   <trkpt lat="50.840311" lon="11.856581"><ele>345.25</ele></trkpt>
   <trkpt lat="50.83983" lon="11.85612"><ele>346.5</ele></trkpt>
   <trkpt lat="50.83953" lon="11.855878"><ele>346.75</ele></trkpt>
   <trkpt lat="50.839385" lon="11.8558"><ele>347</ele></trkpt>
   <trkpt lat="50.839281" lon="11.85577"><ele>347.25</ele></trkpt>
   <trkpt lat="50.839058" lon="11.855767"><ele>347.75</ele></trkpt>
   <trkpt lat="50.838491" lon="11.855819"><ele>348.5</ele></trkpt>
   <trkpt lat="50.838356" lon="11.855819"><ele>348</ele></trkpt>
   <trkpt lat="50.837852" lon="11.855845"><ele>346.25</ele></trkpt>
   <trkpt lat="50.8377" lon="11.85583"><ele>345.5</ele></trkpt>
   <trkpt lat="50.837491" lon="11.855748"><ele>345.25</ele></trkpt>
   <trkpt lat="50.836916" lon="11.855459"><ele>343</ele></trkpt>
   <trkpt lat="50.836438" lon="11.855235"><ele>341.25</ele></trkpt>
   <trkpt lat="50.835928" lon="11.854957"><ele>339.75</ele></trkpt>
   <trkpt lat="50.835426" lon="11.854651"><ele>338.5</ele></trkpt>
   <trkpt lat="50.834941" lon="11.854409"><ele>336.75</ele></trkpt>
   <trkpt lat="50.834619" lon="11.854237"><ele>334.75</ele></trkpt>
   <trkpt lat="50.834499" lon="11.854197"><ele>333.5</ele></trkpt>
   <trkpt lat="50.834193" lon="11.854131"><ele>331.25</ele></trkpt>
   <trkpt lat="50.833863" lon="11.854039"><ele>330</ele></trkpt>
   <trkpt lat="50.833657" lon="11.853945"><ele>327.75</ele></trkpt>
   <trkpt lat="50.833438" lon="11.853876"><ele>326.25</ele></trkpt>
   <trkpt lat="50.833296" lon="11.853739"><ele>325.5</ele></trkpt>
   <trkpt lat="50.833134" lon="11.853597"><ele>322.5</ele></trkpt>
   <trkpt lat="50.833009" lon="11.853562"><ele>321</ele></trkpt>
   <trkpt lat="50.832715" lon="11.853649"><ele>316.25</ele></trkpt>
   <trkpt lat="50.832421" lon="11.853839"><ele>312</ele></trkpt>
   <trkpt lat="50.83235" lon="11.853825"><ele>310.75</ele></trkpt>
   <trkpt lat="50.832124" lon="11.853677"><ele>305.5</ele></trkpt>
   <trkpt lat="50.831846" lon="11.853452"><ele>300</ele></trkpt>
   <trkpt lat="50.831566" lon="11.85326"><ele>294</ele></trkpt>
   <trkpt lat="50.831354" lon="11.853089"><ele>291.25</ele></trkpt>
   <trkpt lat="50.831185" lon="11.853006"><ele>287.75</ele></trkpt>
   <trkpt lat="50.831068" lon="11.852992"><ele>285.25</ele></trkpt>
   <trkpt lat="50.830998" lon="11.853027"><ele>284</ele></trkpt>
   <trkpt lat="50.830929" lon="11.853062"><ele>282.75</ele></trkpt>
   <trkpt lat="50.830834" lon="11.8532"><ele>280.75</ele></trkpt>
   <trkpt lat="50.830788" lon="11.853388"><ele>279</ele></trkpt>
   <trkpt lat="50.830779" lon="11.853667"><ele>278.25</ele></trkpt>
   <trkpt lat="50.830753" lon="11.853871"><ele>277.25</ele></trkpt>
   <trkpt lat="50.830725" lon="11.853937"><ele>277</ele></trkpt>
   <trkpt lat="50.83069" lon="11.85398"><ele>276.75</ele></trkpt>
   <trkpt lat="50.830578" lon="11.854051"><ele>276</ele></trkpt>
   <trkpt lat="50.830526" lon="11.854119"><ele>276</ele></trkpt>
   <trkpt lat="50.83048" lon="11.854378"><ele>276.25</ele></trkpt>
   <trkpt lat="50.83039" lon="11.854251"><ele>276.5</ele></trkpt>
   <trkpt lat="50.830318" lon="11.854101"><ele>276.5</ele></trkpt>
   <trkpt lat="50.830265" lon="11.853871"><ele>276</ele></trkpt>
   <trkpt lat="50.830178" lon="11.853428"><ele>275.25</ele></trkpt>
   <trkpt lat="50.830113" lon="11.853205"><ele>275.25</ele></trkpt>
   <trkpt lat="50.830074" lon="11.853071"><ele>275</ele></trkpt>
   <trkpt lat="50.829885" lon="11.852756"><ele>274.75</ele></trkpt>
   <trkpt lat="50.829781" lon="11.852472"><ele>274.75</ele></trkpt>
   <trkpt lat="50.829749" lon="11.852269"><ele>274</ele></trkpt>
   <trkpt lat="50.829723" lon="11.851553"><ele>273.25</ele></trkpt>
   <trkpt lat="50.829727" lon="11.851479"><ele>273.5</ele></trkpt>
   <trkpt lat="50.829764" lon="11.851311"><ele>274</ele></trkpt>
   <trkpt lat="50.829835" lon="11.851143"><ele>274.25</ele></trkpt>
   <trkpt lat="50.829923" lon="11.850953"><ele>273.5</ele></trkpt>
   <trkpt lat="50.830009" lon="11.850741"><ele>273</ele></trkpt>
   <trkpt lat="50.830087" lon="11.850497"><ele>274.25</ele></trkpt>
   <trkpt lat="50.83025" lon="11.8499"><ele>272.5</ele></trkpt>
   <trkpt lat="50.830284" lon="11.849537"><ele>271.25</ele></trkpt>
   <trkpt lat="50.830338" lon="11.848857"><ele>271.75</ele></trkpt>
   <trkpt lat="50.830448" lon="11.847443"><ele>268.75</ele></trkpt>
   <trkpt lat="50.830454" lon="11.847233"><ele>268.5</ele></trkpt>
   <trkpt lat="50.83046" lon="11.847031"><ele>268</ele></trkpt>
   <trkpt lat="50.830454" lon="11.846948"><ele>268</ele></trkpt>
   <trkpt lat="50.830417" lon="11.846367"><ele>268</ele></trkpt>
   <trkpt lat="50.830413" lon="11.846315"><ele>267.75</ele></trkpt>
   <trkpt lat="50.830396" lon="11.846152"><ele>267.5</ele></trkpt>
   <trkpt lat="50.830391" lon="11.846112"><ele>267.5</ele></trkpt>
   <trkpt lat="50.830352" lon="11.84576"><ele>268</ele></trkpt>
   <trkpt lat="50.830308" lon="11.845361"><ele>267.5</ele></trkpt>
   <trkpt lat="50.830299" lon="11.845195"><ele>267.5</ele></trkpt>
   <trkpt lat="50.830296" lon="11.844976"><ele>268.25</ele></trkpt>
   <trkpt lat="50.830342" lon="11.844232"><ele>268</ele></trkpt>
   <trkpt lat="50.830349" lon="11.843943"><ele>268.25</ele></trkpt>
   <trkpt lat="50.830288" lon="11.843045"><ele>267</ele></trkpt>
   <trkpt lat="50.830224" lon="11.842297"><ele>266</ele></trkpt>
   <trkpt lat="50.830148" lon="11.84167"><ele>263.5</ele></trkpt>
   <trkpt lat="50.830039" lon="11.841004"><ele>262.75</ele></trkpt>
   <trkpt lat="50.830001" lon="11.840665"><ele>262</ele></trkpt>
   <trkpt lat="50.829979" lon="11.840351"><ele>260.75</ele></trkpt>
   <trkpt lat="50.82997" lon="11.840057"><ele>260.25</ele></trkpt>
   <trkpt lat="50.829959" lon="11.839692"><ele>259.25</ele></trkpt>
   <trkpt lat="50.829948" lon="11.838902"><ele>260.25</ele></trkpt>
   <trkpt lat="50.829967" lon="11.838544"><ele>260.5</ele></trkpt>
   <trkpt lat="50.830026" lon="11.837958"><ele>260.25</ele></trkpt>
   <trkpt lat="50.830034" lon="11.837665"><ele>260.25</ele></trkpt>
   <trkpt lat="50.830031" lon="11.836502"><ele>259</ele></trkpt>
   <trkpt lat="50.830015" lon="11.836163"><ele>258.25</ele></trkpt>
   <trkpt lat="50.829999" lon="11.835981"><ele>257.75</ele></trkpt>
   <trkpt lat="50.829974" lon="11.8358"><ele>257</ele></trkpt>
   <trkpt lat="50.82959" lon="11.834107"><ele>250</ele></trkpt>
   <trkpt lat="50.82937" lon="11.833123"><ele>250.25</ele></trkpt>
   <trkpt lat="50.829312" lon="11.832809"><ele>248.75</ele></trkpt>
   <trkpt lat="50.829276" lon="11.832533"><ele>248.25</ele></trkpt>
   <trkpt lat="50.829252" lon="11.832286"><ele>248</ele></trkpt>
   <trkpt lat="50.829115" lon="11.831492"><ele>246.5</ele></trkpt>
   <trkpt lat="50.829031" lon="11.830961"><ele>246</ele></trkpt>
   <trkpt lat="50.829004" lon="11.830866"><ele>246</ele></trkpt>
   <trkpt lat="50.828904" lon="11.830662"><ele>245.25</ele></trkpt>
   <trkpt lat="50.828776" lon="11.830294"><ele>246.25</ele></trkpt>
   <trkpt lat="50.828388" lon="11.829046"><ele>243.5</ele></trkpt>
   <trkpt lat="50.828216" lon="11.828517"><ele>243.75</ele></trkpt>
   <trkpt lat="50.828085" lon="11.827996"><ele>242.25</ele></trkpt>
   <trkpt lat="50.827861" lon="11.827107"><ele>243</ele></trkpt>
   <trkpt lat="50.827746" lon="11.82643"><ele>242</ele></trkpt>
   <trkpt lat="50.827687" lon="11.826147"><ele>242.25</ele></trkpt>
   <trkpt lat="50.827617" lon="11.825919"><ele>242.25</ele></trkpt>
   <trkpt lat="50.82747" lon="11.825532"><ele>241.25</ele></trkpt>
   <trkpt lat="50.82738" lon="11.825171"><ele>242</ele></trkpt>
   <trkpt lat="50.827336" lon="11.824945"><ele>241.75</ele></trkpt>
   <trkpt lat="50.827135" lon="11.823877"><ele>241</ele></trkpt>
   <trkpt lat="50.827076" lon="11.823677"><ele>241.25</ele></trkpt>
   <trkpt lat="50.826769" lon="11.822791"><ele>239.5</ele></trkpt>
   <trkpt lat="50.82668" lon="11.822541"><ele>239</ele></trkpt>
   <trkpt lat="50.826566" lon="11.822194"><ele>238.75</ele></trkpt>
   <trkpt lat="50.826531" lon="11.822064"><ele>238.5</ele></trkpt>
   <trkpt lat="50.82646" lon="11.821799"><ele>238.25</ele></trkpt>
   <trkpt lat="50.826409" lon="11.821541"><ele>238</ele></trkpt>
   <trkpt lat="50.826369" lon="11.82127"><ele>237.75</ele></trkpt>
   <trkpt lat="50.826359" lon="11.820978"><ele>237.75</ele></trkpt>
   <trkpt lat="50.826369" lon="11.820762"><ele>237.75</ele></trkpt>
   <trkpt lat="50.826383" lon="11.82061"><ele>237</ele></trkpt>
   <trkpt lat="50.826435" lon="11.820252"><ele>237</ele></trkpt>
   <trkpt lat="50.826577" lon="11.819169"><ele>236.75</ele></trkpt>
   <trkpt lat="50.826629" lon="11.818718"><ele>236.25</ele></trkpt>
   <trkpt lat="50.826654" lon="11.818331"><ele>236</ele></trkpt>
   <trkpt lat="50.82669" lon="11.817791"><ele>236</ele></trkpt>
   <trkpt lat="50.826698" lon="11.817472"><ele>235.25</ele></trkpt>
   <trkpt lat="50.826707" lon="11.817127"><ele>235.75</ele></trkpt>
   <trkpt lat="50.826796" lon="11.815172"><ele>234.75</ele></trkpt>
   <trkpt lat="50.826798" lon="11.814943"><ele>233.75</ele></trkpt>
   <trkpt lat="50.826793" lon="11.814623"><ele>233.75</ele></trkpt>
   <trkpt lat="50.826737" lon="11.81407"><ele>233.5</ele></trkpt>
   <trkpt lat="50.8265" lon="11.812064"><ele>233.25</ele></trkpt>
   <trkpt lat="50.826389" lon="11.811184"><ele>234</ele></trkpt>
   <trkpt lat="50.826363" lon="11.810874"><ele>233.75</ele></trkpt>
   <trkpt lat="50.826368" lon="11.810597"><ele>233.75</ele></trkpt>
   <trkpt lat="50.826418" lon="11.810229"><ele>233.75</ele></trkpt>
   <trkpt lat="50.826637" lon="11.80889"><ele>233.75</ele></trkpt>
   <trkpt lat="50.826684" lon="11.808455"><ele>234</ele></trkpt>
   <trkpt lat="50.826695" lon="11.808186"><ele>233.5</ele></trkpt>
   <trkpt lat="50.826679" lon="11.807914"><ele>233</ele></trkpt>
   <trkpt lat="50.826635" lon="11.807641"><ele>232.75</ele></trkpt>
   <trkpt lat="50.826545" lon="11.807163"><ele>231.75</ele></trkpt>
   <trkpt lat="50.826462" lon="11.806782"><ele>231.25</ele></trkpt>
   <trkpt lat="50.826452" lon="11.806733"><ele>231.25</ele></trkpt>
   <trkpt lat="50.826369" lon="11.806284"><ele>230.5</ele></trkpt>
   <trkpt lat="50.826351" lon="11.806032"><ele>229.75</ele></trkpt>
   <trkpt lat="50.826339" lon="11.805871"><ele>229.75</ele></trkpt>
   <trkpt lat="50.826356" lon="11.805384"><ele>229.75</ele></trkpt>
   <trkpt lat="50.826425" lon="11.80477"><ele>229.5</ele></trkpt>
   <trkpt lat="50.826538" lon="11.80374"><ele>229</ele></trkpt>
   <trkpt lat="50.826618" lon="11.803317"><ele>229</ele></trkpt>
   <trkpt lat="50.826775" lon="11.802729"><ele>228.25</ele></trkpt>
   <trkpt lat="50.826867" lon="11.802406"><ele>228.5</ele></trkpt>
   <trkpt lat="50.826956" lon="11.802038"><ele>228</ele></trkpt>
   <trkpt lat="50.8271" lon="11.801422"><ele>228</ele></trkpt>
   <trkpt lat="50.827164" lon="11.801119"><ele>228</ele></trkpt>
   <trkpt lat="50.827214" lon="11.800805"><ele>228</ele></trkpt>
   <trkpt lat="50.827245" lon="11.800506"><ele>227.75</ele></trkpt>
   <trkpt lat="50.827297" lon="11.800035"><ele>227.25</ele></trkpt>
   <trkpt lat="50.827373" lon="11.79933"><ele>228</ele></trkpt>
   <trkpt lat="50.827444" lon="11.798796"><ele>227.5</ele></trkpt>
   <trkpt lat="50.827475" lon="11.798625"><ele>227</ele></trkpt>
   <trkpt lat="50.827721" lon="11.797652"><ele>227</ele></trkpt>
   <trkpt lat="50.827782" lon="11.797367"><ele>227</ele></trkpt>
   <trkpt lat="50.827799" lon="11.79725"><ele>227</ele></trkpt>
   <trkpt lat="50.827838" lon="11.796983"><ele>227</ele></trkpt>
   <trkpt lat="50.827886" lon="11.796582"><ele>227</ele></trkpt>
   <trkpt lat="50.82797" lon="11.795733"><ele>227</ele></trkpt>
   <trkpt lat="50.828023" lon="11.795471"><ele>227</ele></trkpt>
   <trkpt lat="50.828096" lon="11.795171"><ele>226.5</ele></trkpt>
   <trkpt lat="50.828174" lon="11.794882"><ele>226.5</ele></trkpt>
   <trkpt lat="50.828342" lon="11.794372"><ele>226.5</ele></trkpt>
   <trkpt lat="50.828652" lon="11.793533"><ele>226</ele></trkpt>
   <trkpt lat="50.828726" lon="11.793353"><ele>226.25</ele></trkpt>
   <trkpt lat="50.828894" lon="11.793031"><ele>226</ele></trkpt>
   <trkpt lat="50.828993" lon="11.792869"><ele>226</ele></trkpt>
   <trkpt lat="50.829085" lon="11.79276"><ele>226</ele></trkpt>
   <trkpt lat="50.829172" lon="11.792682"><ele>225.75</ele></trkpt>
   <trkpt lat="50.829587" lon="11.792456"><ele>226.75</ele></trkpt>
   <trkpt lat="50.829726" lon="11.792383"><ele>227</ele></trkpt>
   <trkpt lat="50.829864" lon="11.792274"><ele>227</ele></trkpt>
   <trkpt lat="50.829995" lon="11.792132"><ele>226.5</ele></trkpt>
   <trkpt lat="50.830129" lon="11.791924"><ele>227.25</ele></trkpt>
   <trkpt lat="50.830253" lon="11.791666"><ele>226.75</ele></trkpt>
   <trkpt lat="50.830853" lon="11.790158"><ele>228.25</ele></trkpt>
   <trkpt lat="50.83101" lon="11.789762"><ele>229.75</ele></trkpt>
   <trkpt lat="50.831003" lon="11.789648"><ele>229.5</ele></trkpt>
   <trkpt lat="50.83099" lon="11.789558"><ele>229</ele></trkpt>
   <trkpt lat="50.83096" lon="11.789485"><ele>228.5</ele></trkpt>
   <trkpt lat="50.830895" lon="11.789397"><ele>228</ele></trkpt>
   <trkpt lat="50.830373" lon="11.789115"><ele>225.25</ele></trkpt>
   <trkpt lat="50.829911" lon="11.788893"><ele>225.75</ele></trkpt>
   <trkpt lat="50.829725" lon="11.788845"><ele>225.75</ele></trkpt>
   <trkpt lat="50.829522" lon="11.788823"><ele>225.75</ele></trkpt>
   <trkpt lat="50.829425" lon="11.788815"><ele>226</ele></trkpt>
   <trkpt lat="50.829331" lon="11.788797"><ele>226.25</ele></trkpt>
   <trkpt lat="50.829052" lon="11.788797"><ele>226.5</ele></trkpt>
   <trkpt lat="50.82898" lon="11.788781"><ele>226.5</ele></trkpt>
   <trkpt lat="50.828915" lon="11.788758"><ele>226.5</ele></trkpt>
   <trkpt lat="50.828738" lon="11.788668"><ele>226.5</ele></trkpt>
   <trkpt lat="50.82855" lon="11.788558"><ele>227.25</ele></trkpt>
   <trkpt lat="50.828183" lon="11.788392"><ele>228.5</ele></trkpt>
   <trkpt lat="50.82541" lon="11.787294"><ele>231</ele></trkpt>
   <trkpt lat="50.825234" lon="11.787249"><ele>231.75</ele></trkpt>
   <trkpt lat="50.825078" lon="11.787242"><ele>231.75</ele></trkpt>
   <trkpt lat="50.824908" lon="11.787254"><ele>231.75</ele></trkpt>
   <trkpt lat="50.824751" lon="11.787278"><ele>231.75</ele></trkpt>
   <trkpt lat="50.824366" lon="11.787386"><ele>231.25</ele></trkpt>
   <trkpt lat="50.824222" lon="11.787437"><ele>231</ele></trkpt>
   <trkpt lat="50.824033" lon="11.787515"><ele>231.25</ele></trkpt>
   <trkpt lat="50.823863" lon="11.787602"><ele>231.75</ele></trkpt>
   <trkpt lat="50.823739" lon="11.787683"><ele>232</ele></trkpt>
   <trkpt lat="50.823604" lon="11.787786"><ele>232</ele></trkpt>
   <trkpt lat="50.822775" lon="11.788517"><ele>232.5</ele></trkpt>
   <trkpt lat="50.822571" lon="11.78869"><ele>233.25</ele></trkpt>
   <trkpt lat="50.82245" lon="11.788777"><ele>233.25</ele></trkpt>
   <trkpt lat="50.82232" lon="11.788856"><ele>233</ele></trkpt>
   <trkpt lat="50.822198" lon="11.78891"><ele>233</ele></trkpt>
   <trkpt lat="50.821551" lon="11.789121"><ele>234.25</ele></trkpt>
   <trkpt lat="50.821448" lon="11.78917"><ele>233.75</ele></trkpt>
   <trkpt lat="50.82136" lon="11.789225"><ele>234</ele></trkpt>
   <trkpt lat="50.82123" lon="11.789329"><ele>234.25</ele></trkpt>
   <trkpt lat="50.821014" lon="11.789522"><ele>234.25</ele></trkpt>
   <trkpt lat="50.820939" lon="11.789567"><ele>234.5</ele></trkpt>
   <trkpt lat="50.820799" lon="11.789613"><ele>235</ele></trkpt>
   <trkpt lat="50.820675" lon="11.789633"><ele>235</ele></trkpt>
   <trkpt lat="50.820384" lon="11.789626"><ele>235.75</ele></trkpt>
   <trkpt lat="50.820198" lon="11.789593"><ele>236.25</ele></trkpt>
   <trkpt lat="50.819973" lon="11.789534"><ele>236</ele></trkpt>
   <trkpt lat="50.819675" lon="11.789431"><ele>237</ele></trkpt>
   <trkpt lat="50.819538" lon="11.789413"><ele>237</ele></trkpt>
   <trkpt lat="50.819385" lon="11.789415"><ele>237</ele></trkpt>
   <trkpt lat="50.81921" lon="11.789446"><ele>236.75</ele></trkpt>
   <trkpt lat="50.81904" lon="11.789508"><ele>236.5</ele></trkpt>
   <trkpt lat="50.818706" lon="11.789656"><ele>237</ele></trkpt>
   <trkpt lat="50.818356" lon="11.78978"><ele>237</ele></trkpt>
   <trkpt lat="50.8182" lon="11.789858"><ele>237</ele></trkpt>
   <trkpt lat="50.818018" lon="11.789991"><ele>237</ele></trkpt>
   <trkpt lat="50.817765" lon="11.790257"><ele>238</ele></trkpt>
   <trkpt lat="50.817435" lon="11.790663"><ele>238</ele></trkpt>
   <trkpt lat="50.817354" lon="11.790735"><ele>238.5</ele></trkpt>
   <trkpt lat="50.817186" lon="11.790833"><ele>238.75</ele></trkpt>
   <trkpt lat="50.817112" lon="11.790858"><ele>238.5</ele></trkpt>
   <trkpt lat="50.816976" lon="11.790884"><ele>238.25</ele></trkpt>
   <trkpt lat="50.816766" lon="11.79088"><ele>238</ele></trkpt>
   <trkpt lat="50.816619" lon="11.790861"><ele>238.25</ele></trkpt>
   <trkpt lat="50.816074" lon="11.790728"><ele>238.75</ele></trkpt>
   <trkpt lat="50.815843" lon="11.790603"><ele>239</ele></trkpt>
   <trkpt lat="50.81556" lon="11.790372"><ele>239.25</ele></trkpt>
   <trkpt lat="50.815214" lon="11.790167"><ele>239.25</ele></trkpt>
   <trkpt lat="50.814619" lon="11.789961"><ele>239.75</ele></trkpt>
   <trkpt lat="50.814467" lon="11.789912"><ele>239.75</ele></trkpt>
   <trkpt lat="50.814068" lon="11.789701"><ele>240.25</ele></trkpt>
   <trkpt lat="50.813768" lon="11.789537"><ele>240.25</ele></trkpt>
   <trkpt lat="50.813093" lon="11.789281"><ele>240.25</ele></trkpt>
   <trkpt lat="50.812837" lon="11.789155"><ele>240.75</ele></trkpt>
   <trkpt lat="50.812227" lon="11.788744"><ele>241.25</ele></trkpt>
   <trkpt lat="50.811968" lon="11.788587"><ele>241.75</ele></trkpt>
   <trkpt lat="50.811843" lon="11.788512"><ele>242</ele></trkpt>
   <trkpt lat="50.811459" lon="11.788402"><ele>242.75</ele></trkpt>
   <trkpt lat="50.811424" lon="11.788395"><ele>242.75</ele></trkpt>
   <trkpt lat="50.810935" lon="11.788332"><ele>242.75</ele></trkpt>
   <trkpt lat="50.810799" lon="11.788344"><ele>243</ele></trkpt>
   <trkpt lat="50.810576" lon="11.788389"><ele>243.25</ele></trkpt>
   <trkpt lat="50.810292" lon="11.788521"><ele>243.5</ele></trkpt>
   <trkpt lat="50.809956" lon="11.788742"><ele>244</ele></trkpt>
   <trkpt lat="50.809744" lon="11.788882"><ele>244</ele></trkpt>
   <trkpt lat="50.809373" lon="11.789126"><ele>244.5</ele></trkpt>
   <trkpt lat="50.808836" lon="11.789293"><ele>244.75</ele></trkpt>
   <trkpt lat="50.807641" lon="11.789353"><ele>246</ele></trkpt>
   <trkpt lat="50.807223" lon="11.789421"><ele>246.75</ele></trkpt>
   <trkpt lat="50.8072" lon="11.789302"><ele>246.5</ele></trkpt>
   <trkpt lat="50.807131" lon="11.789135"><ele>246.75</ele></trkpt>
   <trkpt lat="50.806947" lon="11.788872"><ele>248.75</ele></trkpt>
   <trkpt lat="50.806721" lon="11.788511"><ele>250.5</ele></trkpt>
   <trkpt lat="50.80649" lon="11.787892"><ele>255</ele></trkpt>
   <trkpt lat="50.806046" lon="11.786102"><ele>256</ele></trkpt>
   <trkpt lat="50.805804" lon="11.784904"><ele>256.75</ele></trkpt>
   <trkpt lat="50.805717" lon="11.784114"><ele>258.25</ele></trkpt>
   <trkpt lat="50.80507" lon="11.781911"><ele>261</ele></trkpt>
   <trkpt lat="50.804955" lon="11.781452"><ele>262.25</ele></trkpt>
   <trkpt lat="50.804802" lon="11.780668"><ele>263.25</ele></trkpt>
   <trkpt lat="50.804728" lon="11.780244"><ele>264.75</ele></trkpt>
   <trkpt lat="50.804645" lon="11.779863"><ele>265.25</ele></trkpt>
   <trkpt lat="50.804545" lon="11.779536"><ele>266</ele></trkpt>
   <trkpt lat="50.804386" lon="11.779156"><ele>266.5</ele></trkpt>
   <trkpt lat="50.804276" lon="11.778988"><ele>266.75</ele></trkpt>
   <trkpt lat="50.804174" lon="11.778868"><ele>266.75</ele></trkpt>
   <trkpt lat="50.804085" lon="11.778789"><ele>267.25</ele></trkpt>
   <trkpt lat="50.803967" lon="11.778721"><ele>267.5</ele></trkpt>
   <trkpt lat="50.803688" lon="11.778644"><ele>267.25</ele></trkpt>
   <trkpt lat="50.803216" lon="11.778532"><ele>267.75</ele></trkpt>
   <trkpt lat="50.803054" lon="11.778413"><ele>268</ele></trkpt>
   <trkpt lat="50.802386" lon="11.777744"><ele>268.5</ele></trkpt>
   <trkpt lat="50.801932" lon="11.777282"><ele>269</ele></trkpt>
   <trkpt lat="50.801291" lon="11.776661"><ele>270</ele></trkpt>
   <trkpt lat="50.800785" lon="11.776171"><ele>271</ele></trkpt>
   <trkpt lat="50.800504" lon="11.775887"><ele>271</ele></trkpt>
   <trkpt lat="50.800436" lon="11.775788"><ele>271.25</ele></trkpt>
   <trkpt lat="50.800378" lon="11.775672"><ele>271.25</ele></trkpt>
   <trkpt lat="50.800335" lon="11.775558"><ele>271</ele></trkpt>
   <trkpt lat="50.800286" lon="11.775378"><ele>271</ele></trkpt>
   <trkpt lat="50.800224" lon="11.774892"><ele>271.5</ele></trkpt>
   <trkpt lat="50.800193" lon="11.7747"><ele>272</ele></trkpt>
   <trkpt lat="50.800134" lon="11.774474"><ele>272.25</ele></trkpt>
   <trkpt lat="50.800011" lon="11.774216"><ele>272</ele></trkpt>
   <trkpt lat="50.799943" lon="11.774117"><ele>272</ele></trkpt>
   <trkpt lat="50.799901" lon="11.77404"><ele>272.25</ele></trkpt>
   <trkpt lat="50.799816" lon="11.773769"><ele>272.75</ele></trkpt>
   <trkpt lat="50.799787" lon="11.773624"><ele>272.75</ele></trkpt>
   <trkpt lat="50.799698" lon="11.773272"><ele>273</ele></trkpt>
   <trkpt lat="50.799594" lon="11.772944"><ele>273.25</ele></trkpt>
   <trkpt lat="50.799518" lon="11.772658"><ele>273.25</ele></trkpt>
   <trkpt lat="50.79949" lon="11.772524"><ele>273.25</ele></trkpt>
   <trkpt lat="50.799449" lon="11.771955"><ele>274</ele></trkpt>
   <trkpt lat="50.799421" lon="11.77178"><ele>274.5</ele></trkpt>
   <trkpt lat="50.799358" lon="11.771508"><ele>275</ele></trkpt>
   <trkpt lat="50.799295" lon="11.771337"><ele>275</ele></trkpt>
   <trkpt lat="50.799086" lon="11.770665"><ele>275.75</ele></trkpt>
   <trkpt lat="50.799014" lon="11.770481"><ele>275.75</ele></trkpt>
   <trkpt lat="50.79894" lon="11.770326"><ele>275.25</ele></trkpt>
   <trkpt lat="50.798743" lon="11.770031"><ele>275.75</ele></trkpt>
   <trkpt lat="50.79863" lon="11.769827"><ele>276</ele></trkpt>
   <trkpt lat="50.798434" lon="11.769493"><ele>277</ele></trkpt>
   <trkpt lat="50.798239" lon="11.769089"><ele>277.75</ele></trkpt>
   <trkpt lat="50.798064" lon="11.76867"><ele>277</ele></trkpt>
   <trkpt lat="50.797898" lon="11.768207"><ele>280</ele></trkpt>
   <trkpt lat="50.797862" lon="11.768071"><ele>279.75</ele></trkpt>
   <trkpt lat="50.797836" lon="11.767911"><ele>279.75</ele></trkpt>
   <trkpt lat="50.797823" lon="11.767745"><ele>279.75</ele></trkpt>
   <trkpt lat="50.797824" lon="11.76758"><ele>280.25</ele></trkpt>
   <trkpt lat="50.797863" lon="11.766703"><ele>284.25</ele></trkpt>
   <trkpt lat="50.797867" lon="11.766194"><ele>286.5</ele></trkpt>
   <trkpt lat="50.79785" lon="11.766107"><ele>286.25</ele></trkpt>
   <trkpt lat="50.797815" lon="11.766018"><ele>285.25</ele></trkpt>
   <trkpt lat="50.797779" lon="11.765969"><ele>284.5</ele></trkpt>
   <trkpt lat="50.797726" lon="11.765931"><ele>284.75</ele></trkpt>
   <trkpt lat="50.797642" lon="11.765909"><ele>285.5</ele></trkpt>
   <trkpt lat="50.797409" lon="11.765925"><ele>287.75</ele></trkpt>
   <trkpt lat="50.797205" lon="11.7659"><ele>291</ele></trkpt>
   <trkpt lat="50.79705" lon="11.765775"><ele>293.25</ele></trkpt>
   <trkpt lat="50.796658" lon="11.76536"><ele>296</ele></trkpt>
   <trkpt lat="50.796468" lon="11.765141"><ele>296</ele></trkpt>
   <trkpt lat="50.796262" lon="11.764932"><ele>296.25</ele></trkpt>
   <trkpt lat="50.795977" lon="11.764719"><ele>296.5</ele></trkpt>
   <trkpt lat="50.79493" lon="11.763992"><ele>302.5</ele></trkpt>
   <trkpt lat="50.794547" lon="11.763741"><ele>305.75</ele></trkpt>
   <trkpt lat="50.7943" lon="11.763601"><ele>307.5</ele></trkpt>
   <trkpt lat="50.794114" lon="11.763561"><ele>309</ele></trkpt>
   <trkpt lat="50.793798" lon="11.763486"><ele>312.25</ele></trkpt>
   <trkpt lat="50.793613" lon="11.763417"><ele>314.25</ele></trkpt>
   <trkpt lat="50.793225" lon="11.763144"><ele>320.5</ele></trkpt>
   <trkpt lat="50.792526" lon="11.762148"><ele>332.5</ele></trkpt>
   <trkpt lat="50.792046" lon="11.761139"><ele>337.25</ele></trkpt>
   <trkpt lat="50.791945" lon="11.760926"><ele>337.5</ele></trkpt>
   <trkpt lat="50.791552" lon="11.759972"><ele>337</ele></trkpt>
   <trkpt lat="50.791151" lon="11.758768"><ele>337.25</ele></trkpt>
   <trkpt lat="50.790961" lon="11.757686"><ele>338</ele></trkpt>
   <trkpt lat="50.790778" lon="11.756366"><ele>342</ele></trkpt>
   <trkpt lat="50.790448" lon="11.754686"><ele>343.5</ele></trkpt>
   <trkpt lat="50.78961" lon="11.751933"><ele>350</ele></trkpt>
   <trkpt lat="50.788923" lon="11.74772"><ele>356.75</ele></trkpt>
   <trkpt lat="50.788785" lon="11.747303"><ele>358.5</ele></trkpt>
   <trkpt lat="50.788299" lon="11.746101"><ele>359</ele></trkpt>
   <trkpt lat="50.78787" lon="11.744967"><ele>357.75</ele></trkpt>
   <trkpt lat="50.787721" lon="11.744595"><ele>356</ele></trkpt>
   <trkpt lat="50.787393" lon="11.743581"><ele>347.75</ele></trkpt>
   <trkpt lat="50.786974" lon="11.742398"><ele>339</ele></trkpt>
   <trkpt lat="50.78688" lon="11.74205"><ele>336.75</ele></trkpt>
   <trkpt lat="50.786826" lon="11.741373"><ele>334</ele></trkpt>
   <trkpt lat="50.786798" lon="11.740674"><ele>331</ele></trkpt>
   <trkpt lat="50.786789" lon="11.74051"><ele>330</ele></trkpt>
   <trkpt lat="50.786755" lon="11.740243"><ele>328.5</ele></trkpt>
   <trkpt lat="50.7867" lon="11.740035"><ele>327.25</ele></trkpt>
   <trkpt lat="50.786631" lon="11.739862"><ele>326.5</ele></trkpt>
   <trkpt lat="50.786592" lon="11.739778"><ele>326</ele></trkpt>
   <trkpt lat="50.786428" lon="11.739527"><ele>326.5</ele></trkpt>
   <trkpt lat="50.786311" lon="11.739242"><ele>327</ele></trkpt>
   <trkpt lat="50.786227" lon="11.739082"><ele>326</ele></trkpt>
   <trkpt lat="50.785956" lon="11.738535"><ele>322.5</ele></trkpt>
   <trkpt lat="50.785837" lon="11.73823"><ele>321.75</ele></trkpt>
   <trkpt lat="50.785746" lon="11.737994"><ele>321.5</ele></trkpt>
   <trkpt lat="50.785686" lon="11.73788"><ele>320.5</ele></trkpt>
   <trkpt lat="50.785636" lon="11.737836"><ele>319.25</ele></trkpt>
   <trkpt lat="50.785621" lon="11.737816"><ele>318.75</ele></trkpt>
   <trkpt lat="50.785588" lon="11.737768"><ele>318</ele></trkpt>
   <trkpt lat="50.78552" lon="11.737617"><ele>318</ele></trkpt>
   <trkpt lat="50.78534" lon="11.737223"><ele>315.5</ele></trkpt>
   <trkpt lat="50.785237" lon="11.73696"><ele>314.25</ele></trkpt>
   <trkpt lat="50.784875" lon="11.73586"><ele>311.75</ele></trkpt>
   <trkpt lat="50.784797" lon="11.735717"><ele>309.5</ele></trkpt>
   <trkpt lat="50.784776" lon="11.735679"><ele>309</ele></trkpt>
   <trkpt lat="50.784697" lon="11.735534"><ele>307.75</ele></trkpt>
   <trkpt lat="50.784345" lon="11.735112"><ele>308.75</ele></trkpt>
   <trkpt lat="50.78414" lon="11.73491"><ele>307.5</ele></trkpt>
   <trkpt lat="50.784031" lon="11.734793"><ele>307.25</ele></trkpt>
   <trkpt lat="50.783982" lon="11.734704"><ele>306.25</ele></trkpt>
   <trkpt lat="50.783933" lon="11.734616"><ele>305.25</ele></trkpt>
   <trkpt lat="50.783882" lon="11.734483"><ele>304</ele></trkpt>
   <trkpt lat="50.783804" lon="11.734271"><ele>305.75</ele></trkpt>
   <trkpt lat="50.783658" lon="11.73395"><ele>302.75</ele></trkpt>
   <trkpt lat="50.783443" lon="11.733513"><ele>303.5</ele></trkpt>
   <trkpt lat="50.783223" lon="11.733153"><ele>301.75</ele></trkpt>
   <trkpt lat="50.782916" lon="11.732617"><ele>300.25</ele></trkpt>
   <trkpt lat="50.782769" lon="11.732305"><ele>297.5</ele></trkpt>
   <trkpt lat="50.782601" lon="11.731917"><ele>298</ele></trkpt>
   <trkpt lat="50.782559" lon="11.731818"><ele>297</ele></trkpt>
   <trkpt lat="50.78241" lon="11.731533"><ele>295.75</ele></trkpt>
   <trkpt lat="50.782134" lon="11.731176"><ele>294.5</ele></trkpt>
   <trkpt lat="50.781929" lon="11.730897"><ele>293.5</ele></trkpt>
   <trkpt lat="50.781723" lon="11.730551"><ele>292.75</ele></trkpt>
   <trkpt lat="50.781384" lon="11.729891"><ele>291</ele></trkpt>
   <trkpt lat="50.781199" lon="11.729534"><ele>290.25</ele></trkpt>
   <trkpt lat="50.781007" lon="11.729139"><ele>290.25</ele></trkpt>
   <trkpt lat="50.780956" lon="11.729002"><ele>289.75</ele></trkpt>
   <trkpt lat="50.780915" lon="11.728861"><ele>289</ele></trkpt>
   <trkpt lat="50.780726" lon="11.72802"><ele>286</ele></trkpt>
   <trkpt lat="50.780735" lon="11.727856"><ele>286</ele></trkpt>
   <trkpt lat="50.78075" lon="11.727499"><ele>285.25</ele></trkpt>
   <trkpt lat="50.7808" lon="11.726715"><ele>285</ele></trkpt>
   <trkpt lat="50.78082" lon="11.726476"><ele>284.75</ele></trkpt>
   <trkpt lat="50.780857" lon="11.726215"><ele>285.25</ele></trkpt>
   <trkpt lat="50.780898" lon="11.726031"><ele>285.25</ele></trkpt>
   <trkpt lat="50.780961" lon="11.725817"><ele>285.75</ele></trkpt>
   <trkpt lat="50.78101" lon="11.725698"><ele>285.5</ele></trkpt>
   <trkpt lat="50.781063" lon="11.725595"><ele>285</ele></trkpt>
   <trkpt lat="50.781734" lon="11.724677"><ele>284.75</ele></trkpt>
   <trkpt lat="50.782004" lon="11.724311"><ele>284.25</ele></trkpt>
   <trkpt lat="50.782179" lon="11.724019"><ele>283.75</ele></trkpt>
   <trkpt lat="50.782256" lon="11.723872"><ele>283.75</ele></trkpt>
   <trkpt lat="50.782737" lon="11.722825"><ele>285.5</ele></trkpt>
   <trkpt lat="50.783162" lon="11.721855"><ele>281.25</ele></trkpt>
   <trkpt lat="50.783343" lon="11.721547"><ele>280</ele></trkpt>
   <trkpt lat="50.783452" lon="11.721377"><ele>279.25</ele></trkpt>
   <trkpt lat="50.783586" lon="11.72122"><ele>278</ele></trkpt>
   <trkpt lat="50.784244" lon="11.720554"><ele>274.25</ele></trkpt>
   <trkpt lat="50.784313" lon="11.720477"><ele>274.5</ele></trkpt>
   <trkpt lat="50.784552" lon="11.72023"><ele>274.25</ele></trkpt>
   <trkpt lat="50.784613" lon="11.720131"><ele>274.5</ele></trkpt>
   <trkpt lat="50.784648" lon="11.720027"><ele>274.5</ele></trkpt>
   <trkpt lat="50.784661" lon="11.71999"><ele>274.25</ele></trkpt>
   <trkpt lat="50.784671" lon="11.719916"><ele>274.25</ele></trkpt>
   <trkpt lat="50.784677" lon="11.719646"><ele>274.25</ele></trkpt>
   <trkpt lat="50.784666" lon="11.718885"><ele>273</ele></trkpt>
   <trkpt lat="50.784699" lon="11.71847"><ele>272.5</ele></trkpt>
   <trkpt lat="50.784741" lon="11.718218"><ele>271.75</ele></trkpt>
   <trkpt lat="50.784842" lon="11.718007"><ele>271.75</ele></trkpt>
   <trkpt lat="50.786827" lon="11.714217"><ele>267</ele></trkpt>
   <trkpt lat="50.786971" lon="11.71388"><ele>267.25</ele></trkpt>
   <trkpt lat="50.787018" lon="11.71377"><ele>267.5</ele></trkpt>
   <trkpt lat="50.787036" lon="11.713729"><ele>267.5</ele></trkpt>
   <trkpt lat="50.787065" lon="11.713626"><ele>267.25</ele></trkpt>
   <trkpt lat="50.787113" lon="11.713457"><ele>267.25</ele></trkpt>
   <trkpt lat="50.787247" lon="11.713054"><ele>267.25</ele></trkpt>
   <trkpt lat="50.787263" lon="11.712994"><ele>267</ele></trkpt>
   <trkpt lat="50.787272" lon="11.712946"><ele>266.75</ele></trkpt>
   <trkpt lat="50.787272" lon="11.712875"><ele>266</ele></trkpt>
   <trkpt lat="50.787262" lon="11.712739"><ele>265.25</ele></trkpt>
   <trkpt lat="50.787255" lon="11.712593"><ele>265.5</ele></trkpt>
   <trkpt lat="50.787258" lon="11.712223"><ele>265.75</ele></trkpt>
   <trkpt lat="50.787265" lon="11.712093"><ele>265.75</ele></trkpt>
   <trkpt lat="50.787285" lon="11.711926"><ele>265.75</ele></trkpt>
   <trkpt lat="50.787377" lon="11.711517"><ele>265.75</ele></trkpt>
   <trkpt lat="50.787385" lon="11.711393"><ele>266</ele></trkpt>
   <trkpt lat="50.787337" lon="11.710997"><ele>267.75</ele></trkpt>
   <trkpt lat="50.787315" lon="11.710861"><ele>268.25</ele></trkpt>
   <trkpt lat="50.787167" lon="11.710101"><ele>269.5</ele></trkpt>
   <trkpt lat="50.787104" lon="11.709759"><ele>270</ele></trkpt>
   <trkpt lat="50.787076" lon="11.709713"><ele>270.5</ele></trkpt>
   <trkpt lat="50.787033" lon="11.709677"><ele>271.25</ele></trkpt>
   <trkpt lat="50.787035" lon="11.70962"><ele>271</ele></trkpt>
   <trkpt lat="50.787045" lon="11.709445"><ele>270.5</ele></trkpt>
   <trkpt lat="50.787079" lon="11.709257"><ele>269.5</ele></trkpt>
   <trkpt lat="50.787107" lon="11.709127"><ele>269</ele></trkpt>
   <trkpt lat="50.787153" lon="11.709009"><ele>268.5</ele></trkpt>
   <trkpt lat="50.787192" lon="11.708924"><ele>268</ele></trkpt>
   <trkpt lat="50.787264" lon="11.708795"><ele>267.5</ele></trkpt>
   <trkpt lat="50.787337" lon="11.708704"><ele>267.25</ele></trkpt>
   <trkpt lat="50.787423" lon="11.708629"><ele>267.5</ele></trkpt>
   <trkpt lat="50.787516" lon="11.708566"><ele>267.75</ele></trkpt>
   <trkpt lat="50.787563" lon="11.708542"><ele>267.75</ele></trkpt>
   <trkpt lat="50.787626" lon="11.708526"><ele>267.5</ele></trkpt>
   <trkpt lat="50.787633" lon="11.708092"><ele>268.25</ele></trkpt>
   <trkpt lat="50.787621" lon="11.707903"><ele>268.5</ele></trkpt>
   <trkpt lat="50.787582" lon="11.707387"><ele>268.5</ele></trkpt>
   <trkpt lat="50.787578" lon="11.70714"><ele>269</ele></trkpt>
   <trkpt lat="50.787594" lon="11.70688"><ele>269</ele></trkpt>
   <trkpt lat="50.787662" lon="11.706139"><ele>270</ele></trkpt>
   <trkpt lat="50.78766" lon="11.705859"><ele>271</ele></trkpt>
   <trkpt lat="50.787642" lon="11.705548"><ele>271.5</ele></trkpt>
   <trkpt lat="50.787602" lon="11.705001"><ele>272.25</ele></trkpt>
   <trkpt lat="50.787578" lon="11.704795"><ele>272.5</ele></trkpt>
   <trkpt lat="50.78753" lon="11.704552"><ele>271.75</ele></trkpt>
   <trkpt lat="50.787497" lon="11.704305"><ele>271.5</ele></trkpt>
   <trkpt lat="50.787474" lon="11.70403"><ele>272.75</ele></trkpt>
   <trkpt lat="50.787446" lon="11.703547"><ele>274.5</ele></trkpt>
   <trkpt lat="50.78735" lon="11.702197"><ele>278.5</ele></trkpt>
   <trkpt lat="50.787332" lon="11.70137"><ele>279.5</ele></trkpt>
   <trkpt lat="50.787345" lon="11.700157"><ele>282.75</ele></trkpt>
   <trkpt lat="50.787413" lon="11.699016"><ele>285.75</ele></trkpt>
   <trkpt lat="50.78758" lon="11.697851"><ele>289.5</ele></trkpt>
   <trkpt lat="50.787633" lon="11.697484"><ele>289.75</ele></trkpt>
   <trkpt lat="50.787692" lon="11.697032"><ele>291</ele></trkpt>
   <trkpt lat="50.787869" lon="11.695667"><ele>293.75</ele></trkpt>
   <trkpt lat="50.788041" lon="11.694571"><ele>296.25</ele></trkpt>
   <trkpt lat="50.788266" lon="11.693558"><ele>298.5</ele></trkpt>
   <trkpt lat="50.788294" lon="11.693249"><ele>298</ele></trkpt>
   <trkpt lat="50.788277" lon="11.692932"><ele>297</ele></trkpt>
   <trkpt lat="50.788314" lon="11.692603"><ele>296.25</ele></trkpt>
   <trkpt lat="50.78848" lon="11.691757"><ele>297.25</ele></trkpt>
   <trkpt lat="50.788746" lon="11.690845"><ele>300.25</ele></trkpt>
   <trkpt lat="50.788842" lon="11.690356"><ele>300.25</ele></trkpt>
   <trkpt lat="50.788888" lon="11.690151"><ele>300.25</ele></trkpt>
   <trkpt lat="50.78905" lon="11.689491"><ele>304.5</ele></trkpt>
   <trkpt lat="50.789086" lon="11.689234"><ele>305.25</ele></trkpt>
   <trkpt lat="50.789088" lon="11.689083"><ele>305.25</ele></trkpt>
   <trkpt lat="50.789072" lon="11.689007"><ele>305.25</ele></trkpt>
   <trkpt lat="50.789041" lon="11.68894"><ele>305</ele></trkpt>
   <trkpt lat="50.788833" lon="11.68849"><ele>305.5</ele></trkpt>
   <trkpt lat="50.788813" lon="11.688371"><ele>305.75</ele></trkpt>
   <trkpt lat="50.788795" lon="11.688186"><ele>306.25</ele></trkpt>
   <trkpt lat="50.788756" lon="11.687419"><ele>308.75</ele></trkpt>
   <trkpt lat="50.788734" lon="11.687183"><ele>309</ele></trkpt>
   <trkpt lat="50.788682" lon="11.686827"><ele>309.5</ele></trkpt>
   <trkpt lat="50.788193" lon="11.684597"><ele>320</ele></trkpt>
   <trkpt lat="50.788" lon="11.683728"><ele>322.75</ele></trkpt>
   <trkpt lat="50.787962" lon="11.683531"><ele>323.5</ele></trkpt>
   <trkpt lat="50.787875" lon="11.68322"><ele>324.75</ele></trkpt>
   <trkpt lat="50.787789" lon="11.683025"><ele>325.25</ele></trkpt>
   <trkpt lat="50.787734" lon="11.682879"><ele>326.75</ele></trkpt>
   <trkpt lat="50.787663" lon="11.682704"><ele>327.5</ele></trkpt>
   <trkpt lat="50.786764" lon="11.680223"><ele>336.5</ele></trkpt>
   <trkpt lat="50.786622" lon="11.679802"><ele>338.5</ele></trkpt>
   <trkpt lat="50.786451" lon="11.679274"><ele>341</ele></trkpt>
   <trkpt lat="50.786148" lon="11.678175"><ele>346</ele></trkpt>
   <trkpt lat="50.786016" lon="11.677941"><ele>348.25</ele></trkpt>
   <trkpt lat="50.785852" lon="11.677761"><ele>349.75</ele></trkpt>
   <trkpt lat="50.785676" lon="11.677685"><ele>351.5</ele></trkpt>
   <trkpt lat="50.784627" lon="11.677433"><ele>361</ele></trkpt>
   <trkpt lat="50.783849" lon="11.677402"><ele>366.25</ele></trkpt>
   <trkpt lat="50.783821" lon="11.677406"><ele>366.5</ele></trkpt>
   <trkpt lat="50.7831" lon="11.677499"><ele>368.75</ele></trkpt>
   <trkpt lat="50.782497" lon="11.67762"><ele>369</ele></trkpt>
   <trkpt lat="50.780752" lon="11.678089"><ele>366.5</ele></trkpt>
   <trkpt lat="50.780481" lon="11.678129"><ele>365.25</ele></trkpt>
   <trkpt lat="50.780325" lon="11.678109"><ele>364.75</ele></trkpt>
   <trkpt lat="50.780159" lon="11.678003"><ele>364</ele></trkpt>
   <trkpt lat="50.778854" lon="11.676525"><ele>358.75</ele></trkpt>
   <trkpt lat="50.777501" lon="11.675015"><ele>355.75</ele></trkpt>
   <trkpt lat="50.777367" lon="11.674865"><ele>355.5</ele></trkpt>
   <trkpt lat="50.777291" lon="11.674731"><ele>355</ele></trkpt>
   <trkpt lat="50.77723" lon="11.674592"><ele>355.25</ele></trkpt>
   <trkpt lat="50.776768" lon="11.672248"><ele>351.25</ele></trkpt>
   <trkpt lat="50.776366" lon="11.669998"><ele>346.75</ele></trkpt>
   <trkpt lat="50.775062" lon="11.663026"><ele>356.25</ele></trkpt>
   <trkpt lat="50.7738" lon="11.656136"><ele>359</ele></trkpt>
   <trkpt lat="50.773755" lon="11.655877"><ele>358.5</ele></trkpt>
   <trkpt lat="50.773571" lon="11.654816"><ele>356.25</ele></trkpt>
   <trkpt lat="50.773465" lon="11.654232"><ele>353</ele></trkpt>
   <trkpt lat="50.772969" lon="11.651483"><ele>355.75</ele></trkpt>
   <trkpt lat="50.772151" lon="11.646999"><ele>356</ele></trkpt>
   <trkpt lat="50.771289" lon="11.642254"><ele>361</ele></trkpt>
   <trkpt lat="50.770561" lon="11.638318"><ele>360.75</ele></trkpt>
   <trkpt lat="50.770058" lon="11.630656"><ele>356.75</ele></trkpt>
   <trkpt lat="50.770048" lon="11.630579"><ele>356.5</ele></trkpt>
   <trkpt lat="50.770029" lon="11.630493"><ele>356</ele></trkpt>
   <trkpt lat="50.770012" lon="11.630413"><ele>355.5</ele></trkpt>
   <trkpt lat="50.769963" lon="11.630313"><ele>354.75</ele></trkpt>
   <trkpt lat="50.7699" lon="11.630235"><ele>354.25</ele></trkpt>
   <trkpt lat="50.769856" lon="11.630226"><ele>354</ele></trkpt>
   <trkpt lat="50.768669" lon="11.630397"><ele>345.75</ele></trkpt>
   <trkpt lat="50.768375" lon="11.63044"><ele>343.75</ele></trkpt>
   <trkpt lat="50.76812" lon="11.630489"><ele>342.25</ele></trkpt>
   <trkpt lat="50.767986" lon="11.63049"><ele>341.25</ele></trkpt>
   <trkpt lat="50.767882" lon="11.630444"><ele>340.25</ele></trkpt>
   <trkpt lat="50.767901" lon="11.630262"><ele>340.25</ele></trkpt>
   <trkpt lat="50.767935" lon="11.630172"><ele>340.75</ele></trkpt>
   <trkpt lat="50.767585" lon="11.629447"><ele>338.5</ele></trkpt>
   <trkpt lat="50.767468" lon="11.629239"><ele>338.25</ele></trkpt>
   <trkpt lat="50.767385" lon="11.62873"><ele>339.5</ele></trkpt>
   <trkpt lat="50.767326" lon="11.627557"><ele>340.5</ele></trkpt>
   <trkpt lat="50.767306" lon="11.627527"><ele>340.5</ele></trkpt>
   <trkpt lat="50.767284" lon="11.626993"><ele>341.5</ele></trkpt>
   <trkpt lat="50.767262" lon="11.626749"><ele>342</ele></trkpt>
   <trkpt lat="50.767228" lon="11.626546"><ele>342</ele></trkpt>
   <trkpt lat="50.76721" lon="11.626326"><ele>342</ele></trkpt>
   <trkpt lat="50.76723" lon="11.626025"><ele>343</ele></trkpt>
   <trkpt lat="50.767267" lon="11.625719"><ele>343</ele></trkpt>
   <trkpt lat="50.767347" lon="11.625455"><ele>343</ele></trkpt>
   <trkpt lat="50.767423" lon="11.625247"><ele>343.25</ele></trkpt>
   <trkpt lat="50.767589" lon="11.62494"><ele>344</ele></trkpt>
   <trkpt lat="50.767716" lon="11.624648"><ele>344.5</ele></trkpt>
   <trkpt lat="50.76793" lon="11.624215"><ele>345.5</ele></trkpt>
   <trkpt lat="50.768073" lon="11.623864"><ele>347</ele></trkpt>
   <trkpt lat="50.768146" lon="11.623618"><ele>347.5</ele></trkpt>
   <trkpt lat="50.768172" lon="11.623464"><ele>348.25</ele></trkpt>
   <trkpt lat="50.768199" lon="11.623111"><ele>349</ele></trkpt>
   <trkpt lat="50.768196" lon="11.622379"><ele>349</ele></trkpt>
   <trkpt lat="50.768191" lon="11.621329"><ele>348.25</ele></trkpt>
   <trkpt lat="50.768204" lon="11.620885"><ele>347.5</ele></trkpt>
   <trkpt lat="50.768263" lon="11.619433"><ele>346.25</ele></trkpt>
   <trkpt lat="50.768198" lon="11.616548"><ele>347.25</ele></trkpt>
   <trkpt lat="50.768224" lon="11.615733"><ele>346.75</ele></trkpt>
   <trkpt lat="50.768252" lon="11.615382"><ele>346.5</ele></trkpt>
   <trkpt lat="50.768288" lon="11.615061"><ele>346.75</ele></trkpt>
   <trkpt lat="50.768343" lon="11.614573"><ele>346.25</ele></trkpt>
   <trkpt lat="50.768944" lon="11.609974"><ele>333.5</ele></trkpt>
   <trkpt lat="50.76908" lon="11.60932"><ele>330.5</ele></trkpt>
   <trkpt lat="50.769497" lon="11.607584"><ele>327</ele></trkpt>
   <trkpt lat="50.769565" lon="11.607311"><ele>327</ele></trkpt>
   <trkpt lat="50.7689" lon="11.606799"><ele>325</ele></trkpt>
   <trkpt lat="50.768566" lon="11.606523"><ele>323.75</ele></trkpt>
   <trkpt lat="50.767921" lon="11.606029"><ele>321.25</ele></trkpt>
   <trkpt lat="50.76746" lon="11.605633"><ele>317.75</ele></trkpt>
   <trkpt lat="50.767255" lon="11.605374"><ele>316.25</ele></trkpt>
   <trkpt lat="50.767039" lon="11.604987"><ele>314.25</ele></trkpt>
   <trkpt lat="50.766022" lon="11.602976"><ele>307.25</ele></trkpt>
   <trkpt lat="50.765617" lon="11.602048"><ele>303.5</ele></trkpt>
   <trkpt lat="50.764758" lon="11.599897"><ele>293</ele></trkpt>
   <trkpt lat="50.764645" lon="11.59951"><ele>293.25</ele></trkpt>
   <trkpt lat="50.764631" lon="11.599123"><ele>292</ele></trkpt>
   <trkpt lat="50.764774" lon="11.597865"><ele>284.5</ele></trkpt>
   <trkpt lat="50.764821" lon="11.597282"><ele>283.75</ele></trkpt>
   <trkpt lat="50.764765" lon="11.596572"><ele>281</ele></trkpt>
   <trkpt lat="50.764686" lon="11.595912"><ele>278.25</ele></trkpt>
   <trkpt lat="50.764581" lon="11.595267"><ele>277.75</ele></trkpt>
   <trkpt lat="50.764437" lon="11.594564"><ele>274</ele></trkpt>
   <trkpt lat="50.764149" lon="11.592248"><ele>267.5</ele></trkpt>
   <trkpt lat="50.76417" lon="11.591461"><ele>265</ele></trkpt>
   <trkpt lat="50.764336" lon="11.590366"><ele>263.75</ele></trkpt>
   <trkpt lat="50.76457" lon="11.589527"><ele>260</ele></trkpt>
   <trkpt lat="50.765053" lon="11.588426"><ele>253.25</ele></trkpt>
   <trkpt lat="50.765493" lon="11.587477"><ele>248.5</ele></trkpt>
   <trkpt lat="50.765636" lon="11.587104"><ele>246.5</ele></trkpt>
   <trkpt lat="50.765693" lon="11.586754"><ele>246</ele></trkpt>
   <trkpt lat="50.765696" lon="11.586546"><ele>246</ele></trkpt>
   <trkpt lat="50.765674" lon="11.586327"><ele>246</ele></trkpt>
   <trkpt lat="50.76545" lon="11.585559"><ele>244.25</ele></trkpt>
   <trkpt lat="50.765325" lon="11.585171"><ele>242.75</ele></trkpt>
   <trkpt lat="50.765235" lon="11.584841"><ele>242.25</ele></trkpt>
   <trkpt lat="50.765093" lon="11.584212"><ele>240.75</ele></trkpt>
   <trkpt lat="50.765058" lon="11.583287"><ele>239.25</ele></trkpt>
   <trkpt lat="50.764948" lon="11.581653"><ele>236.25</ele></trkpt>
   <trkpt lat="50.764932" lon="11.58116"><ele>235.5</ele></trkpt>
   <trkpt lat="50.764971" lon="11.580675"><ele>233.25</ele></trkpt>
   <trkpt lat="50.76512" lon="11.579818"><ele>232.25</ele></trkpt>
   <trkpt lat="50.765393" lon="11.578157"><ele>228.5</ele></trkpt>
   <trkpt lat="50.765739" lon="11.57627"><ele>223</ele></trkpt>
   <trkpt lat="50.765927" lon="11.575667"><ele>223.5</ele></trkpt>
   <trkpt lat="50.766224" lon="11.574838"><ele>222.5</ele></trkpt>
   <trkpt lat="50.766457" lon="11.574269"><ele>220.75</ele></trkpt>
   <trkpt lat="50.767492" lon="11.572653"><ele>212.5</ele></trkpt>
   <trkpt lat="50.767742" lon="11.572138"><ele>211.5</ele></trkpt>
   <trkpt lat="50.767885" lon="11.571708"><ele>212</ele></trkpt>
   <trkpt lat="50.768156" lon="11.570847"><ele>209.75</ele></trkpt>
   <trkpt lat="50.768489" lon="11.569977"><ele>209</ele></trkpt>
   <trkpt lat="50.768847" lon="11.568893"><ele>203.75</ele></trkpt>
   <trkpt lat="50.769049" lon="11.568324"><ele>202.5</ele></trkpt>
   <trkpt lat="50.76944" lon="11.567739"><ele>198.75</ele></trkpt>
   <trkpt lat="50.769904" lon="11.567022"><ele>198</ele></trkpt>
   <trkpt lat="50.770102" lon="11.566806"><ele>197.75</ele></trkpt>
   <trkpt lat="50.771229" lon="11.565876"><ele>191.25</ele></trkpt>
   <trkpt lat="50.771404" lon="11.56566"><ele>190.25</ele></trkpt>
   <trkpt lat="50.771655" lon="11.565278"><ele>189</ele></trkpt>
   <trkpt lat="50.772359" lon="11.564192"><ele>185.5</ele></trkpt>
   <trkpt lat="50.772717" lon="11.563529"><ele>182.5</ele></trkpt>
   <trkpt lat="50.773062" lon="11.562808"><ele>180.75</ele></trkpt>
   <trkpt lat="50.773894" lon="11.56101"><ele>175.25</ele></trkpt>
   <trkpt lat="50.774026" lon="11.560669"><ele>175.5</ele></trkpt>
   <trkpt lat="50.774102" lon="11.560375"><ele>174</ele></trkpt>
   <trkpt lat="50.774125" lon="11.560112"><ele>172.5</ele></trkpt>
   <trkpt lat="50.774112" lon="11.559799"><ele>171.25</ele></trkpt>
   <trkpt lat="50.773861" lon="11.558501"><ele>169</ele></trkpt>
   <trkpt lat="50.773786" lon="11.558181"><ele>168.5</ele></trkpt>
   <trkpt lat="50.773711" lon="11.557997"><ele>168.5</ele></trkpt>
   <trkpt lat="50.7736" lon="11.557785"><ele>169</ele></trkpt>
   <trkpt lat="50.773304" lon="11.557416"><ele>170</ele></trkpt>
   <trkpt lat="50.773184" lon="11.557253"><ele>170.25</ele></trkpt>
   <trkpt lat="50.773108" lon="11.557084"><ele>171.75</ele></trkpt>
   <trkpt lat="50.772912" lon="11.556471"><ele>171.75</ele></trkpt>
   <trkpt lat="50.772801" lon="11.556257"><ele>172.75</ele></trkpt>
   <trkpt lat="50.772699" lon="11.556135"><ele>173.75</ele></trkpt>
   <trkpt lat="50.772336" lon="11.55585"><ele>174.5</ele></trkpt>
   <trkpt lat="50.772225" lon="11.555732"><ele>174</ele></trkpt>
   <trkpt lat="50.772129" lon="11.555608"><ele>175.25</ele></trkpt>
   <trkpt lat="50.77197" lon="11.555332"><ele>175</ele></trkpt>
   <trkpt lat="50.771188" lon="11.553264"><ele>175.75</ele></trkpt>
   <trkpt lat="50.771077" lon="11.552994"><ele>176.5</ele></trkpt>
   <trkpt lat="50.770883" lon="11.552606"><ele>177.5</ele></trkpt>
   <trkpt lat="50.770608" lon="11.552135"><ele>179.25</ele></trkpt>
   <trkpt lat="50.770453" lon="11.55177"><ele>179.75</ele></trkpt>
   <trkpt lat="50.770352" lon="11.551382"><ele>179</ele></trkpt>
   <trkpt lat="50.770297" lon="11.550869"><ele>179.5</ele></trkpt>
   <trkpt lat="50.770242" lon="11.550205"><ele>179.75</ele></trkpt>
   <trkpt lat="50.770211" lon="11.549594"><ele>179.5</ele></trkpt>
   <trkpt lat="50.770262" lon="11.547716"><ele>183.25</ele></trkpt>
   <trkpt lat="50.770265" lon="11.54732"><ele>184</ele></trkpt>
   <trkpt lat="50.770244" lon="11.546886"><ele>183.75</ele></trkpt>
   <trkpt lat="50.770194" lon="11.546349"><ele>183</ele></trkpt>
   <trkpt lat="50.770172" lon="11.546126"><ele>182</ele></trkpt>
   <trkpt lat="50.77008" lon="11.545619"><ele>182</ele></trkpt>
   <trkpt lat="50.769797" lon="11.544338"><ele>176.5</ele></trkpt>
   <trkpt lat="50.769753" lon="11.544114"><ele>174.75</ele></trkpt>
   <trkpt lat="50.769753" lon="11.543994"><ele>174.25</ele></trkpt>
   <trkpt lat="50.769758" lon="11.543794"><ele>173.75</ele></trkpt>
   <trkpt lat="50.76976" lon="11.543677"><ele>173.75</ele></trkpt>
   <trkpt lat="50.769719" lon="11.54324"><ele>172.5</ele></trkpt>
   <trkpt lat="50.769657" lon="11.54288"><ele>171.5</ele></trkpt>
   <trkpt lat="50.769622" lon="11.542761"><ele>171.25</ele></trkpt>
   <trkpt lat="50.769574" lon="11.54281"><ele>171.5</ele></trkpt>
   <trkpt lat="50.769513" lon="11.542838"><ele>171.75</ele></trkpt>
   <trkpt lat="50.769429" lon="11.542842"><ele>172</ele></trkpt>
   <trkpt lat="50.769121" lon="11.542796"><ele>172</ele></trkpt>
   <trkpt lat="50.768688" lon="11.542739"><ele>171.75</ele></trkpt>
   <trkpt lat="50.768684" lon="11.542465"><ele>170</ele></trkpt>
   <trkpt lat="50.76866" lon="11.541973"><ele>169</ele></trkpt>
   <trkpt lat="50.768656" lon="11.541896"><ele>169</ele></trkpt>
   <trkpt lat="50.768622" lon="11.541172"><ele>168.75</ele></trkpt>
   <trkpt lat="50.768636" lon="11.541004"><ele>168.75</ele></trkpt>
   <trkpt lat="50.768651" lon="11.540886"><ele>168.75</ele></trkpt>
   <trkpt lat="50.768659" lon="11.540802"><ele>168.75</ele></trkpt>
   <trkpt lat="50.76867" lon="11.540692"><ele>169.25</ele></trkpt>
   <trkpt lat="50.768714" lon="11.540148"><ele>168.75</ele></trkpt>
   <trkpt lat="50.768743" lon="11.539919"><ele>168.5</ele></trkpt>
   <trkpt lat="50.768827" lon="11.539081"><ele>168.5</ele></trkpt>
   <trkpt lat="50.768829" lon="11.53906"><ele>168.5</ele></trkpt>
   <trkpt lat="50.768857" lon="11.538806"><ele>168.75</ele></trkpt>
   <trkpt lat="50.768863" lon="11.538743"><ele>169.25</ele></trkpt>
   <trkpt lat="50.768868" lon="11.538691"><ele>170</ele></trkpt>
   <trkpt lat="50.768879" lon="11.538592"><ele>171</ele></trkpt>
   <trkpt lat="50.768723" lon="11.538533"><ele>170.25</ele></trkpt>
   <trkpt lat="50.768434" lon="11.538466"><ele>169.5</ele></trkpt>
   <trkpt lat="50.768113" lon="11.538405"><ele>169.5</ele></trkpt>
   <trkpt lat="50.767163" lon="11.538264"><ele>171.5</ele></trkpt>
   <trkpt lat="50.766766" lon="11.538226"><ele>173</ele></trkpt>
   <trkpt lat="50.76592" lon="11.538053"><ele>171.25</ele></trkpt>
   <trkpt lat="50.765646" lon="11.538008"><ele>171</ele></trkpt>
   <trkpt lat="50.765054" lon="11.537883"><ele>170.75</ele></trkpt>
   <trkpt lat="50.764955" lon="11.537885"><ele>171</ele></trkpt>
   <trkpt lat="50.764728" lon="11.537924"><ele>171</ele></trkpt>
   <trkpt lat="50.764434" lon="11.538008"><ele>172</ele></trkpt>
   <trkpt lat="50.76419" lon="11.538092"><ele>171.5</ele></trkpt>
   <trkpt lat="50.763922" lon="11.53822"><ele>172</ele></trkpt>
   <trkpt lat="50.763631" lon="11.538408"><ele>171.5</ele></trkpt>
   <trkpt lat="50.763329" lon="11.538656"><ele>171.75</ele></trkpt>
   <trkpt lat="50.763017" lon="11.538999"><ele>172.25</ele></trkpt>
   <trkpt lat="50.762859" lon="11.539199"><ele>173.25</ele></trkpt>
   <trkpt lat="50.762631" lon="11.539587"><ele>173.25</ele></trkpt>
   <trkpt lat="50.76238" lon="11.54005"><ele>174.25</ele></trkpt>
   <trkpt lat="50.761659" lon="11.541434"><ele>172.75</ele></trkpt>
   <trkpt lat="50.761439" lon="11.54175"><ele>172</ele></trkpt>
   <trkpt lat="50.761212" lon="11.542033"><ele>172.25</ele></trkpt>
   <trkpt lat="50.760991" lon="11.542279"><ele>172.75</ele></trkpt>
   <trkpt lat="50.760772" lon="11.542464"><ele>173</ele></trkpt>
   <trkpt lat="50.76043" lon="11.542698"><ele>173.5</ele></trkpt>
   <trkpt lat="50.760341" lon="11.542733"><ele>174</ele></trkpt>
   <trkpt lat="50.760191" lon="11.542718"><ele>174.25</ele></trkpt>
   <trkpt lat="50.759726" lon="11.54254"><ele>173.75</ele></trkpt>
   <trkpt lat="50.757951" lon="11.542497"><ele>178</ele></trkpt>
   <trkpt lat="50.757663" lon="11.542518"><ele>180.25</ele></trkpt>
   <trkpt lat="50.757201" lon="11.542749"><ele>177</ele></trkpt>
   <trkpt lat="50.756437" lon="11.543176"><ele>176.75</ele></trkpt>
   <trkpt lat="50.756284" lon="11.543312"><ele>176</ele></trkpt>
   <trkpt lat="50.756064" lon="11.543535"><ele>176.75</ele></trkpt>
   <trkpt lat="50.755913" lon="11.543782"><ele>177</ele></trkpt>
   <trkpt lat="50.755712" lon="11.544263"><ele>177</ele></trkpt>
   <trkpt lat="50.755074" lon="11.545194"><ele>174.5</ele></trkpt>
   <trkpt lat="50.75488" lon="11.545689"><ele>175.5</ele></trkpt>
   <trkpt lat="50.754701" lon="11.54623"><ele>175.5</ele></trkpt>
   <trkpt lat="50.75433" lon="11.547982"><ele>177</ele></trkpt>
   <trkpt lat="50.754174" lon="11.548801"><ele>176.75</ele></trkpt>
   <trkpt lat="50.754016" lon="11.549415"><ele>177.5</ele></trkpt>
   <trkpt lat="50.753671" lon="11.55038"><ele>181.5</ele></trkpt>
   <trkpt lat="50.753598" lon="11.550485"><ele>180.5</ele></trkpt>
   <trkpt lat="50.753527" lon="11.550534"><ele>179.25</ele></trkpt>
   <trkpt lat="50.75351" lon="11.550534"><ele>179.25</ele></trkpt>
   <trkpt lat="50.753482" lon="11.550534"><ele>179.25</ele></trkpt>
   <trkpt lat="50.753449" lon="11.550521"><ele>179.5</ele></trkpt>
   <trkpt lat="50.753285" lon="11.55045"><ele>180.5</ele></trkpt>
   <trkpt lat="50.753169" lon="11.550425"><ele>179.5</ele></trkpt>
   <trkpt lat="50.753096" lon="11.550434"><ele>178.5</ele></trkpt>
   <trkpt lat="50.753088" lon="11.550432"><ele>178.25</ele></trkpt>
   <trkpt lat="50.753053" lon="11.550424"><ele>178</ele></trkpt>
   <trkpt lat="50.753009" lon="11.550367"><ele>178</ele></trkpt>
   <trkpt lat="50.752969" lon="11.550234"><ele>178</ele></trkpt>
   <trkpt lat="50.752898" lon="11.550072"><ele>178</ele></trkpt>
   <trkpt lat="50.752871" lon="11.550022"><ele>178</ele></trkpt>
   <trkpt lat="50.752841" lon="11.549997"><ele>177.75</ele></trkpt>
   <trkpt lat="50.752641" lon="11.549932"><ele>177.75</ele></trkpt>
   <trkpt lat="50.752556" lon="11.54988"><ele>177.75</ele></trkpt>
   <trkpt lat="50.752471" lon="11.549841"><ele>177.75</ele></trkpt>
   <trkpt lat="50.752374" lon="11.549847"><ele>177.75</ele></trkpt>
   <trkpt lat="50.752271" lon="11.54989"><ele>177.5</ele></trkpt>
   <trkpt lat="50.752071" lon="11.549997"><ele>177.75</ele></trkpt>
   <trkpt lat="50.751883" lon="11.550151"><ele>178</ele></trkpt>
   <trkpt lat="50.751438" lon="11.550598"><ele>178.75</ele></trkpt>
   <trkpt lat="50.751176" lon="11.551005"><ele>178.5</ele></trkpt>
   <trkpt lat="50.751058" lon="11.551279"><ele>178.75</ele></trkpt>
   <trkpt lat="50.750954" lon="11.551567"><ele>178.75</ele></trkpt>
   <trkpt lat="50.750923" lon="11.551616"><ele>178.75</ele></trkpt>
   <trkpt lat="50.750893" lon="11.551616"><ele>178.75</ele></trkpt>
   <trkpt lat="50.750827" lon="11.55154"><ele>179.25</ele></trkpt>
   <trkpt lat="50.750769" lon="11.551467"><ele>179.75</ele></trkpt>
   <trkpt lat="50.750707" lon="11.551417"><ele>180</ele></trkpt>
   <trkpt lat="50.750655" lon="11.55142"><ele>180.25</ele></trkpt>
   <trkpt lat="50.75061" lon="11.551448"><ele>180.75</ele></trkpt>
   <trkpt lat="50.750581" lon="11.551484"><ele>181</ele></trkpt>
   <trkpt lat="50.750557" lon="11.551536"><ele>180.75</ele></trkpt>
   <trkpt lat="50.750507" lon="11.551691"><ele>180.75</ele></trkpt>
   <trkpt lat="50.750443" lon="11.55196"><ele>180.25</ele></trkpt>
   <trkpt lat="50.750396" lon="11.552174"><ele>180.25</ele></trkpt>
   <trkpt lat="50.750313" lon="11.552443"><ele>180</ele></trkpt>
   <trkpt lat="50.750172" lon="11.552735"><ele>179.75</ele></trkpt>
   <trkpt lat="50.750071" lon="11.553145"><ele>180</ele></trkpt>
   <trkpt lat="50.749855" lon="11.553868"><ele>179.5</ele></trkpt>
   <trkpt lat="50.749717" lon="11.554498"><ele>179.75</ele></trkpt>
   <trkpt lat="50.749477" lon="11.555743"><ele>180</ele></trkpt>
   <trkpt lat="50.749451" lon="11.55601"><ele>179.75</ele></trkpt>
   <trkpt lat="50.749423" lon="11.556733"><ele>180</ele></trkpt>
   <trkpt lat="50.749376" lon="11.557284"><ele>179.75</ele></trkpt>
   <trkpt lat="50.749318" lon="11.557864"><ele>180.25</ele></trkpt>
   <trkpt lat="50.749235" lon="11.558348"><ele>181.25</ele></trkpt>
   <trkpt lat="50.749166" lon="11.558586"><ele>181</ele></trkpt>
   <trkpt lat="50.749117" lon="11.558689"><ele>180.75</ele></trkpt>
   <trkpt lat="50.749065" lon="11.558753"><ele>181</ele></trkpt>
   <trkpt lat="50.748663" lon="11.559099"><ele>182.5</ele></trkpt>
   <trkpt lat="50.748534" lon="11.559226"><ele>182.75</ele></trkpt>
   <trkpt lat="50.748427" lon="11.559368"><ele>182.5</ele></trkpt>
   <trkpt lat="50.748355" lon="11.55952"><ele>182.25</ele></trkpt>
   <trkpt lat="50.748236" lon="11.559719"><ele>181.5</ele></trkpt>
   <trkpt lat="50.748042" lon="11.560008"><ele>182</ele></trkpt>
   <trkpt lat="50.747916" lon="11.560225"><ele>181.5</ele></trkpt>
   <trkpt lat="50.747833" lon="11.560416"><ele>181.25</ele></trkpt>
   <trkpt lat="50.747633" lon="11.561013"><ele>181</ele></trkpt>
   <trkpt lat="50.747427" lon="11.561744"><ele>181</ele></trkpt>
   <trkpt lat="50.74719" lon="11.562648"><ele>181</ele></trkpt>
   <trkpt lat="50.746975" lon="11.563409"><ele>182</ele></trkpt>
   <trkpt lat="50.746836" lon="11.56384"><ele>182</ele></trkpt>
   <trkpt lat="50.746742" lon="11.564073"><ele>182</ele></trkpt>
   <trkpt lat="50.746651" lon="11.564273"><ele>182</ele></trkpt>
   <trkpt lat="50.746386" lon="11.564756"><ele>182.75</ele></trkpt>
   <trkpt lat="50.746236" lon="11.564918"><ele>182.5</ele></trkpt>
   <trkpt lat="50.745851" lon="11.56542"><ele>182.75</ele></trkpt>
   <trkpt lat="50.745492" lon="11.565864"><ele>182.75</ele></trkpt>
   <trkpt lat="50.745275" lon="11.566153"><ele>182.5</ele></trkpt>
   <trkpt lat="50.744868" lon="11.566743"><ele>182.25</ele></trkpt>
   <trkpt lat="50.744517" lon="11.567231"><ele>182.5</ele></trkpt>
   <trkpt lat="50.744382" lon="11.56736"><ele>182.75</ele></trkpt>
   <trkpt lat="50.744237" lon="11.56744"><ele>183.5</ele></trkpt>
   <trkpt lat="50.744135" lon="11.567566"><ele>183.5</ele></trkpt>
   <trkpt lat="50.744031" lon="11.567778"><ele>182.75</ele></trkpt>
   <trkpt lat="50.743643" lon="11.568717"><ele>183.25</ele></trkpt>
   <trkpt lat="50.742752" lon="11.570422"><ele>184.75</ele></trkpt>
   <trkpt lat="50.742668" lon="11.570589"><ele>185.5</ele></trkpt>
   <trkpt lat="50.742596" lon="11.570837"><ele>185.75</ele></trkpt>
   <trkpt lat="50.742553" lon="11.571091"><ele>184.75</ele></trkpt>
   <trkpt lat="50.742408" lon="11.571387"><ele>184.5</ele></trkpt>
   <trkpt lat="50.742308" lon="11.571523"><ele>184.5</ele></trkpt>
   <trkpt lat="50.74215" lon="11.571682"><ele>184.25</ele></trkpt>
   <trkpt lat="50.741757" lon="11.572056"><ele>184.75</ele></trkpt>
   <trkpt lat="50.741661" lon="11.572209"><ele>184</ele></trkpt>
   <trkpt lat="50.741615" lon="11.572327"><ele>184.25</ele></trkpt>
   <trkpt lat="50.74159" lon="11.57239"><ele>184.5</ele></trkpt>
   <trkpt lat="50.74154" lon="11.572816"><ele>185.25</ele></trkpt>
   <trkpt lat="50.741544" lon="11.574167"><ele>185.25</ele></trkpt>
   <trkpt lat="50.741525" lon="11.574595"><ele>185.5</ele></trkpt>
   <trkpt lat="50.741506" lon="11.574764"><ele>185.5</ele></trkpt>
   <trkpt lat="50.741457" lon="11.575103"><ele>185.75</ele></trkpt>
   <trkpt lat="50.741419" lon="11.575449"><ele>185.75</ele></trkpt>
   <trkpt lat="50.741375" lon="11.57601"><ele>186</ele></trkpt>
   <trkpt lat="50.741272" lon="11.576797"><ele>186</ele></trkpt>
   <trkpt lat="50.741195" lon="11.577277"><ele>185.75</ele></trkpt>
   <trkpt lat="50.741166" lon="11.577394"><ele>185.75</ele></trkpt>
   <trkpt lat="50.7411" lon="11.57756"><ele>185.75</ele></trkpt>
   <trkpt lat="50.740901" lon="11.577913"><ele>185.75</ele></trkpt>
   <trkpt lat="50.740769" lon="11.578123"><ele>186</ele></trkpt>
   <trkpt lat="50.740534" lon="11.578424"><ele>186</ele></trkpt>
   <trkpt lat="50.74035" lon="11.57864"><ele>186</ele></trkpt>
   <trkpt lat="50.740038" lon="11.579173"><ele>186.75</ele></trkpt>
   <trkpt lat="50.739677" lon="11.579908"><ele>188</ele></trkpt>
   <trkpt lat="50.739276" lon="11.580859"><ele>189</ele></trkpt>
   <trkpt lat="50.739053" lon="11.581326"><ele>189</ele></trkpt>
   <trkpt lat="50.73892" lon="11.581618"><ele>188.75</ele></trkpt>
   <trkpt lat="50.738723" lon="11.582087"><ele>188.75</ele></trkpt>
   <trkpt lat="50.738496" lon="11.582642"><ele>187.75</ele></trkpt>
   <trkpt lat="50.738489" lon="11.582658"><ele>187.75</ele></trkpt>
   <trkpt lat="50.738438" lon="11.582787"><ele>187.5</ele></trkpt>
   <trkpt lat="50.738224" lon="11.58332"><ele>188</ele></trkpt>
   <trkpt lat="50.73819" lon="11.583426"><ele>187.75</ele></trkpt>
   <trkpt lat="50.738163" lon="11.583535"><ele>187.5</ele></trkpt>
   <trkpt lat="50.73812" lon="11.583771"><ele>187.75</ele></trkpt>
   <trkpt lat="50.738094" lon="11.584047"><ele>187.25</ele></trkpt>
   <trkpt lat="50.738092" lon="11.584064"><ele>187.25</ele></trkpt>
   <trkpt lat="50.73807" lon="11.584332"><ele>187</ele></trkpt>
   <trkpt lat="50.738044" lon="11.584568"><ele>187</ele></trkpt>
   <trkpt lat="50.73799" lon="11.584944"><ele>187</ele></trkpt>
   <trkpt lat="50.737919" lon="11.585362"><ele>187</ele></trkpt>
   <trkpt lat="50.737845" lon="11.585708"><ele>187.25</ele></trkpt>
   <trkpt lat="50.737756" lon="11.586067"><ele>187.75</ele></trkpt>
   <trkpt lat="50.73727" lon="11.587638"><ele>188.25</ele></trkpt>
   <trkpt lat="50.737181" lon="11.587956"><ele>188.75</ele></trkpt>
   <trkpt lat="50.737016" lon="11.588657"><ele>190.5</ele></trkpt>
   <trkpt lat="50.736909" lon="11.58913"><ele>191.25</ele></trkpt>
   <trkpt lat="50.736829" lon="11.589386"><ele>192</ele></trkpt>
   <trkpt lat="50.736739" lon="11.589645"><ele>192.5</ele></trkpt>
   <trkpt lat="50.73664" lon="11.58985"><ele>193.25</ele></trkpt>
   <trkpt lat="50.736521" lon="11.590025"><ele>194</ele></trkpt>
   <trkpt lat="50.736416" lon="11.590161"><ele>194.25</ele></trkpt>
   <trkpt lat="50.736313" lon="11.590266"><ele>194.25</ele></trkpt>
   <trkpt lat="50.736183" lon="11.590353"><ele>194.25</ele></trkpt>
   <trkpt lat="50.73606" lon="11.590414"><ele>194.5</ele></trkpt>
   <trkpt lat="50.73564" lon="11.590549"><ele>193.25</ele></trkpt>
   <trkpt lat="50.735544" lon="11.590559"><ele>192.75</ele></trkpt>
   <trkpt lat="50.735455" lon="11.590557"><ele>192.5</ele></trkpt>
   <trkpt lat="50.735245" lon="11.59043"><ele>192.25</ele></trkpt>
   <trkpt lat="50.73519" lon="11.590378"><ele>192.25</ele></trkpt>
   <trkpt lat="50.734868" lon="11.589859"><ele>192</ele></trkpt>
   <trkpt lat="50.734764" lon="11.589745"><ele>192</ele></trkpt>
   <trkpt lat="50.734596" lon="11.589632"><ele>194.25</ele></trkpt>
   <trkpt lat="50.73379" lon="11.589373"><ele>194</ele></trkpt>
   <trkpt lat="50.733606" lon="11.58934"><ele>194.25</ele></trkpt>
   <trkpt lat="50.733076" lon="11.589318"><ele>193.75</ele></trkpt>
   <trkpt lat="50.733004" lon="11.589332"><ele>193.75</ele></trkpt>
   <trkpt lat="50.732463" lon="11.589558"><ele>193</ele></trkpt>
   <trkpt lat="50.732392" lon="11.58963"><ele>192.75</ele></trkpt>
   <trkpt lat="50.732289" lon="11.589778"><ele>192.25</ele></trkpt>
   <trkpt lat="50.732254" lon="11.589831"><ele>192.25</ele></trkpt>
   <trkpt lat="50.732194" lon="11.589952"><ele>192.25</ele></trkpt>
   <trkpt lat="50.732147" lon="11.590079"><ele>192.75</ele></trkpt>
   <trkpt lat="50.732055" lon="11.59053"><ele>193.25</ele></trkpt>
   <trkpt lat="50.732012" lon="11.59065"><ele>193.25</ele></trkpt>
   <trkpt lat="50.731874" lon="11.590896"><ele>193</ele></trkpt>
   <trkpt lat="50.73175" lon="11.591092"><ele>192.75</ele></trkpt>
   <trkpt lat="50.731461" lon="11.591437"><ele>192.75</ele></trkpt>
   <trkpt lat="50.731331" lon="11.591617"><ele>193</ele></trkpt>
   <trkpt lat="50.731279" lon="11.591754"><ele>193</ele></trkpt>
   <trkpt lat="50.731338" lon="11.591776"><ele>193</ele></trkpt>
   <trkpt lat="50.731402" lon="11.591821"><ele>192.75</ele></trkpt>
   <trkpt lat="50.731505" lon="11.591947"><ele>191.5</ele></trkpt>
   <trkpt lat="50.731672" lon="11.592316"><ele>191.5</ele></trkpt>
   <trkpt lat="50.732009" lon="11.593073"><ele>192.75</ele></trkpt>
   <trkpt lat="50.732028" lon="11.593122"><ele>192.5</ele></trkpt>
   <trkpt lat="50.732103" lon="11.593319"><ele>192.25</ele></trkpt>
   <trkpt lat="50.732141" lon="11.593439"><ele>192.25</ele></trkpt>
   <trkpt lat="50.732169" lon="11.593581"><ele>192.5</ele></trkpt>
   <trkpt lat="50.732258" lon="11.594217"><ele>192.75</ele></trkpt>
   <trkpt lat="50.732285" lon="11.594395"><ele>192.75</ele></trkpt>
   <trkpt lat="50.732314" lon="11.594538"><ele>192.75</ele></trkpt>
   <trkpt lat="50.732336" lon="11.594607"><ele>192.5</ele></trkpt>
   <trkpt lat="50.732381" lon="11.594707"><ele>192.5</ele></trkpt>
   <trkpt lat="50.732458" lon="11.594806"><ele>192.75</ele></trkpt>
   <trkpt lat="50.732696" lon="11.595063"><ele>193.75</ele></trkpt>
   <trkpt lat="50.732675" lon="11.595148"><ele>193.75</ele></trkpt>
   <trkpt lat="50.732562" lon="11.595377"><ele>194.25</ele></trkpt>
   <trkpt lat="50.73245" lon="11.595666"><ele>195.5</ele></trkpt>
   <trkpt lat="50.732351" lon="11.595949"><ele>195.5</ele></trkpt>
   <trkpt lat="50.732338" lon="11.596055"><ele>195.5</ele></trkpt>
   <trkpt lat="50.732325" lon="11.596474"><ele>198.5</ele></trkpt>
   <trkpt lat="50.732303" lon="11.596628"><ele>198.75</ele></trkpt>
   <trkpt lat="50.732267" lon="11.596814"><ele>197.75</ele></trkpt>
   <trkpt lat="50.73217" lon="11.597485"><ele>196.75</ele></trkpt>
   <trkpt lat="50.732059" lon="11.598129"><ele>196.25</ele></trkpt>
   <trkpt lat="50.731995" lon="11.59832"><ele>194.75</ele></trkpt>
   <trkpt lat="50.731876" lon="11.598728"><ele>194</ele></trkpt>
   <trkpt lat="50.731846" lon="11.598871"><ele>194.25</ele></trkpt>
   <trkpt lat="50.73182" lon="11.599153"><ele>194.5</ele></trkpt>
   <trkpt lat="50.731804" lon="11.599429"><ele>194.25</ele></trkpt>
   <trkpt lat="50.731769" lon="11.599767"><ele>194.5</ele></trkpt>
   <trkpt lat="50.731714" lon="11.600088"><ele>194</ele></trkpt>
   <trkpt lat="50.731629" lon="11.600401"><ele>194</ele></trkpt>
   <trkpt lat="50.731252" lon="11.601439"><ele>195.25</ele></trkpt>
   <trkpt lat="50.731112" lon="11.601786"><ele>194.75</ele></trkpt>
   <trkpt lat="50.73098" lon="11.602173"><ele>196.25</ele></trkpt>
   <trkpt lat="50.730845" lon="11.602574"><ele>196.25</ele></trkpt>
   <trkpt lat="50.730741" lon="11.602745"><ele>195.75</ele></trkpt>
   <trkpt lat="50.730399" lon="11.603117"><ele>196.25</ele></trkpt>
   <trkpt lat="50.729713" lon="11.604137"><ele>195.5</ele></trkpt>
   <trkpt lat="50.729341" lon="11.604763"><ele>196.5</ele></trkpt>
   <trkpt lat="50.728879" lon="11.606031"><ele>196.5</ele></trkpt>
   <trkpt lat="50.728771" lon="11.606259"><ele>197.5</ele></trkpt>
   <trkpt lat="50.728678" lon="11.606412"><ele>197.75</ele></trkpt>
   <trkpt lat="50.728482" lon="11.606488"><ele>197.5</ele></trkpt>
   <trkpt lat="50.728178" lon="11.606511"><ele>198.25</ele></trkpt>
   <trkpt lat="50.727977" lon="11.60664"><ele>198.25</ele></trkpt>
   <trkpt lat="50.727362" lon="11.607153"><ele>198</ele></trkpt>
   <trkpt lat="50.727158" lon="11.607431"><ele>199</ele></trkpt>
   <trkpt lat="50.727005" lon="11.607707"><ele>199.5</ele></trkpt>
   <trkpt lat="50.726902" lon="11.607836"><ele>199.75</ele></trkpt>
   <trkpt lat="50.726784" lon="11.607949"><ele>200.75</ele></trkpt>
   <trkpt lat="50.726635" lon="11.608094"><ele>202</ele></trkpt>
   <trkpt lat="50.725874" lon="11.608791"><ele>207</ele></trkpt>
   <trkpt lat="50.725284" lon="11.609371"><ele>202</ele></trkpt>
   <trkpt lat="50.725069" lon="11.609559"><ele>200.75</ele></trkpt>
   <trkpt lat="50.724898" lon="11.609641"><ele>200.5</ele></trkpt>
   <trkpt lat="50.724794" lon="11.609667"><ele>200.75</ele></trkpt>
   <trkpt lat="50.72217" lon="11.610336"><ele>202.75</ele></trkpt>
   <trkpt lat="50.721545" lon="11.61049"><ele>199.75</ele></trkpt>
   <trkpt lat="50.721191" lon="11.610535"><ele>199.75</ele></trkpt>
   <trkpt lat="50.721047" lon="11.610598"><ele>199.5</ele></trkpt>
   <trkpt lat="50.720879" lon="11.610745"><ele>199.5</ele></trkpt>
   <trkpt lat="50.720828" lon="11.610811"><ele>199.75</ele></trkpt>
   <trkpt lat="50.720635" lon="11.61076"><ele>199.5</ele></trkpt>
   <trkpt lat="50.720381" lon="11.610787"><ele>199.5</ele></trkpt>
   <trkpt lat="50.720041" lon="11.611007"><ele>200</ele></trkpt>
   <trkpt lat="50.719879" lon="11.611109"><ele>199.5</ele></trkpt>
   <trkpt lat="50.719305" lon="11.611468"><ele>198.75</ele></trkpt>
   <trkpt lat="50.71903" lon="11.611535"><ele>198.25</ele></trkpt>
   <trkpt lat="50.718919" lon="11.611512"><ele>198</ele></trkpt>
   <trkpt lat="50.718756" lon="11.611239"><ele>197.5</ele></trkpt>
   <trkpt lat="50.718632" lon="11.610952"><ele>197.75</ele></trkpt>
   <trkpt lat="50.718515" lon="11.610644"><ele>197.75</ele></trkpt>
   <trkpt lat="50.718489" lon="11.610413"><ele>198</ele></trkpt>
   <trkpt lat="50.718483" lon="11.609817"><ele>196.5</ele></trkpt>
   <trkpt lat="50.718467" lon="11.609514"><ele>197</ele></trkpt>
   <trkpt lat="50.718436" lon="11.609342"><ele>197.5</ele></trkpt>
   <trkpt lat="50.718341" lon="11.60901"><ele>197.75</ele></trkpt>
   <trkpt lat="50.718225" lon="11.608677"><ele>197</ele></trkpt>
   <trkpt lat="50.718033" lon="11.607992"><ele>197.75</ele></trkpt>
   <trkpt lat="50.717928" lon="11.607621"><ele>197.25</ele></trkpt>
   <trkpt lat="50.717757" lon="11.607121"><ele>197.75</ele></trkpt>
   <trkpt lat="50.717684" lon="11.606997"><ele>197.75</ele></trkpt>
   <trkpt lat="50.717517" lon="11.60676"><ele>197.75</ele></trkpt>
   <trkpt lat="50.717355" lon="11.606455"><ele>197.5</ele></trkpt>
   <trkpt lat="50.717229" lon="11.606144"><ele>198.75</ele></trkpt>
   <trkpt lat="50.717095" lon="11.605842"><ele>198.75</ele></trkpt>
   <trkpt lat="50.717" lon="11.605689"><ele>199.75</ele></trkpt>
   <trkpt lat="50.716891" lon="11.605574"><ele>201</ele></trkpt>
   <trkpt lat="50.716283" lon="11.606265"><ele>201.25</ele></trkpt>
   <trkpt lat="50.715632" lon="11.606945"><ele>201.5</ele></trkpt>
   <trkpt lat="50.715454" lon="11.607073"><ele>202</ele></trkpt>
   <trkpt lat="50.715328" lon="11.60715"><ele>202.5</ele></trkpt>
   <trkpt lat="50.715151" lon="11.607226"><ele>202.75</ele></trkpt>
   <trkpt lat="50.71491" lon="11.60725"><ele>203</ele></trkpt>
   <trkpt lat="50.714731" lon="11.607255"><ele>203.5</ele></trkpt>
   <trkpt lat="50.714467" lon="11.607349"><ele>204</ele></trkpt>
   <trkpt lat="50.713803" lon="11.607701"><ele>206.5</ele></trkpt>
   <trkpt lat="50.713643" lon="11.607756"><ele>206.25</ele></trkpt>
   <trkpt lat="50.71347" lon="11.607797"><ele>206.25</ele></trkpt>
   <trkpt lat="50.712886" lon="11.607858"><ele>204.75</ele></trkpt>
   <trkpt lat="50.712193" lon="11.607917"><ele>203.25</ele></trkpt>
   <trkpt lat="50.712178" lon="11.607675"><ele>204.5</ele></trkpt>
   <trkpt lat="50.712148" lon="11.607363"><ele>206.5</ele></trkpt>
   <trkpt lat="50.711991" lon="11.606512"><ele>211</ele></trkpt>
   <trkpt lat="50.711959" lon="11.60617"><ele>212.75</ele></trkpt>
   <trkpt lat="50.711947" lon="11.605829"><ele>215</ele></trkpt>
   <trkpt lat="50.71196" lon="11.605497"><ele>216.5</ele></trkpt>
   <trkpt lat="50.712051" lon="11.604816"><ele>221.75</ele></trkpt>
   <trkpt lat="50.712069" lon="11.60464"><ele>223</ele></trkpt>
   <trkpt lat="50.712058" lon="11.604451"><ele>224.25</ele></trkpt>
   <trkpt lat="50.712026" lon="11.604228"><ele>225.25</ele></trkpt>
   <trkpt lat="50.711952" lon="11.604044"><ele>225.75</ele></trkpt>
   <trkpt lat="50.711876" lon="11.603891"><ele>227</ele></trkpt>
   <trkpt lat="50.71179" lon="11.603801"><ele>227.75</ele></trkpt>
   <trkpt lat="50.711676" lon="11.60371"><ele>228.5</ele></trkpt>
   <trkpt lat="50.711158" lon="11.603423"><ele>230.5</ele></trkpt>
   <trkpt lat="50.711074" lon="11.603349"><ele>230.75</ele></trkpt>
   <trkpt lat="50.710965" lon="11.603253"><ele>231</ele></trkpt>
   <trkpt lat="50.710756" lon="11.603022"><ele>230.75</ele></trkpt>
   <trkpt lat="50.710585" lon="11.60274"><ele>231</ele></trkpt>
   <trkpt lat="50.710498" lon="11.602533"><ele>231.25</ele></trkpt>
   <trkpt lat="50.710528" lon="11.602499"><ele>231.5</ele></trkpt>
   <trkpt lat="50.710542" lon="11.602445"><ele>231.75</ele></trkpt>
   <trkpt lat="50.710535" lon="11.602386"><ele>231.75</ele></trkpt>
   <trkpt lat="50.710524" lon="11.602361"><ele>231.75</ele></trkpt>
   <trkpt lat="50.710491" lon="11.602331"><ele>231.5</ele></trkpt>
   <trkpt lat="50.710473" lon="11.602328"><ele>231.25</ele></trkpt>
   <trkpt lat="50.710439" lon="11.602344"><ele>231</ele></trkpt>
   <trkpt lat="50.710426" lon="11.602362"><ele>231</ele></trkpt>
   <trkpt lat="50.710408" lon="11.602429"><ele>230.5</ele></trkpt>
   <trkpt lat="50.709854" lon="11.602018"><ele>228.25</ele></trkpt>
   <trkpt lat="50.709727" lon="11.60197"><ele>227.75</ele></trkpt>
   <trkpt lat="50.709472" lon="11.601951"><ele>228.75</ele></trkpt>
   <trkpt lat="50.709334" lon="11.601925"><ele>229.5</ele></trkpt>
   <trkpt lat="50.709059" lon="11.601805"><ele>230.25</ele></trkpt>
   <trkpt lat="50.708909" lon="11.601789"><ele>230</ele></trkpt>
   <trkpt lat="50.708605" lon="11.601825"><ele>231</ele></trkpt>
   <trkpt lat="50.708496" lon="11.60181"><ele>231.75</ele></trkpt>
   <trkpt lat="50.708005" lon="11.601642"><ele>234</ele></trkpt>
   <trkpt lat="50.707928" lon="11.60165"><ele>234</ele></trkpt>
   <trkpt lat="50.707771" lon="11.601722"><ele>233.75</ele></trkpt>
   <trkpt lat="50.707694" lon="11.60172"><ele>233.5</ele></trkpt>
   <trkpt lat="50.707026" lon="11.601035"><ele>233</ele></trkpt>
   <trkpt lat="50.70664" lon="11.600699"><ele>230.75</ele></trkpt>
   <trkpt lat="50.706086" lon="11.600411"><ele>227.25</ele></trkpt>
   <trkpt lat="50.705913" lon="11.60036"><ele>226</ele></trkpt>
   <trkpt lat="50.705809" lon="11.600349"><ele>225</ele></trkpt>
   <trkpt lat="50.704555" lon="11.600397"><ele>217</ele></trkpt>
   <trkpt lat="50.704797" lon="11.600047"><ele>217.5</ele></trkpt>
   <trkpt lat="50.704939" lon="11.599818"><ele>217.25</ele></trkpt>
   <trkpt lat="50.705083" lon="11.599544"><ele>217.75</ele></trkpt>
   <trkpt lat="50.705191" lon="11.599313"><ele>218</ele></trkpt>
   <trkpt lat="50.705304" lon="11.599017"><ele>218</ele></trkpt>
   <trkpt lat="50.705443" lon="11.598578"><ele>219.25</ele></trkpt>
   <trkpt lat="50.705518" lon="11.598233"><ele>220</ele></trkpt>
   <trkpt lat="50.7056" lon="11.597865"><ele>221</ele></trkpt>
   <trkpt lat="50.705644" lon="11.597548"><ele>221.5</ele></trkpt>
   <trkpt lat="50.705653" lon="11.59729"><ele>223.25</ele></trkpt>
   <trkpt lat="50.705642" lon="11.597001"><ele>225.5</ele></trkpt>
   <trkpt lat="50.705618" lon="11.596671"><ele>226</ele></trkpt>
   <trkpt lat="50.705566" lon="11.596205"><ele>226</ele></trkpt>
   <trkpt lat="50.705419" lon="11.595346"><ele>227.75</ele></trkpt>
   <trkpt lat="50.705371" lon="11.595072"><ele>227.25</ele></trkpt>
   <trkpt lat="50.705355" lon="11.594897"><ele>227.25</ele></trkpt>
   <trkpt lat="50.705352" lon="11.594439"><ele>229</ele></trkpt>
   <trkpt lat="50.705362" lon="11.594048"><ele>229.75</ele></trkpt>
   <trkpt lat="50.705381" lon="11.59382"><ele>230</ele></trkpt>
   <trkpt lat="50.705414" lon="11.593635"><ele>230.25</ele></trkpt>
   <trkpt lat="50.705466" lon="11.593459"><ele>231</ele></trkpt>
   <trkpt lat="50.70554" lon="11.593192"><ele>231.75</ele></trkpt>
   <trkpt lat="50.705648" lon="11.592871"><ele>232.5</ele></trkpt>
   <trkpt lat="50.705823" lon="11.592423"><ele>233.25</ele></trkpt>
   <trkpt lat="50.705909" lon="11.592245"><ele>233.75</ele></trkpt>
   <trkpt lat="50.706068" lon="11.591967"><ele>234.5</ele></trkpt>
   <trkpt lat="50.70618" lon="11.591743"><ele>235</ele></trkpt>
   <trkpt lat="50.706301" lon="11.591455"><ele>235.25</ele></trkpt>
   <trkpt lat="50.706368" lon="11.591228"><ele>235.5</ele></trkpt>
   <trkpt lat="50.706411" lon="11.591045"><ele>236.25</ele></trkpt>
   <trkpt lat="50.706635" lon="11.58989"><ele>237.75</ele></trkpt>
   <trkpt lat="50.706741" lon="11.589414"><ele>238.5</ele></trkpt>
   <trkpt lat="50.706829" lon="11.589079"><ele>238.75</ele></trkpt>
   <trkpt lat="50.706875" lon="11.588949"><ele>238.75</ele></trkpt>
   <trkpt lat="50.70692" lon="11.588883"><ele>238.75</ele></trkpt>
   <trkpt lat="50.706985" lon="11.588847"><ele>239</ele></trkpt>
   <trkpt lat="50.707053" lon="11.588856"><ele>239.25</ele></trkpt>
   <trkpt lat="50.707527" lon="11.58902"><ele>240.5</ele></trkpt>
   <trkpt lat="50.70769" lon="11.589018"><ele>241.75</ele></trkpt>
   <trkpt lat="50.707835" lon="11.588974"><ele>242.75</ele></trkpt>
   <trkpt lat="50.708045" lon="11.58881"><ele>242.5</ele></trkpt>
   <trkpt lat="50.708294" lon="11.588535"><ele>244.5</ele></trkpt>
   <trkpt lat="50.708532" lon="11.588183"><ele>245.75</ele></trkpt>
   <trkpt lat="50.708646" lon="11.588009"><ele>246.25</ele></trkpt>
   <trkpt lat="50.708757" lon="11.587616"><ele>247.5</ele></trkpt>
   <trkpt lat="50.708813" lon="11.587465"><ele>248</ele></trkpt>
   <trkpt lat="50.708963" lon="11.585811"><ele>250.25</ele></trkpt>
   <trkpt lat="50.70899" lon="11.585567"><ele>250.25</ele></trkpt>
   <trkpt lat="50.708821" lon="11.585506"><ele>250.25</ele></trkpt>
   <trkpt lat="50.708691" lon="11.585498"><ele>250.75</ele></trkpt>
   <trkpt lat="50.708527" lon="11.585525"><ele>251.5</ele></trkpt>
   <trkpt lat="50.708333" lon="11.585606"><ele>252.5</ele></trkpt>
   <trkpt lat="50.70805" lon="11.585758"><ele>255.5</ele></trkpt>
   <trkpt lat="50.707837" lon="11.585883"><ele>257.75</ele></trkpt>
   <trkpt lat="50.707717" lon="11.58592"><ele>259.25</ele></trkpt>
   <trkpt lat="50.70746" lon="11.585905"><ele>261.75</ele></trkpt>
   <trkpt lat="50.707328" lon="11.585852"><ele>262.5</ele></trkpt>
   <trkpt lat="50.70724" lon="11.585775"><ele>263</ele></trkpt>
   <trkpt lat="50.707159" lon="11.58566"><ele>263.25</ele></trkpt>
   <trkpt lat="50.707099" lon="11.585519"><ele>263.5</ele></trkpt>
   <trkpt lat="50.706963" lon="11.585038"><ele>265.75</ele></trkpt>
   <trkpt lat="50.706874" lon="11.584569"><ele>267.75</ele></trkpt>
   <trkpt lat="50.706746" lon="11.583598"><ele>272.75</ele></trkpt>
   <trkpt lat="50.706674" lon="11.582749"><ele>271</ele></trkpt>
   <trkpt lat="50.706611" lon="11.58232"><ele>269.75</ele></trkpt>
   <trkpt lat="50.706573" lon="11.581884"><ele>268.5</ele></trkpt>
   <trkpt lat="50.706545" lon="11.580957"><ele>267.75</ele></trkpt>
   <trkpt lat="50.706527" lon="11.580758"><ele>268</ele></trkpt>
   <trkpt lat="50.706486" lon="11.580682"><ele>268</ele></trkpt>
   <trkpt lat="50.706426" lon="11.580611"><ele>267.75</ele></trkpt>
   <trkpt lat="50.70607" lon="11.58047"><ele>269.25</ele></trkpt>
   <trkpt lat="50.705964" lon="11.580412"><ele>270</ele></trkpt>
   <trkpt lat="50.705687" lon="11.580205"><ele>271.25</ele></trkpt>
   <trkpt lat="50.705555" lon="11.580076"><ele>271.5</ele></trkpt>
   <trkpt lat="50.705117" lon="11.579473"><ele>273.75</ele></trkpt>
   <trkpt lat="50.704744" lon="11.579785"><ele>273.5</ele></trkpt>
   <trkpt lat="50.704612" lon="11.579829"><ele>274</ele></trkpt>
   <trkpt lat="50.704687" lon="11.579577"><ele>274</ele></trkpt>
   <trkpt lat="50.7049" lon="11.578177"><ele>276</ele></trkpt>
   <trkpt lat="50.705131" lon="11.57655"><ele>281</ele></trkpt>
   <trkpt lat="50.705163" lon="11.57639"><ele>281.5</ele></trkpt>
   <trkpt lat="50.705212" lon="11.576261"><ele>281.75</ele></trkpt>
   <trkpt lat="50.705356" lon="11.576055"><ele>282</ele></trkpt>
   <trkpt lat="50.705603" lon="11.575842"><ele>281.75</ele></trkpt>
   <trkpt lat="50.705719" lon="11.575698"><ele>281.25</ele></trkpt>
   <trkpt lat="50.705882" lon="11.575387"><ele>281.5</ele></trkpt>
   <trkpt lat="50.706503" lon="11.574136"><ele>284</ele></trkpt>
   <trkpt lat="50.707366" lon="11.572369"><ele>287</ele></trkpt>
   <trkpt lat="50.707441" lon="11.572213"><ele>287</ele></trkpt>
   <trkpt lat="50.707704" lon="11.571645"><ele>286.25</ele></trkpt>
   <trkpt lat="50.708011" lon="11.571016"><ele>285</ele></trkpt>
   <trkpt lat="50.708104" lon="11.570807"><ele>284.5</ele></trkpt>
   <trkpt lat="50.7082" lon="11.570585"><ele>283.75</ele></trkpt>
   <trkpt lat="50.708301" lon="11.570316"><ele>283.75</ele></trkpt>
   <trkpt lat="50.708405" lon="11.569999"><ele>283.5</ele></trkpt>
   <trkpt lat="50.708597" lon="11.569344"><ele>284</ele></trkpt>
   <trkpt lat="50.708653" lon="11.569113"><ele>284</ele></trkpt>
   <trkpt lat="50.708681" lon="11.56854"><ele>284.25</ele></trkpt>
   <trkpt lat="50.708701" lon="11.567948"><ele>284.25</ele></trkpt>
   <trkpt lat="50.708703" lon="11.567655"><ele>284</ele></trkpt>
   <trkpt lat="50.708671" lon="11.567353"><ele>283.5</ele></trkpt>
   <trkpt lat="50.708545" lon="11.56647"><ele>281</ele></trkpt>
   <trkpt lat="50.708234" lon="11.564466"><ele>274.5</ele></trkpt>
   <trkpt lat="50.70795" lon="11.562366"><ele>272</ele></trkpt>
   <trkpt lat="50.707895" lon="11.561817"><ele>272.5</ele></trkpt>
   <trkpt lat="50.707877" lon="11.561462"><ele>273</ele></trkpt>
   <trkpt lat="50.70788" lon="11.561141"><ele>272.75</ele></trkpt>
   <trkpt lat="50.707896" lon="11.560637"><ele>271.25</ele></trkpt>
   <trkpt lat="50.707956" lon="11.558789"><ele>274.75</ele></trkpt>
   <trkpt lat="50.707954" lon="11.558421"><ele>275.5</ele></trkpt>
   <trkpt lat="50.70793" lon="11.558108"><ele>277.75</ele></trkpt>
   <trkpt lat="50.707966" lon="11.557785"><ele>279.25</ele></trkpt>
   <trkpt lat="50.708039" lon="11.55739"><ele>280.5</ele></trkpt>
   <trkpt lat="50.708252" lon="11.556503"><ele>283</ele></trkpt>
   <trkpt lat="50.708429" lon="11.555961"><ele>284.5</ele></trkpt>
   <trkpt lat="50.708746" lon="11.555323"><ele>288</ele></trkpt>
   <trkpt lat="50.709166" lon="11.554688"><ele>292.75</ele></trkpt>
   <trkpt lat="50.709225" lon="11.554476"><ele>293.75</ele></trkpt>
   <trkpt lat="50.709254" lon="11.55423"><ele>295.25</ele></trkpt>
   <trkpt lat="50.709262" lon="11.554017"><ele>297</ele></trkpt>
   <trkpt lat="50.709256" lon="11.553842"><ele>298.75</ele></trkpt>
   <trkpt lat="50.709209" lon="11.553312"><ele>302.75</ele></trkpt>
   <trkpt lat="50.709174" lon="11.552753"><ele>304</ele></trkpt>
   <trkpt lat="50.709214" lon="11.552286"><ele>306.75</ele></trkpt>
   <trkpt lat="50.709256" lon="11.552069"><ele>307.5</ele></trkpt>
   <trkpt lat="50.709417" lon="11.551702"><ele>308.5</ele></trkpt>
   <trkpt lat="50.709534" lon="11.551364"><ele>309</ele></trkpt>
   <trkpt lat="50.709565" lon="11.551184"><ele>309.25</ele></trkpt>
   <trkpt lat="50.709581" lon="11.550784"><ele>309</ele></trkpt>
   <trkpt lat="50.709586" lon="11.550211"><ele>310.75</ele></trkpt>
   <trkpt lat="50.70964" lon="11.54963"><ele>311.75</ele></trkpt>
   <trkpt lat="50.7097" lon="11.549344"><ele>311</ele></trkpt>
   <trkpt lat="50.709784" lon="11.549043"><ele>309.75</ele></trkpt>
   <trkpt lat="50.709877" lon="11.548831"><ele>309.25</ele></trkpt>
   <trkpt lat="50.710088" lon="11.548409"><ele>308</ele></trkpt>
   <trkpt lat="50.710258" lon="11.548046"><ele>307.75</ele></trkpt>
   <trkpt lat="50.71052" lon="11.547391"><ele>306.75</ele></trkpt>
   <trkpt lat="50.710668" lon="11.546899"><ele>306</ele></trkpt>
   <trkpt lat="50.710798" lon="11.546235"><ele>305.75</ele></trkpt>
   <trkpt lat="50.710869" lon="11.54566"><ele>305.25</ele></trkpt>
   <trkpt lat="50.710899" lon="11.545244"><ele>304.75</ele></trkpt>
   <trkpt lat="50.710888" lon="11.544949"><ele>304.75</ele></trkpt>
   <trkpt lat="50.710852" lon="11.544645"><ele>305</ele></trkpt>
   <trkpt lat="50.710709" lon="11.543851"><ele>305</ele></trkpt>
   <trkpt lat="50.710668" lon="11.54348"><ele>305</ele></trkpt>
   <trkpt lat="50.710653" lon="11.543141"><ele>305.25</ele></trkpt>
   <trkpt lat="50.710671" lon="11.542958"><ele>305.5</ele></trkpt>
   <trkpt lat="50.710714" lon="11.542728"><ele>305.5</ele></trkpt>
   <trkpt lat="50.710796" lon="11.542498"><ele>306</ele></trkpt>
   <trkpt lat="50.71089" lon="11.542306"><ele>305.75</ele></trkpt>
   <trkpt lat="50.711147" lon="11.541836"><ele>305.75</ele></trkpt>
   <trkpt lat="50.711398" lon="11.541377"><ele>304.75</ele></trkpt>
   <trkpt lat="50.711515" lon="11.541148"><ele>304.5</ele></trkpt>
   <trkpt lat="50.711661" lon="11.540618"><ele>305</ele></trkpt>
   <trkpt lat="50.711742" lon="11.540285"><ele>304.25</ele></trkpt>
   <trkpt lat="50.711779" lon="11.539996"><ele>304</ele></trkpt>
   <trkpt lat="50.711807" lon="11.539241"><ele>303.75</ele></trkpt>
   <trkpt lat="50.711841" lon="11.539088"><ele>303.5</ele></trkpt>
   <trkpt lat="50.711908" lon="11.538976"><ele>303</ele></trkpt>
   <trkpt lat="50.711946" lon="11.538927"><ele>302.75</ele></trkpt>
   <trkpt lat="50.712142" lon="11.538873"><ele>302.25</ele></trkpt>
   <trkpt lat="50.712354" lon="11.538927"><ele>302.25</ele></trkpt>
   <trkpt lat="50.712529" lon="11.539169"><ele>302</ele></trkpt>
   <trkpt lat="50.712622" lon="11.539276"><ele>302</ele></trkpt>
   <trkpt lat="50.712727" lon="11.539359"><ele>302</ele></trkpt>
   <trkpt lat="50.712903" lon="11.539433"><ele>302.75</ele></trkpt>
   <trkpt lat="50.713002" lon="11.539485"><ele>303.25</ele></trkpt>
   <trkpt lat="50.713072" lon="11.539551"><ele>303.5</ele></trkpt>
   <trkpt lat="50.713226" lon="11.539627"><ele>303.75</ele></trkpt>
   <trkpt lat="50.713686" lon="11.53996"><ele>303.75</ele></trkpt>
   <trkpt lat="50.714016" lon="11.540109"><ele>302.75</ele></trkpt>
   <trkpt lat="50.714241" lon="11.540167"><ele>302</ele></trkpt>
   <trkpt lat="50.714508" lon="11.540203"><ele>300.25</ele></trkpt>
   <trkpt lat="50.715068" lon="11.540203"><ele>297.75</ele></trkpt>
   <trkpt lat="50.715574" lon="11.540181"><ele>295.75</ele></trkpt>
   <trkpt lat="50.717279" lon="11.539994"><ele>287.75</ele></trkpt>
   <trkpt lat="50.717393" lon="11.540003"><ele>287.25</ele></trkpt>
   <trkpt lat="50.717493" lon="11.540069"><ele>286.75</ele></trkpt>
   <trkpt lat="50.717595" lon="11.540177"><ele>286</ele></trkpt>
   <trkpt lat="50.717673" lon="11.540277"><ele>286</ele></trkpt>
   <trkpt lat="50.717723" lon="11.540367"><ele>286</ele></trkpt>
   <trkpt lat="50.717822" lon="11.540573"><ele>285.75</ele></trkpt>
   <trkpt lat="50.717864" lon="11.540669"><ele>285.75</ele></trkpt>
   <trkpt lat="50.717961" lon="11.540859"><ele>286</ele></trkpt>
   <trkpt lat="50.718035" lon="11.540966"><ele>286.25</ele></trkpt>
   <trkpt lat="50.718129" lon="11.541028"><ele>286.5</ele></trkpt>
   <trkpt lat="50.718253" lon="11.541043"><ele>286.5</ele></trkpt>
   <trkpt lat="50.718393" lon="11.541038"><ele>286.25</ele></trkpt>
   <trkpt lat="50.718587" lon="11.541064"><ele>286.5</ele></trkpt>
   <trkpt lat="50.718762" lon="11.541086"><ele>286.25</ele></trkpt>
   <trkpt lat="50.719239" lon="11.541218"><ele>284.5</ele></trkpt>
   <trkpt lat="50.719427" lon="11.541218"><ele>284.25</ele></trkpt>
   <trkpt lat="50.719693" lon="11.54117"><ele>285</ele></trkpt>
   <trkpt lat="50.720422" lon="11.540832"><ele>284</ele></trkpt>
   <trkpt lat="50.721343" lon="11.540253"><ele>280.25</ele></trkpt>
   <trkpt lat="50.721683" lon="11.540086"><ele>279.5</ele></trkpt>
   <trkpt lat="50.722197" lon="11.539965"><ele>276.5</ele></trkpt>
   <trkpt lat="50.722358" lon="11.539887"><ele>277</ele></trkpt>
   <trkpt lat="50.722461" lon="11.539824"><ele>276.5</ele></trkpt>
   <trkpt lat="50.72255" lon="11.539752"><ele>275.5</ele></trkpt>
   <trkpt lat="50.723229" lon="11.539123"><ele>274</ele></trkpt>
   <trkpt lat="50.723413" lon="11.538987"><ele>273.25</ele></trkpt>
   <trkpt lat="50.723721" lon="11.538814"><ele>272</ele></trkpt>
   <trkpt lat="50.723812" lon="11.538787"><ele>272</ele></trkpt>
   <trkpt lat="50.723908" lon="11.538779"><ele>272</ele></trkpt>
   <trkpt lat="50.724049" lon="11.538796"><ele>270.75</ele></trkpt>
   <trkpt lat="50.724342" lon="11.538964"><ele>270.5</ele></trkpt>
   <trkpt lat="50.724488" lon="11.539076"><ele>270.25</ele></trkpt>
   <trkpt lat="50.724565" lon="11.539133"><ele>270</ele></trkpt>
   <trkpt lat="50.724661" lon="11.539201"><ele>269.5</ele></trkpt>
   <trkpt lat="50.724965" lon="11.539366"><ele>269</ele></trkpt>
   <trkpt lat="50.725079" lon="11.53943"><ele>269</ele></trkpt>
   <trkpt lat="50.725128" lon="11.539431"><ele>269</ele></trkpt>
   <trkpt lat="50.725166" lon="11.53942"><ele>269</ele></trkpt>
   <trkpt lat="50.725208" lon="11.539383"><ele>269</ele></trkpt>
   <trkpt lat="50.725241" lon="11.539325"><ele>269</ele></trkpt>
   <trkpt lat="50.725273" lon="11.539223"><ele>269</ele></trkpt>
   <trkpt lat="50.725419" lon="11.538403"><ele>269.75</ele></trkpt>
   <trkpt lat="50.725434" lon="11.538228"><ele>270</ele></trkpt>
   <trkpt lat="50.72544" lon="11.538078"><ele>270.25</ele></trkpt>
   <trkpt lat="50.725432" lon="11.537933"><ele>270.5</ele></trkpt>
   <trkpt lat="50.725403" lon="11.537773"><ele>271</ele></trkpt>
   <trkpt lat="50.725346" lon="11.537548"><ele>271.75</ele></trkpt>
   <trkpt lat="50.725212" lon="11.537085"><ele>272.25</ele></trkpt>
   <trkpt lat="50.725022" lon="11.536402"><ele>273</ele></trkpt>
   <trkpt lat="50.724959" lon="11.536226"><ele>273.25</ele></trkpt>
   <trkpt lat="50.724727" lon="11.53569"><ele>274.5</ele></trkpt>
   <trkpt lat="50.724435" lon="11.535055"><ele>275.75</ele></trkpt>
   <trkpt lat="50.724256" lon="11.534598"><ele>276</ele></trkpt>
   <trkpt lat="50.724114" lon="11.534116"><ele>277</ele></trkpt>
   <trkpt lat="50.724031" lon="11.533724"><ele>277.25</ele></trkpt>
   <trkpt lat="50.724001" lon="11.533419"><ele>277.5</ele></trkpt>
   <trkpt lat="50.723976" lon="11.533024"><ele>278.5</ele></trkpt>
   <trkpt lat="50.723948" lon="11.532386"><ele>280</ele></trkpt>
   <trkpt lat="50.723923" lon="11.532023"><ele>281.5</ele></trkpt>
   <trkpt lat="50.723418" lon="11.528504"><ele>291.5</ele></trkpt>
   <trkpt lat="50.7234" lon="11.528287"><ele>292.25</ele></trkpt>
   <trkpt lat="50.7234" lon="11.528087"><ele>293</ele></trkpt>
   <trkpt lat="50.723416" lon="11.527762"><ele>294.25</ele></trkpt>
   <trkpt lat="50.723411" lon="11.527412"><ele>295.75</ele></trkpt>
   <trkpt lat="50.723386" lon="11.527151"><ele>296.75</ele></trkpt>
   <trkpt lat="50.723365" lon="11.527028"><ele>297</ele></trkpt>
   <trkpt lat="50.722919" lon="11.525807"><ele>297</ele></trkpt>
   <trkpt lat="50.722882" lon="11.52555"><ele>296.75</ele></trkpt>
   <trkpt lat="50.72289" lon="11.525388"><ele>296.75</ele></trkpt>
   <trkpt lat="50.723195" lon="11.524191"><ele>301.25</ele></trkpt>
   <trkpt lat="50.723308" lon="11.52393"><ele>303.5</ele></trkpt>
   <trkpt lat="50.723419" lon="11.523781"><ele>304.5</ele></trkpt>
   <trkpt lat="50.723744" lon="11.52355"><ele>305.5</ele></trkpt>
   <trkpt lat="50.724112" lon="11.523289"><ele>307</ele></trkpt>
   <trkpt lat="50.724175" lon="11.523244"><ele>307</ele></trkpt>
   <trkpt lat="50.724272" lon="11.523149"><ele>307</ele></trkpt>
   <trkpt lat="50.724348" lon="11.523022"><ele>307</ele></trkpt>
   <trkpt lat="50.724402" lon="11.522902"><ele>307</ele></trkpt>
   <trkpt lat="50.724536" lon="11.522464"><ele>305.5</ele></trkpt>
   <trkpt lat="50.724614" lon="11.522268"><ele>304.75</ele></trkpt>
   <trkpt lat="50.724706" lon="11.522125"><ele>303.75</ele></trkpt>
   <trkpt lat="50.724837" lon="11.522013"><ele>302.25</ele></trkpt>
   <trkpt lat="50.724918" lon="11.521975"><ele>301.5</ele></trkpt>
   <trkpt lat="50.72511" lon="11.521993"><ele>300</ele></trkpt>
   <trkpt lat="50.725173" lon="11.522014"><ele>299.5</ele></trkpt>
   <trkpt lat="50.725413" lon="11.522203"><ele>297.5</ele></trkpt>
   <trkpt lat="50.725595" lon="11.522232"><ele>296</ele></trkpt>
   <trkpt lat="50.72571" lon="11.522185"><ele>295</ele></trkpt>
   <trkpt lat="50.725836" lon="11.522069"><ele>293.25</ele></trkpt>
   <trkpt lat="50.725967" lon="11.521906"><ele>292</ele></trkpt>
   <trkpt lat="50.726559" lon="11.521115"><ele>284.25</ele></trkpt>
   <trkpt lat="50.72667" lon="11.521031"><ele>283.75</ele></trkpt>
   <trkpt lat="50.727002" lon="11.520934"><ele>281.25</ele></trkpt>
   <trkpt lat="50.727126" lon="11.520825"><ele>279.75</ele></trkpt>
   <trkpt lat="50.727401" lon="11.520338"><ele>276</ele></trkpt>
   <trkpt lat="50.727675" lon="11.519878"><ele>271</ele></trkpt>
   <trkpt lat="50.727831" lon="11.519682"><ele>268.5</ele></trkpt>
   <trkpt lat="50.728261" lon="11.519363"><ele>265.25</ele></trkpt>
   <trkpt lat="50.728396" lon="11.519334"><ele>264.25</ele></trkpt>
   <trkpt lat="50.72866" lon="11.519386"><ele>263.5</ele></trkpt>
   <trkpt lat="50.728704" lon="11.519353"><ele>263.75</ele></trkpt>
   <trkpt lat="50.728791" lon="11.519287"><ele>264.25</ele></trkpt>
   <trkpt lat="50.729054" lon="11.518701"><ele>256.75</ele></trkpt>
   <trkpt lat="50.729211" lon="11.518612"><ele>255.5</ele></trkpt>
   <trkpt lat="50.72937" lon="11.518601"><ele>254.25</ele></trkpt>
   <trkpt lat="50.729517" lon="11.518728"><ele>254</ele></trkpt>
   <trkpt lat="50.729632" lon="11.518939"><ele>254.25</ele></trkpt>
   <trkpt lat="50.7297" lon="11.519018"><ele>253.75</ele></trkpt>
   <trkpt lat="50.729792" lon="11.519018"><ele>251.25</ele></trkpt>
   <trkpt lat="50.729824" lon="11.518928"><ele>249</ele></trkpt>
   <trkpt lat="50.729824" lon="11.518823"><ele>248</ele></trkpt>
   <trkpt lat="50.729806" lon="11.518648"><ele>247.25</ele></trkpt>
   <trkpt lat="50.729769" lon="11.518485"><ele>246.25</ele></trkpt>
   <trkpt lat="50.729691" lon="11.518358"><ele>246.75</ele></trkpt>
   <trkpt lat="50.729347" lon="11.517912"><ele>243.5</ele></trkpt>
   <trkpt lat="50.729294" lon="11.517809"><ele>242.25</ele></trkpt>
   <trkpt lat="50.729279" lon="11.51772"><ele>241.5</ele></trkpt>
   <trkpt lat="50.729282" lon="11.517602"><ele>240.5</ele></trkpt>
   <trkpt lat="50.729345" lon="11.517326"><ele>238.75</ele></trkpt>
   <trkpt lat="50.729332" lon="11.517069"><ele>237.5</ele></trkpt>
   <trkpt lat="50.729309" lon="11.516836"><ele>236.75</ele></trkpt>
   <trkpt lat="50.729267" lon="11.516692"><ele>237</ele></trkpt>
   <trkpt lat="50.72919" lon="11.516483"><ele>237</ele></trkpt>
   <trkpt lat="50.729162" lon="11.516423"><ele>237</ele></trkpt>
   <trkpt lat="50.729106" lon="11.516302"><ele>237</ele></trkpt>
   <trkpt lat="50.728956" lon="11.516034"><ele>237</ele></trkpt>
   <trkpt lat="50.728917" lon="11.515979"><ele>237.25</ele></trkpt>
   <trkpt lat="50.728716" lon="11.515695"><ele>238</ele></trkpt>
   <trkpt lat="50.728357" lon="11.515347"><ele>238.5</ele></trkpt>
   <trkpt lat="50.728001" lon="11.51507"><ele>239</ele></trkpt>
   <trkpt lat="50.727746" lon="11.514837"><ele>239.5</ele></trkpt>
   <trkpt lat="50.727694" lon="11.514764"><ele>239.75</ele></trkpt>
   <trkpt lat="50.72746" lon="11.514418"><ele>240</ele></trkpt>
   <trkpt lat="50.72732" lon="11.514264"><ele>240.75</ele></trkpt>
   <trkpt lat="50.727085" lon="11.514071"><ele>242.25</ele></trkpt>
   <trkpt lat="50.726914" lon="11.513891"><ele>242.75</ele></trkpt>
   <trkpt lat="50.726753" lon="11.51367"><ele>243.25</ele></trkpt>
   <trkpt lat="50.726542" lon="11.51332"><ele>244.75</ele></trkpt>
   <trkpt lat="50.726296" lon="11.512837"><ele>247</ele></trkpt>
   <trkpt lat="50.725869" lon="11.511746"><ele>249.25</ele></trkpt>
   <trkpt lat="50.725742" lon="11.511419"><ele>250.75</ele></trkpt>
   <trkpt lat="50.72542" lon="11.510588"><ele>252.75</ele></trkpt>
   <trkpt lat="50.725356" lon="11.510423"><ele>253</ele></trkpt>
   <trkpt lat="50.725268" lon="11.510087"><ele>253.5</ele></trkpt>
   <trkpt lat="50.725198" lon="11.509817"><ele>253.75</ele></trkpt>
   <trkpt lat="50.725029" lon="11.509303"><ele>252.5</ele></trkpt>
   <trkpt lat="50.724861" lon="11.508825"><ele>252.5</ele></trkpt>
   <trkpt lat="50.724754" lon="11.508533"><ele>251.5</ele></trkpt>
   <trkpt lat="50.72467" lon="11.508269"><ele>251</ele></trkpt>
   <trkpt lat="50.724621" lon="11.50806"><ele>251.25</ele></trkpt>
   <trkpt lat="50.724569" lon="11.507794"><ele>251.25</ele></trkpt>
   <trkpt lat="50.72454" lon="11.507575"><ele>251.25</ele></trkpt>
   <trkpt lat="50.724532" lon="11.507414"><ele>251.25</ele></trkpt>
   <trkpt lat="50.72455" lon="11.506772"><ele>252</ele></trkpt>
   <trkpt lat="50.724532" lon="11.506474"><ele>252.75</ele></trkpt>
   <trkpt lat="50.724499" lon="11.506249"><ele>252.75</ele></trkpt>
   <trkpt lat="50.724443" lon="11.506042"><ele>252.25</ele></trkpt>
   <trkpt lat="50.72437" lon="11.505871"><ele>253.25</ele></trkpt>
   <trkpt lat="50.724023" lon="11.505148"><ele>255.75</ele></trkpt>
   <trkpt lat="50.724007" lon="11.505119"><ele>255.75</ele></trkpt>
   <trkpt lat="50.723942" lon="11.505006"><ele>255.5</ele></trkpt>
   <trkpt lat="50.72385" lon="11.504892"><ele>256.25</ele></trkpt>
   <trkpt lat="50.723746" lon="11.504786"><ele>256.75</ele></trkpt>
   <trkpt lat="50.723656" lon="11.504672"><ele>257</ele></trkpt>
   <trkpt lat="50.723415" lon="11.504337"><ele>258.5</ele></trkpt>
   <trkpt lat="50.723355" lon="11.50428"><ele>258.5</ele></trkpt>
   <trkpt lat="50.723164" lon="11.504102"><ele>259</ele></trkpt>
   <trkpt lat="50.722932" lon="11.503911"><ele>259.25</ele></trkpt>
   <trkpt lat="50.722816" lon="11.503843"><ele>258.75</ele></trkpt>
   <trkpt lat="50.722654" lon="11.503783"><ele>258.75</ele></trkpt>
   <trkpt lat="50.722495" lon="11.503745"><ele>259</ele></trkpt>
   <trkpt lat="50.722163" lon="11.503686"><ele>259.25</ele></trkpt>
   <trkpt lat="50.721999" lon="11.503623"><ele>259.75</ele></trkpt>
   <trkpt lat="50.721482" lon="11.503271"><ele>261.75</ele></trkpt>
   <trkpt lat="50.720979" lon="11.502845"><ele>263</ele></trkpt>
   <trkpt lat="50.720804" lon="11.502681"><ele>263.5</ele></trkpt>
   <trkpt lat="50.720491" lon="11.502384"><ele>265</ele></trkpt>
   <trkpt lat="50.720155" lon="11.502056"><ele>265.25</ele></trkpt>
   <trkpt lat="50.720126" lon="11.502026"><ele>265.25</ele></trkpt>
   <trkpt lat="50.72003" lon="11.501915"><ele>264.5</ele></trkpt>
   <trkpt lat="50.719961" lon="11.501807"><ele>264.75</ele></trkpt>
   <trkpt lat="50.719899" lon="11.501676"><ele>265</ele></trkpt>
   <trkpt lat="50.719837" lon="11.501508"><ele>265.75</ele></trkpt>
   <trkpt lat="50.719791" lon="11.501325"><ele>266.25</ele></trkpt>
   <trkpt lat="50.719738" lon="11.501041"><ele>266.5</ele></trkpt>
   <trkpt lat="50.719708" lon="11.500796"><ele>267.25</ele></trkpt>
   <trkpt lat="50.719669" lon="11.500673"><ele>268</ele></trkpt>
   <trkpt lat="50.719603" lon="11.500558"><ele>268.5</ele></trkpt>
   <trkpt lat="50.719339" lon="11.500183"><ele>271.75</ele></trkpt>
   <trkpt lat="50.719119" lon="11.499864"><ele>272.25</ele></trkpt>
   <trkpt lat="50.718703" lon="11.499109"><ele>274.25</ele></trkpt>
   <trkpt lat="50.71857" lon="11.498885"><ele>274.5</ele></trkpt>
   <trkpt lat="50.718539" lon="11.498781"><ele>276</ele></trkpt>
   <trkpt lat="50.718498" lon="11.498714"><ele>276.75</ele></trkpt>
   <trkpt lat="50.7182" lon="11.498435"><ele>276.25</ele></trkpt>
   <trkpt lat="50.717819" lon="11.498077"><ele>277.25</ele></trkpt>
   <trkpt lat="50.717596" lon="11.497903"><ele>278</ele></trkpt>
   <trkpt lat="50.71741" lon="11.497831"><ele>278.5</ele></trkpt>
   <trkpt lat="50.717113" lon="11.497794"><ele>279</ele></trkpt>
   <trkpt lat="50.717065" lon="11.497804"><ele>279</ele></trkpt>
   <trkpt lat="50.716966" lon="11.497822"><ele>279.25</ele></trkpt>
   <trkpt lat="50.716321" lon="11.498054"><ele>281</ele></trkpt>
   <trkpt lat="50.7158" lon="11.498339"><ele>282.25</ele></trkpt>
   <trkpt lat="50.71537" lon="11.498673"><ele>285</ele></trkpt>
   <trkpt lat="50.715136" lon="11.498832"><ele>287.75</ele></trkpt>
   <trkpt lat="50.714987" lon="11.498865"><ele>289.5</ele></trkpt>
   <trkpt lat="50.714846" lon="11.498825"><ele>291</ele></trkpt>
   <trkpt lat="50.714732" lon="11.498758"><ele>292.25</ele></trkpt>
   <trkpt lat="50.714653" lon="11.49869"><ele>290.75</ele></trkpt>
   <trkpt lat="50.714559" lon="11.498573"><ele>289</ele></trkpt>
   <trkpt lat="50.714264" lon="11.498071"><ele>287.75</ele></trkpt>
   <trkpt lat="50.714084" lon="11.497769"><ele>288</ele></trkpt>
   <trkpt lat="50.713852" lon="11.497327"><ele>287.75</ele></trkpt>
   <trkpt lat="50.713773" lon="11.497159"><ele>288.25</ele></trkpt>
   <trkpt lat="50.713731" lon="11.497071"><ele>288</ele></trkpt>
   <trkpt lat="50.713649" lon="11.496814"><ele>288.5</ele></trkpt>
   <trkpt lat="50.713569" lon="11.496483"><ele>289.5</ele></trkpt>
   <trkpt lat="50.713512" lon="11.496154"><ele>290.5</ele></trkpt>
   <trkpt lat="50.713479" lon="11.49589"><ele>290.75</ele></trkpt>
   <trkpt lat="50.713302" lon="11.494689"><ele>291.5</ele></trkpt>
   <trkpt lat="50.713286" lon="11.494428"><ele>292</ele></trkpt>
   <trkpt lat="50.713269" lon="11.493896"><ele>290.5</ele></trkpt>
   <trkpt lat="50.713259" lon="11.493571"><ele>291.25</ele></trkpt>
   <trkpt lat="50.713253" lon="11.493385"><ele>291.25</ele></trkpt>
   <trkpt lat="50.713237" lon="11.493164"><ele>291.75</ele></trkpt>
   <trkpt lat="50.713214" lon="11.49299"><ele>292</ele></trkpt>
   <trkpt lat="50.713179" lon="11.492773"><ele>292.5</ele></trkpt>
   <trkpt lat="50.713129" lon="11.492587"><ele>293</ele></trkpt>
   <trkpt lat="50.713053" lon="11.492394"><ele>293.75</ele></trkpt>
   <trkpt lat="50.712984" lon="11.49226"><ele>294.75</ele></trkpt>
   <trkpt lat="50.712854" lon="11.492043"><ele>295.25</ele></trkpt>
   <trkpt lat="50.712708" lon="11.491839"><ele>296.75</ele></trkpt>
   <trkpt lat="50.712586" lon="11.491684"><ele>297.75</ele></trkpt>
   <trkpt lat="50.712325" lon="11.491408"><ele>298.75</ele></trkpt>
   <trkpt lat="50.712147" lon="11.491258"><ele>299</ele></trkpt>
   <trkpt lat="50.711929" lon="11.491118"><ele>300.5</ele></trkpt>
   <trkpt lat="50.711654" lon="11.490952"><ele>301.75</ele></trkpt>
   <trkpt lat="50.711544" lon="11.490907"><ele>302.75</ele></trkpt>
   <trkpt lat="50.711302" lon="11.490878"><ele>303.5</ele></trkpt>
   <trkpt lat="50.71112" lon="11.490836"><ele>304.75</ele></trkpt>
   <trkpt lat="50.710988" lon="11.490835"><ele>304.75</ele></trkpt>
   <trkpt lat="50.710825" lon="11.490852"><ele>304.25</ele></trkpt>
   <trkpt lat="50.710619" lon="11.490907"><ele>304.5</ele></trkpt>
   <trkpt lat="50.710421" lon="11.490985"><ele>305.25</ele></trkpt>
   <trkpt lat="50.710237" lon="11.491091"><ele>306</ele></trkpt>
   <trkpt lat="50.709592" lon="11.491565"><ele>308</ele></trkpt>
   <trkpt lat="50.709493" lon="11.491684"><ele>307.5</ele></trkpt>
   <trkpt lat="50.709246" lon="11.492071"><ele>304.75</ele></trkpt>
   <trkpt lat="50.709178" lon="11.492121"><ele>304.5</ele></trkpt>
   <trkpt lat="50.709119" lon="11.492134"><ele>304</ele></trkpt>
   <trkpt lat="50.709066" lon="11.492118"><ele>303.75</ele></trkpt>
   <trkpt lat="50.709" lon="11.492082"><ele>303.5</ele></trkpt>
   <trkpt lat="50.708941" lon="11.492011"><ele>303.5</ele></trkpt>
   <trkpt lat="50.708872" lon="11.491879"><ele>303.75</ele></trkpt>
   <trkpt lat="50.708814" lon="11.491712"><ele>305.5</ele></trkpt>
   <trkpt lat="50.708712" lon="11.491356"><ele>305.5</ele></trkpt>
   <trkpt lat="50.708606" lon="11.490933"><ele>306</ele></trkpt>
   <trkpt lat="50.708534" lon="11.490727"><ele>306.25</ele></trkpt>
   <trkpt lat="50.708462" lon="11.490591"><ele>306.25</ele></trkpt>
   <trkpt lat="50.708347" lon="11.490435"><ele>307.5</ele></trkpt>
   <trkpt lat="50.708196" lon="11.490268"><ele>308</ele></trkpt>
   <trkpt lat="50.708016" lon="11.490121"><ele>308.5</ele></trkpt>
   <trkpt lat="50.707845" lon="11.490023"><ele>309</ele></trkpt>
   <trkpt lat="50.707552" lon="11.489961"><ele>309.5</ele></trkpt>
   <trkpt lat="50.707161" lon="11.489783"><ele>311.5</ele></trkpt>
   <trkpt lat="50.706507" lon="11.489297"><ele>315.25</ele></trkpt>
   <trkpt lat="50.70627" lon="11.489166"><ele>317</ele></trkpt>
   <trkpt lat="50.70591" lon="11.489045"><ele>319.5</ele></trkpt>
   <trkpt lat="50.705736" lon="11.489024"><ele>320.25</ele></trkpt>
   <trkpt lat="50.705378" lon="11.489023"><ele>322.25</ele></trkpt>
   <trkpt lat="50.704628" lon="11.489164"><ele>325.5</ele></trkpt>
   <trkpt lat="50.704448" lon="11.48917"><ele>326.75</ele></trkpt>
   <trkpt lat="50.704339" lon="11.489148"><ele>326.75</ele></trkpt>
   <trkpt lat="50.704227" lon="11.4891"><ele>327</ele></trkpt>
   <trkpt lat="50.704096" lon="11.489034"><ele>327.25</ele></trkpt>
   <trkpt lat="50.703863" lon="11.488877"><ele>327.75</ele></trkpt>
   <trkpt lat="50.70376" lon="11.48877"><ele>328</ele></trkpt>
   <trkpt lat="50.703496" lon="11.488371"><ele>328.75</ele></trkpt>
   <trkpt lat="50.70334" lon="11.488037"><ele>330.25</ele></trkpt>
   <trkpt lat="50.703027" lon="11.487229"><ele>329.75</ele></trkpt>
   <trkpt lat="50.70292" lon="11.486869"><ele>328.75</ele></trkpt>
   <trkpt lat="50.702662" lon="11.486335"><ele>328.25</ele></trkpt>
   <trkpt lat="50.702371" lon="11.485879"><ele>326.75</ele></trkpt>
   <trkpt lat="50.702161" lon="11.485632"><ele>325</ele></trkpt>
   <trkpt lat="50.701999" lon="11.485499"><ele>324.25</ele></trkpt>
   <trkpt lat="50.701889" lon="11.485412"><ele>324</ele></trkpt>
   <trkpt lat="50.701778" lon="11.485362"><ele>324</ele></trkpt>
   <trkpt lat="50.701697" lon="11.485338"><ele>324.5</ele></trkpt>
   <trkpt lat="50.70141" lon="11.485291"><ele>324</ele></trkpt>
   <trkpt lat="50.701125" lon="11.48531"><ele>325.5</ele></trkpt>
   <trkpt lat="50.700456" lon="11.485424"><ele>327.5</ele></trkpt>
   <trkpt lat="50.700348" lon="11.485468"><ele>327</ele></trkpt>
   <trkpt lat="50.700034" lon="11.485713"><ele>325.5</ele></trkpt>
   <trkpt lat="50.699787" lon="11.485871"><ele>326.25</ele></trkpt>
   <trkpt lat="50.698907" lon="11.486168"><ele>327.75</ele></trkpt>
   <trkpt lat="50.698808" lon="11.486168"><ele>328.25</ele></trkpt>
   <trkpt lat="50.698087" lon="11.486049"><ele>331.5</ele></trkpt>
   <trkpt lat="50.697973" lon="11.485999"><ele>331.75</ele></trkpt>
   <trkpt lat="50.697899" lon="11.485911"><ele>332.25</ele></trkpt>
   <trkpt lat="50.697448" lon="11.485013"><ele>333.75</ele></trkpt>
   <trkpt lat="50.697366" lon="11.484864"><ele>334.5</ele></trkpt>
   <trkpt lat="50.697196" lon="11.484603"><ele>335.5</ele></trkpt>
   <trkpt lat="50.697002" lon="11.484366"><ele>336.5</ele></trkpt>
   <trkpt lat="50.696715" lon="11.484127"><ele>337</ele></trkpt>
   <trkpt lat="50.696475" lon="11.483989"><ele>337.75</ele></trkpt>
   <trkpt lat="50.696168" lon="11.483855"><ele>338</ele></trkpt>
   <trkpt lat="50.695997" lon="11.483824"><ele>338.25</ele></trkpt>
   <trkpt lat="50.695841" lon="11.483842"><ele>337.5</ele></trkpt>
   <trkpt lat="50.694171" lon="11.484365"><ele>343.25</ele></trkpt>
   <trkpt lat="50.694006" lon="11.484369"><ele>343.5</ele></trkpt>
   <trkpt lat="50.693475" lon="11.484023"><ele>343.75</ele></trkpt>
   <trkpt lat="50.693405" lon="11.483969"><ele>344</ele></trkpt>
   <trkpt lat="50.693113" lon="11.483631"><ele>345.75</ele></trkpt>
   <trkpt lat="50.693081" lon="11.483484"><ele>346.25</ele></trkpt>
   <trkpt lat="50.69282" lon="11.481869"><ele>350</ele></trkpt>
   <trkpt lat="50.692795" lon="11.481623"><ele>350.25</ele></trkpt>
   <trkpt lat="50.692593" lon="11.476814"><ele>361.75</ele></trkpt>
   <trkpt lat="50.692615" lon="11.476374"><ele>363</ele></trkpt>
   <trkpt lat="50.692681" lon="11.475644"><ele>365.5</ele></trkpt>
   <trkpt lat="50.693087" lon="11.472849"><ele>371.5</ele></trkpt>
   <trkpt lat="50.693275" lon="11.471349"><ele>377.5</ele></trkpt>
   <trkpt lat="50.6931" lon="11.47067"><ele>379</ele></trkpt>
   <trkpt lat="50.692993" lon="11.470294"><ele>380</ele></trkpt>
   <trkpt lat="50.690744" lon="11.467573"><ele>405.5</ele></trkpt>
   <trkpt lat="50.690031" lon="11.466646"><ele>412.5</ele></trkpt>
   <trkpt lat="50.68994" lon="11.466445"><ele>413.5</ele></trkpt>
   <trkpt lat="50.68976" lon="11.465763"><ele>416.25</ele></trkpt>
   <trkpt lat="50.689641" lon="11.465567"><ele>417.5</ele></trkpt>
   <trkpt lat="50.689043" lon="11.464958"><ele>421.5</ele></trkpt>
   <trkpt lat="50.688939" lon="11.464876"><ele>422</ele></trkpt>
   <trkpt lat="50.688811" lon="11.464701"><ele>423.25</ele></trkpt>
   <trkpt lat="50.688716" lon="11.464503"><ele>424.25</ele></trkpt>
   <trkpt lat="50.688634" lon="11.464177"><ele>425.75</ele></trkpt>
   <trkpt lat="50.688619" lon="11.463909"><ele>426.75</ele></trkpt>
   <trkpt lat="50.688633" lon="11.463553"><ele>428</ele></trkpt>
   <trkpt lat="50.688663" lon="11.463197"><ele>429.25</ele></trkpt>
   <trkpt lat="50.688674" lon="11.462919"><ele>430.25</ele></trkpt>
   <trkpt lat="50.688638" lon="11.462642"><ele>431</ele></trkpt>
   <trkpt lat="50.688522" lon="11.462084"><ele>431</ele></trkpt>
   <trkpt lat="50.687673" lon="11.459999"><ele>428.5</ele></trkpt>
   <trkpt lat="50.687642" lon="11.459846"><ele>427.75</ele></trkpt>
   <trkpt lat="50.687631" lon="11.45979"><ele>427.75</ele></trkpt>
   <trkpt lat="50.687609" lon="11.459679"><ele>427.25</ele></trkpt>
   <trkpt lat="50.6876" lon="11.459347"><ele>425.25</ele></trkpt>
   <trkpt lat="50.687637" lon="11.459162"><ele>423.75</ele></trkpt>
   <trkpt lat="50.687682" lon="11.459059"><ele>423.25</ele></trkpt>
   <trkpt lat="50.687728" lon="11.458994"><ele>422.75</ele></trkpt>
   <trkpt lat="50.687879" lon="11.458892"><ele>421.25</ele></trkpt>
   <trkpt lat="50.688045" lon="11.458883"><ele>420</ele></trkpt>
   <trkpt lat="50.688556" lon="11.459077"><ele>418.75</ele></trkpt>
   <trkpt lat="50.68883" lon="11.459128"><ele>417.75</ele></trkpt>
   <trkpt lat="50.688913" lon="11.459121"><ele>417.5</ele></trkpt>
   <trkpt lat="50.68899" lon="11.459062"><ele>417.25</ele></trkpt>
   <trkpt lat="50.689058" lon="11.4589"><ele>416.25</ele></trkpt>
   <trkpt lat="50.689079" lon="11.458767"><ele>415.5</ele></trkpt>
   <trkpt lat="50.689082" lon="11.458619"><ele>414.75</ele></trkpt>
   <trkpt lat="50.689072" lon="11.458464"><ele>414.25</ele></trkpt>
   <trkpt lat="50.689035" lon="11.458319"><ele>413.5</ele></trkpt>
   <trkpt lat="50.68822" lon="11.456328"><ele>403.5</ele></trkpt>
   <trkpt lat="50.687313" lon="11.455142"><ele>391.75</ele></trkpt>
   <trkpt lat="50.687099" lon="11.45453"><ele>387.75</ele></trkpt>
   <trkpt lat="50.68689" lon="11.453472"><ele>382.5</ele></trkpt>
   <trkpt lat="50.68688" lon="11.452819"><ele>381.25</ele></trkpt>
   <trkpt lat="50.686856" lon="11.451318"><ele>374</ele></trkpt>
   <trkpt lat="50.686895" lon="11.450266"><ele>368</ele></trkpt>
   <trkpt lat="50.68707" lon="11.449227"><ele>364</ele></trkpt>
   <trkpt lat="50.687142" lon="11.448964"><ele>363.5</ele></trkpt>
   <trkpt lat="50.687226" lon="11.448577"><ele>360.75</ele></trkpt>
   <trkpt lat="50.687282" lon="11.448255"><ele>359.5</ele></trkpt>
   <trkpt lat="50.687272" lon="11.447949"><ele>358.75</ele></trkpt>
   <trkpt lat="50.68715" lon="11.447206"><ele>358</ele></trkpt>
   <trkpt lat="50.687004" lon="11.446287"><ele>355.5</ele></trkpt>
   <trkpt lat="50.686819" lon="11.445294"><ele>354.25</ele></trkpt>
   <trkpt lat="50.686805" lon="11.445196"><ele>354.25</ele></trkpt>
   <trkpt lat="50.68677" lon="11.444932"><ele>353.75</ele></trkpt>
   <trkpt lat="50.68673" lon="11.444591"><ele>352.25</ele></trkpt>
   <trkpt lat="50.686656" lon="11.443815"><ele>348.75</ele></trkpt>
   <trkpt lat="50.686631" lon="11.443697"><ele>348.5</ele></trkpt>
   <trkpt lat="50.686596" lon="11.443592"><ele>348.25</ele></trkpt>
   <trkpt lat="50.686538" lon="11.443458"><ele>348</ele></trkpt>
   <trkpt lat="50.686463" lon="11.443276"><ele>348</ele></trkpt>
   <trkpt lat="50.686322" lon="11.44299"><ele>347.75</ele></trkpt>
   <trkpt lat="50.68615" lon="11.442504"><ele>346.75</ele></trkpt>
   <trkpt lat="50.686044" lon="11.442169"><ele>347</ele></trkpt>
   <trkpt lat="50.685824" lon="11.44142"><ele>344.75</ele></trkpt>
   <trkpt lat="50.685626" lon="11.440795"><ele>343.75</ele></trkpt>
   <trkpt lat="50.685562" lon="11.440575"><ele>342</ele></trkpt>
   <trkpt lat="50.685473" lon="11.440233"><ele>341.75</ele></trkpt>
   <trkpt lat="50.685428" lon="11.440025"><ele>342</ele></trkpt>
   <trkpt lat="50.685385" lon="11.439768"><ele>341.75</ele></trkpt>
   <trkpt lat="50.685351" lon="11.439518"><ele>340.75</ele></trkpt>
   <trkpt lat="50.685303" lon="11.439066"><ele>338.75</ele></trkpt>
   <trkpt lat="50.685253" lon="11.438369"><ele>338.5</ele></trkpt>
   <trkpt lat="50.685225" lon="11.437769"><ele>336.5</ele></trkpt>
   <trkpt lat="50.685221" lon="11.437684"><ele>336.75</ele></trkpt>
   <trkpt lat="50.6852" lon="11.437371"><ele>337</ele></trkpt>
   <trkpt lat="50.685181" lon="11.437105"><ele>337.25</ele></trkpt>
   <trkpt lat="50.685174" lon="11.436896"><ele>336.75</ele></trkpt>
   <trkpt lat="50.68518" lon="11.436784"><ele>336.25</ele></trkpt>
   <trkpt lat="50.685199" lon="11.436653"><ele>336</ele></trkpt>
   <trkpt lat="50.685224" lon="11.436575"><ele>336</ele></trkpt>
   <trkpt lat="50.68532" lon="11.436274"><ele>335</ele></trkpt>
   <trkpt lat="50.685348" lon="11.436157"><ele>334.75</ele></trkpt>
   <trkpt lat="50.68538" lon="11.436025"><ele>335</ele></trkpt>
   <trkpt lat="50.685502" lon="11.435347"><ele>332.5</ele></trkpt>
   <trkpt lat="50.685585" lon="11.434819"><ele>331</ele></trkpt>
   <trkpt lat="50.685626" lon="11.434556"><ele>330.25</ele></trkpt>
   <trkpt lat="50.685778" lon="11.433714"><ele>327.25</ele></trkpt>
   <trkpt lat="50.685835" lon="11.433512"><ele>326.25</ele></trkpt>
   <trkpt lat="50.685907" lon="11.433345"><ele>327</ele></trkpt>
   <trkpt lat="50.686051" lon="11.433058"><ele>326</ele></trkpt>
   <trkpt lat="50.686081" lon="11.432969"><ele>325.5</ele></trkpt>
   <trkpt lat="50.686108" lon="11.43286"><ele>324.75</ele></trkpt>
   <trkpt lat="50.686131" lon="11.432685"><ele>324.5</ele></trkpt>
   <trkpt lat="50.686156" lon="11.432399"><ele>324.25</ele></trkpt>
   <trkpt lat="50.686177" lon="11.432249"><ele>324.25</ele></trkpt>
   <trkpt lat="50.686199" lon="11.432144"><ele>324.5</ele></trkpt>
   <trkpt lat="50.686231" lon="11.432034"><ele>324.25</ele></trkpt>
   <trkpt lat="50.686264" lon="11.431929"><ele>324</ele></trkpt>
   <trkpt lat="50.686294" lon="11.431863"><ele>323.5</ele></trkpt>
   <trkpt lat="50.686387" lon="11.431698"><ele>321.5</ele></trkpt>
   <trkpt lat="50.686504" lon="11.431536"><ele>322</ele></trkpt>
   <trkpt lat="50.686634" lon="11.431374"><ele>320.5</ele></trkpt>
   <trkpt lat="50.686788" lon="11.431204"><ele>320.25</ele></trkpt>
   <trkpt lat="50.686965" lon="11.431007"><ele>319</ele></trkpt>
   <trkpt lat="50.68714" lon="11.430801"><ele>318.75</ele></trkpt>
   <trkpt lat="50.687644" lon="11.430095"><ele>316.5</ele></trkpt>
   <trkpt lat="50.687788" lon="11.429865"><ele>315</ele></trkpt>
   <trkpt lat="50.687835" lon="11.429776"><ele>314.5</ele></trkpt>
   <trkpt lat="50.687862" lon="11.429692"><ele>314</ele></trkpt>
   <trkpt lat="50.687887" lon="11.429569"><ele>313.75</ele></trkpt>
   <trkpt lat="50.687893" lon="11.429477"><ele>313.5</ele></trkpt>
   <trkpt lat="50.687902" lon="11.429138"><ele>313.25</ele></trkpt>
   <trkpt lat="50.68792" lon="11.428849"><ele>313.25</ele></trkpt>
   <trkpt lat="50.688024" lon="11.427777"><ele>311.75</ele></trkpt>
   <trkpt lat="50.688037" lon="11.42751"><ele>310.75</ele></trkpt>
   <trkpt lat="50.688035" lon="11.427296"><ele>310.75</ele></trkpt>
   <trkpt lat="50.688032" lon="11.426858"><ele>310.5</ele></trkpt>
   <trkpt lat="50.68804" lon="11.42673"><ele>310</ele></trkpt>
   <trkpt lat="50.688061" lon="11.42661"><ele>309.75</ele></trkpt>
   <trkpt lat="50.688084" lon="11.426508"><ele>310</ele></trkpt>
   <trkpt lat="50.688149" lon="11.426315"><ele>310.5</ele></trkpt>
   <trkpt lat="50.688289" lon="11.426029"><ele>309.25</ele></trkpt>
   <trkpt lat="50.688406" lon="11.425787"><ele>308.5</ele></trkpt>
   <trkpt lat="50.68849" lon="11.425583"><ele>309</ele></trkpt>
   <trkpt lat="50.688557" lon="11.425392"><ele>308.5</ele></trkpt>
   <trkpt lat="50.68862" lon="11.425143"><ele>307.25</ele></trkpt>
   <trkpt lat="50.688802" lon="11.424197"><ele>304.25</ele></trkpt>
   <trkpt lat="50.688829" lon="11.423988"><ele>302.75</ele></trkpt>
   <trkpt lat="50.688833" lon="11.423794"><ele>301.5</ele></trkpt>
   <trkpt lat="50.688823" lon="11.423687"><ele>301.25</ele></trkpt>
   <trkpt lat="50.688744" lon="11.423226"><ele>301.25</ele></trkpt>
   <trkpt lat="50.688723" lon="11.423133"><ele>301.25</ele></trkpt>
   <trkpt lat="50.688712" lon="11.423081"><ele>301.25</ele></trkpt>
   <trkpt lat="50.688662" lon="11.422932"><ele>300.75</ele></trkpt>
   <trkpt lat="50.688568" lon="11.422726"><ele>299</ele></trkpt>
   <trkpt lat="50.688377" lon="11.422374"><ele>299</ele></trkpt>
   <trkpt lat="50.688312" lon="11.422235"><ele>298</ele></trkpt>
   <trkpt lat="50.688246" lon="11.422042"><ele>297.5</ele></trkpt>
   <trkpt lat="50.6882" lon="11.421881"><ele>297.25</ele></trkpt>
   <trkpt lat="50.68817" lon="11.421736"><ele>297.25</ele></trkpt>
   <trkpt lat="50.688144" lon="11.421571"><ele>297</ele></trkpt>
   <trkpt lat="50.688113" lon="11.42137"><ele>296.75</ele></trkpt>
   <trkpt lat="50.688063" lon="11.420891"><ele>296.75</ele></trkpt>
   <trkpt lat="50.688005" lon="11.420345"><ele>295.5</ele></trkpt>
   <trkpt lat="50.687973" lon="11.42014"><ele>294.75</ele></trkpt>
   <trkpt lat="50.687929" lon="11.419935"><ele>293.75</ele></trkpt>
   <trkpt lat="50.687863" lon="11.419679"><ele>293.75</ele></trkpt>
   <trkpt lat="50.687682" lon="11.419092"><ele>292</ele></trkpt>
   <trkpt lat="50.687636" lon="11.418923"><ele>291.5</ele></trkpt>
   <trkpt lat="50.687594" lon="11.418698"><ele>292.25</ele></trkpt>
   <trkpt lat="50.687557" lon="11.418343"><ele>292.5</ele></trkpt>
   <trkpt lat="50.687541" lon="11.418118"><ele>292</ele></trkpt>
   <trkpt lat="50.687535" lon="11.41766"><ele>290.75</ele></trkpt>
   <trkpt lat="50.687546" lon="11.41705"><ele>290</ele></trkpt>
   <trkpt lat="50.687602" lon="11.416071"><ele>289</ele></trkpt>
   <trkpt lat="50.687626" lon="11.41579"><ele>287.75</ele></trkpt>
   <trkpt lat="50.687668" lon="11.415578"><ele>286.75</ele></trkpt>
   <trkpt lat="50.687751" lon="11.415249"><ele>286</ele></trkpt>
   <trkpt lat="50.687828" lon="11.41495"><ele>286.25</ele></trkpt>
   <trkpt lat="50.687856" lon="11.414841"><ele>285.75</ele></trkpt>
   <trkpt lat="50.687913" lon="11.414676"><ele>284.5</ele></trkpt>
   <trkpt lat="50.687981" lon="11.414532"><ele>284.25</ele></trkpt>
   <trkpt lat="50.688619" lon="11.413469"><ele>282</ele></trkpt>
   <trkpt lat="50.688932" lon="11.412925"><ele>280.25</ele></trkpt>
   <trkpt lat="50.688999" lon="11.412837"><ele>280.25</ele></trkpt>
   <trkpt lat="50.689054" lon="11.412781"><ele>279.75</ele></trkpt>
   <trkpt lat="50.689106" lon="11.412735"><ele>279.5</ele></trkpt>
   <trkpt lat="50.689268" lon="11.412621"><ele>279.75</ele></trkpt>
   <trkpt lat="50.689376" lon="11.412545"><ele>279.5</ele></trkpt>
   <trkpt lat="50.689535" lon="11.412393"><ele>279.5</ele></trkpt>
   <trkpt lat="50.689665" lon="11.412223"><ele>278.25</ele></trkpt>
   <trkpt lat="50.689709" lon="11.412156"><ele>278.25</ele></trkpt>
   <trkpt lat="50.689831" lon="11.411929"><ele>279.25</ele></trkpt>
   <trkpt lat="50.689968" lon="11.411702"><ele>277.25</ele></trkpt>
   <trkpt lat="50.69026" lon="11.411305"><ele>276</ele></trkpt>
   <trkpt lat="50.690307" lon="11.41123"><ele>276</ele></trkpt>
   <trkpt lat="50.690367" lon="11.411112"><ele>276.25</ele></trkpt>
   <trkpt lat="50.690423" lon="11.410965"><ele>275.5</ele></trkpt>
   <trkpt lat="50.690542" lon="11.410576"><ele>275</ele></trkpt>
   <trkpt lat="50.69059" lon="11.410402"><ele>275</ele></trkpt>
   <trkpt lat="50.690612" lon="11.410265"><ele>274.75</ele></trkpt>
   <trkpt lat="50.690623" lon="11.410129"><ele>274.5</ele></trkpt>
   <trkpt lat="50.690617" lon="11.410015"><ele>274.25</ele></trkpt>
   <trkpt lat="50.690585" lon="11.409765"><ele>274</ele></trkpt>
   <trkpt lat="50.690547" lon="11.409414"><ele>273</ele></trkpt>
   <trkpt lat="50.690536" lon="11.409201"><ele>273</ele></trkpt>
   <trkpt lat="50.690541" lon="11.408646"><ele>272</ele></trkpt>
   <trkpt lat="50.690536" lon="11.408196"><ele>271.75</ele></trkpt>
   <trkpt lat="50.690523" lon="11.407871"><ele>271.75</ele></trkpt>
   <trkpt lat="50.690525" lon="11.407656"><ele>271.25</ele></trkpt>
   <trkpt lat="50.690535" lon="11.407502"><ele>271</ele></trkpt>
   <trkpt lat="50.690553" lon="11.407362"><ele>271</ele></trkpt>
   <trkpt lat="50.69058" lon="11.40724"><ele>271.5</ele></trkpt>
   <trkpt lat="50.690622" lon="11.407099"><ele>272</ele></trkpt>
   <trkpt lat="50.690818" lon="11.406522"><ele>270.25</ele></trkpt>
   <trkpt lat="50.690452" lon="11.406154"><ele>269.25</ele></trkpt>
   <trkpt lat="50.690315" lon="11.405977"><ele>269.25</ele></trkpt>
   <trkpt lat="50.690218" lon="11.405808"><ele>269.25</ele></trkpt>
   <trkpt lat="50.690128" lon="11.405685"><ele>269.5</ele></trkpt>
   <trkpt lat="50.690009" lon="11.40558"><ele>269</ele></trkpt>
   <trkpt lat="50.689595" lon="11.405327"><ele>269.25</ele></trkpt>
   <trkpt lat="50.6893" lon="11.405099"><ele>270</ele></trkpt>
   <trkpt lat="50.688979" lon="11.404831"><ele>270</ele></trkpt>
   <trkpt lat="50.688763" lon="11.404631"><ele>271</ele></trkpt>
   <trkpt lat="50.688571" lon="11.404518"><ele>271.5</ele></trkpt>
   <trkpt lat="50.688383" lon="11.404447"><ele>271</ele></trkpt>
   <trkpt lat="50.687945" lon="11.40432"><ele>272.5</ele></trkpt>
   <trkpt lat="50.687721" lon="11.404298"><ele>273.25</ele></trkpt>
   <trkpt lat="50.687571" lon="11.404309"><ele>273.5</ele></trkpt>
   <trkpt lat="50.686965" lon="11.404524"><ele>274</ele></trkpt>
   <trkpt lat="50.686782" lon="11.404608"><ele>274.5</ele></trkpt>
   <trkpt lat="50.686664" lon="11.404712"><ele>275</ele></trkpt>
   <trkpt lat="50.685993" lon="11.405424"><ele>278</ele></trkpt>
   <trkpt lat="50.685819" lon="11.405686"><ele>278</ele></trkpt>
   <trkpt lat="50.685658" lon="11.406073"><ele>279.25</ele></trkpt>
   <trkpt lat="50.685584" lon="11.406313"><ele>279.75</ele></trkpt>
   <trkpt lat="50.68541" lon="11.40729"><ele>281</ele></trkpt>
   <trkpt lat="50.685333" lon="11.407686"><ele>281.25</ele></trkpt>
   <trkpt lat="50.685287" lon="11.407872"><ele>281</ele></trkpt>
   <trkpt lat="50.68522" lon="11.408077"><ele>281.5</ele></trkpt>
   <trkpt lat="50.68513" lon="11.408241"><ele>282.5</ele></trkpt>
   <trkpt lat="50.685015" lon="11.408369"><ele>283</ele></trkpt>
   <trkpt lat="50.684922" lon="11.408398"><ele>283</ele></trkpt>
   <trkpt lat="50.684831" lon="11.408394"><ele>283</ele></trkpt>
   <trkpt lat="50.684643" lon="11.408282"><ele>284.25</ele></trkpt>
   <trkpt lat="50.683502" lon="11.407024"><ele>289.75</ele></trkpt>
   <trkpt lat="50.683074" lon="11.406649"><ele>291.5</ele></trkpt>
   <trkpt lat="50.682779" lon="11.406417"><ele>293.25</ele></trkpt>
   <trkpt lat="50.682564" lon="11.406204"><ele>294.25</ele></trkpt>
   <trkpt lat="50.682406" lon="11.405922"><ele>294.75</ele></trkpt>
   <trkpt lat="50.682216" lon="11.405497"><ele>295.25</ele></trkpt>
   <trkpt lat="50.681705" lon="11.404371"><ele>299.25</ele></trkpt>
   <trkpt lat="50.681658" lon="11.404189"><ele>299.75</ele></trkpt>
   <trkpt lat="50.681618" lon="11.404029"><ele>300.25</ele></trkpt>
   <trkpt lat="50.681445" lon="11.403365"><ele>302</ele></trkpt>
   <trkpt lat="50.681277" lon="11.402583"><ele>302.5</ele></trkpt>
   <trkpt lat="50.681056" lon="11.401676"><ele>305.25</ele></trkpt>
   <trkpt lat="50.680762" lon="11.400615"><ele>308.75</ele></trkpt>
   <trkpt lat="50.680607" lon="11.400135"><ele>310.25</ele></trkpt>
   <trkpt lat="50.680404" lon="11.399516"><ele>314.25</ele></trkpt>
   <trkpt lat="50.680255" lon="11.398832"><ele>314.5</ele></trkpt>
   <trkpt lat="50.680118" lon="11.398464"><ele>316.5</ele></trkpt>
   <trkpt lat="50.679892" lon="11.398136"><ele>318</ele></trkpt>
   <trkpt lat="50.679625" lon="11.397857"><ele>319.25</ele></trkpt>
   <trkpt lat="50.679115" lon="11.397517"><ele>323</ele></trkpt>
   <trkpt lat="50.678768" lon="11.397316"><ele>324</ele></trkpt>
   <trkpt lat="50.678748" lon="11.397304"><ele>324</ele></trkpt>
   <trkpt lat="50.678491" lon="11.3973"><ele>325.25</ele></trkpt>
   <trkpt lat="50.678123" lon="11.397439"><ele>327.5</ele></trkpt>
   <trkpt lat="50.677836" lon="11.397617"><ele>328.25</ele></trkpt>
   <trkpt lat="50.677527" lon="11.398012"><ele>331.5</ele></trkpt>
   <trkpt lat="50.677375" lon="11.398124"><ele>333.25</ele></trkpt>
   <trkpt lat="50.677221" lon="11.398105"><ele>332.25</ele></trkpt>
   <trkpt lat="50.677037" lon="11.39795"><ele>330</ele></trkpt>
   <trkpt lat="50.676787" lon="11.397583"><ele>336</ele></trkpt>
   <trkpt lat="50.676412" lon="11.396879"><ele>340.25</ele></trkpt>
   <trkpt lat="50.675841" lon="11.395869"><ele>346</ele></trkpt>
   <trkpt lat="50.675697" lon="11.395409"><ele>347</ele></trkpt>
   <trkpt lat="50.675562" lon="11.395154"><ele>348.25</ele></trkpt>
   <trkpt lat="50.675339" lon="11.394945"><ele>350.25</ele></trkpt>
   <trkpt lat="50.675104" lon="11.39469"><ele>351.75</ele></trkpt>
   <trkpt lat="50.674905" lon="11.394272"><ele>355</ele></trkpt>
   <trkpt lat="50.674665" lon="11.39358"><ele>356.75</ele></trkpt>
   <trkpt lat="50.673903" lon="11.392304"><ele>364</ele></trkpt>
   <trkpt lat="50.673403" lon="11.391573"><ele>367.5</ele></trkpt>
   <trkpt lat="50.673383" lon="11.391543"><ele>367.5</ele></trkpt>
   <trkpt lat="50.673485" lon="11.391437"><ele>367.25</ele></trkpt>
   <trkpt lat="50.673572" lon="11.391286"><ele>367.25</ele></trkpt>
   <trkpt lat="50.673639" lon="11.391136"><ele>367.5</ele></trkpt>
   <trkpt lat="50.673893" lon="11.390326"><ele>365.75</ele></trkpt>
   <trkpt lat="50.674112" lon="11.390004"><ele>365</ele></trkpt>
   <trkpt lat="50.674307" lon="11.38989"><ele>364.75</ele></trkpt>
   <trkpt lat="50.674741" lon="11.389712"><ele>368</ele></trkpt>
   <trkpt lat="50.675043" lon="11.389628"><ele>370.25</ele></trkpt>
   <trkpt lat="50.675165" lon="11.389573"><ele>371</ele></trkpt>
   <trkpt lat="50.675359" lon="11.389484"><ele>372</ele></trkpt>
   <trkpt lat="50.675979" lon="11.389132"><ele>373.75</ele></trkpt>
   <trkpt lat="50.676265" lon="11.388896"><ele>373</ele></trkpt>
   <trkpt lat="50.676591" lon="11.38855"><ele>371.25</ele></trkpt>
   <trkpt lat="50.676821" lon="11.388248"><ele>369.25</ele></trkpt>
   <trkpt lat="50.676973" lon="11.38814"><ele>369</ele></trkpt>
   <trkpt lat="50.677135" lon="11.388057"><ele>368</ele></trkpt>
   <trkpt lat="50.677311" lon="11.387996"><ele>366.5</ele></trkpt>
   <trkpt lat="50.677468" lon="11.388017"><ele>365.75</ele></trkpt>
   <trkpt lat="50.677716" lon="11.388068"><ele>364.5</ele></trkpt>
   <trkpt lat="50.678021" lon="11.388074"><ele>364</ele></trkpt>
   <trkpt lat="50.678248" lon="11.387981"><ele>363.5</ele></trkpt>
   <trkpt lat="50.678442" lon="11.38774"><ele>362</ele></trkpt>
   <trkpt lat="50.678783" lon="11.386832"><ele>361</ele></trkpt>
   <trkpt lat="50.679015" lon="11.386176"><ele>360.25</ele></trkpt>
   <trkpt lat="50.679382" lon="11.385207"><ele>358.75</ele></trkpt>
   <trkpt lat="50.679556" lon="11.384709"><ele>358</ele></trkpt>
   <trkpt lat="50.679821" lon="11.384248"><ele>358.25</ele></trkpt>
   <trkpt lat="50.680379" lon="11.383577"><ele>362.5</ele></trkpt>
   <trkpt lat="50.680816" lon="11.383139"><ele>365.25</ele></trkpt>
   <trkpt lat="50.681668" lon="11.382271"><ele>371.5</ele></trkpt>
   <trkpt lat="50.6819" lon="11.382069"><ele>372</ele></trkpt>
   <trkpt lat="50.682142" lon="11.381919"><ele>373</ele></trkpt>
   <trkpt lat="50.682535" lon="11.381764"><ele>375.25</ele></trkpt>
   <trkpt lat="50.683582" lon="11.381346"><ele>381.75</ele></trkpt>
   <trkpt lat="50.684143" lon="11.381069"><ele>379.25</ele></trkpt>
   <trkpt lat="50.684592" lon="11.38089"><ele>377.25</ele></trkpt>
   <trkpt lat="50.685107" lon="11.380666"><ele>378.25</ele></trkpt>
   <trkpt lat="50.685304" lon="11.380513"><ele>379.25</ele></trkpt>
   <trkpt lat="50.685455" lon="11.380326"><ele>381</ele></trkpt>
   <trkpt lat="50.685676" lon="11.38002"><ele>382.5</ele></trkpt>
   <trkpt lat="50.685953" lon="11.379556"><ele>386.5</ele></trkpt>
   <trkpt lat="50.68611" lon="11.379208"><ele>387.25</ele></trkpt>
   <trkpt lat="50.686079" lon="11.379142"><ele>387.25</ele></trkpt>
   <trkpt lat="50.686079" lon="11.379083"><ele>387.75</ele></trkpt>
   <trkpt lat="50.686079" lon="11.37904"><ele>388</ele></trkpt>
   <trkpt lat="50.686223" lon="11.378581"><ele>391</ele></trkpt>
   <trkpt lat="50.686339" lon="11.378126"><ele>395.25</ele></trkpt>
   <trkpt lat="50.686475" lon="11.377609"><ele>397.75</ele></trkpt>
   <trkpt lat="50.686782" lon="11.376898"><ele>400.5</ele></trkpt>
   <trkpt lat="50.686838" lon="11.376725"><ele>402.75</ele></trkpt>
   <trkpt lat="50.68683" lon="11.376575"><ele>404.25</ele></trkpt>
   <trkpt lat="50.686829" lon="11.376549"><ele>404.5</ele></trkpt>
   <trkpt lat="50.686775" lon="11.376364"><ele>406.25</ele></trkpt>
   <trkpt lat="50.686637" lon="11.376227"><ele>409.5</ele></trkpt>
   <trkpt lat="50.686508" lon="11.376161"><ele>411.25</ele></trkpt>
   <trkpt lat="50.686165" lon="11.376125"><ele>416</ele></trkpt>
   <trkpt lat="50.686019" lon="11.376107"><ele>417.25</ele></trkpt>
   <trkpt lat="50.685936" lon="11.376081"><ele>417.75</ele></trkpt>
   <trkpt lat="50.685848" lon="11.37599"><ele>419.5</ele></trkpt>
   <trkpt lat="50.685664" lon="11.375747"><ele>421.25</ele></trkpt>
   <trkpt lat="50.685427" lon="11.375532"><ele>423.5</ele></trkpt>
   <trkpt lat="50.685354" lon="11.375414"><ele>424</ele></trkpt>
   <trkpt lat="50.685315" lon="11.375235"><ele>426</ele></trkpt>
   <trkpt lat="50.685268" lon="11.374576"><ele>428.5</ele></trkpt>
   <trkpt lat="50.685108" lon="11.373836"><ele>427</ele></trkpt>
   <trkpt lat="50.685034" lon="11.373306"><ele>431.25</ele></trkpt>
   <trkpt lat="50.685006" lon="11.373168"><ele>433</ele></trkpt>
   <trkpt lat="50.684933" lon="11.372693"><ele>435.25</ele></trkpt>
   <trkpt lat="50.68483" lon="11.372158"><ele>440</ele></trkpt>
   <trkpt lat="50.684806" lon="11.371368"><ele>445.75</ele></trkpt>
   <trkpt lat="50.684848" lon="11.370934"><ele>446</ele></trkpt>
   <trkpt lat="50.685032" lon="11.370084"><ele>444.5</ele></trkpt>
   <trkpt lat="50.685079" lon="11.369825"><ele>444.25</ele></trkpt>
   <trkpt lat="50.685112" lon="11.369482"><ele>443.5</ele></trkpt>
   <trkpt lat="50.685126" lon="11.369222"><ele>444</ele></trkpt>
   <trkpt lat="50.685127" lon="11.369106"><ele>444</ele></trkpt>
   <trkpt lat="50.685099" lon="11.368845"><ele>444</ele></trkpt>
   <trkpt lat="50.685053" lon="11.368661"><ele>444</ele></trkpt>
   <trkpt lat="50.685015" lon="11.368555"><ele>443.75</ele></trkpt>
   <trkpt lat="50.6849" lon="11.368383"><ele>444</ele></trkpt>
   <trkpt lat="50.684536" lon="11.367921"><ele>444.75</ele></trkpt>
   <trkpt lat="50.684448" lon="11.367724"><ele>444.5</ele></trkpt>
   <trkpt lat="50.684374" lon="11.367476"><ele>446</ele></trkpt>
   <trkpt lat="50.684324" lon="11.367227"><ele>446.25</ele></trkpt>
   <trkpt lat="50.684213" lon="11.367085"><ele>448.75</ele></trkpt>
   <trkpt lat="50.684003" lon="11.366965"><ele>451.5</ele></trkpt>
   <trkpt lat="50.683709" lon="11.36683"><ele>455.25</ele></trkpt>
   <trkpt lat="50.683591" lon="11.366829"><ele>457.25</ele></trkpt>
   <trkpt lat="50.683453" lon="11.367014"><ele>460.25</ele></trkpt>
   <trkpt lat="50.683305" lon="11.36739"><ele>464.25</ele></trkpt>
   <trkpt lat="50.683237" lon="11.367497"><ele>465.25</ele></trkpt>
   <trkpt lat="50.683085" lon="11.367689"><ele>467.75</ele></trkpt>
   <trkpt lat="50.683039" lon="11.36781"><ele>468.75</ele></trkpt>
   <trkpt lat="50.682996" lon="11.368018"><ele>469.75</ele></trkpt>
   <trkpt lat="50.682983" lon="11.36813"><ele>470.5</ele></trkpt>
   <trkpt lat="50.682975" lon="11.368252"><ele>471.75</ele></trkpt>
   <trkpt lat="50.682985" lon="11.368341"><ele>472.75</ele></trkpt>
   <trkpt lat="50.683013" lon="11.368459"><ele>473.5</ele></trkpt>
   <trkpt lat="50.68304" lon="11.368541"><ele>474.25</ele></trkpt>
   <trkpt lat="50.683048" lon="11.36858"><ele>474.5</ele></trkpt>
   <trkpt lat="50.683049" lon="11.368622"><ele>475</ele></trkpt>
   <trkpt lat="50.683041" lon="11.368661"><ele>475.25</ele></trkpt>
   <trkpt lat="50.68292" lon="11.369025"><ele>475.5</ele></trkpt>
   <trkpt lat="50.682816" lon="11.369042"><ele>473.75</ele></trkpt>
   <trkpt lat="50.682791" lon="11.369032"><ele>470.5</ele></trkpt>
   <trkpt lat="50.682816" lon="11.369042"><ele>473.75</ele></trkpt>
   <trkpt lat="50.68292" lon="11.369025"><ele>475.5</ele></trkpt>
   <trkpt lat="50.683041" lon="11.368661"><ele>475.25</ele></trkpt>
   <trkpt lat="50.683049" lon="11.368622"><ele>475</ele></trkpt>
   <trkpt lat="50.683048" lon="11.36858"><ele>474.5</ele></trkpt>
   <trkpt lat="50.68304" lon="11.368541"><ele>474.25</ele></trkpt>
   <trkpt lat="50.683013" lon="11.368459"><ele>473.5</ele></trkpt>
   <trkpt lat="50.682985" lon="11.368341"><ele>472.75</ele></trkpt>
   <trkpt lat="50.682975" lon="11.368252"><ele>471.75</ele></trkpt>
   <trkpt lat="50.682983" lon="11.36813"><ele>470.5</ele></trkpt>
   <trkpt lat="50.682996" lon="11.368018"><ele>469.75</ele></trkpt>
   <trkpt lat="50.683039" lon="11.36781"><ele>468.75</ele></trkpt>
   <trkpt lat="50.683085" lon="11.367689"><ele>467.75</ele></trkpt>
   <trkpt lat="50.683237" lon="11.367497"><ele>465.25</ele></trkpt>
   <trkpt lat="50.683305" lon="11.36739"><ele>464.25</ele></trkpt>
   <trkpt lat="50.683453" lon="11.367014"><ele>460.25</ele></trkpt>
   <trkpt lat="50.683591" lon="11.366829"><ele>457.25</ele></trkpt>
   <trkpt lat="50.683709" lon="11.36683"><ele>455.25</ele></trkpt>
   <trkpt lat="50.684003" lon="11.366965"><ele>451.5</ele></trkpt>
   <trkpt lat="50.684213" lon="11.367085"><ele>448.75</ele></trkpt>
   <trkpt lat="50.684324" lon="11.367227"><ele>446.25</ele></trkpt>
   <trkpt lat="50.684374" lon="11.367476"><ele>446</ele></trkpt>
   <trkpt lat="50.684448" lon="11.367724"><ele>444.5</ele></trkpt>
   <trkpt lat="50.684536" lon="11.367921"><ele>444.75</ele></trkpt>
   <trkpt lat="50.6849" lon="11.368383"><ele>444</ele></trkpt>
   <trkpt lat="50.685015" lon="11.368555"><ele>443.75</ele></trkpt>
   <trkpt lat="50.685053" lon="11.368661"><ele>444</ele></trkpt>
   <trkpt lat="50.685099" lon="11.368845"><ele>444</ele></trkpt>
   <trkpt lat="50.685127" lon="11.369106"><ele>444</ele></trkpt>
   <trkpt lat="50.685126" lon="11.369222"><ele>444</ele></trkpt>
   <trkpt lat="50.685112" lon="11.369482"><ele>443.5</ele></trkpt>
   <trkpt lat="50.685079" lon="11.369825"><ele>444.25</ele></trkpt>
   <trkpt lat="50.685032" lon="11.370084"><ele>444.5</ele></trkpt>
   <trkpt lat="50.684848" lon="11.370934"><ele>446</ele></trkpt>
   <trkpt lat="50.684806" lon="11.371368"><ele>445.75</ele></trkpt>
   <trkpt lat="50.68483" lon="11.372158"><ele>440</ele></trkpt>
   <trkpt lat="50.684933" lon="11.372693"><ele>435.25</ele></trkpt>
   <trkpt lat="50.685006" lon="11.373168"><ele>433</ele></trkpt>
   <trkpt lat="50.685034" lon="11.373306"><ele>431.25</ele></trkpt>
   <trkpt lat="50.685108" lon="11.373836"><ele>427</ele></trkpt>
   <trkpt lat="50.685268" lon="11.374576"><ele>428.5</ele></trkpt>
   <trkpt lat="50.685315" lon="11.375235"><ele>426</ele></trkpt>
   <trkpt lat="50.685354" lon="11.375414"><ele>424</ele></trkpt>
   <trkpt lat="50.685427" lon="11.375532"><ele>423.5</ele></trkpt>
   <trkpt lat="50.685664" lon="11.375747"><ele>421.25</ele></trkpt>
   <trkpt lat="50.685848" lon="11.37599"><ele>419.5</ele></trkpt>
   <trkpt lat="50.685936" lon="11.376081"><ele>417.75</ele></trkpt>
   <trkpt lat="50.686019" lon="11.376107"><ele>417.25</ele></trkpt>
   <trkpt lat="50.686165" lon="11.376125"><ele>416</ele></trkpt>
   <trkpt lat="50.686508" lon="11.376161"><ele>411.25</ele></trkpt>
   <trkpt lat="50.686637" lon="11.376227"><ele>409.5</ele></trkpt>
   <trkpt lat="50.686775" lon="11.376364"><ele>406.25</ele></trkpt>
   <trkpt lat="50.686829" lon="11.376549"><ele>404.5</ele></trkpt>
   <trkpt lat="50.68683" lon="11.376575"><ele>404.25</ele></trkpt>
   <trkpt lat="50.686838" lon="11.376725"><ele>402.75</ele></trkpt>
   <trkpt lat="50.686782" lon="11.376898"><ele>400.5</ele></trkpt>
   <trkpt lat="50.686475" lon="11.377609"><ele>397.75</ele></trkpt>
   <trkpt lat="50.686339" lon="11.378126"><ele>395.25</ele></trkpt>
   <trkpt lat="50.686223" lon="11.378581"><ele>391</ele></trkpt>
   <trkpt lat="50.686079" lon="11.37904"><ele>388</ele></trkpt>
   <trkpt lat="50.686079" lon="11.379083"><ele>387.75</ele></trkpt>
   <trkpt lat="50.686079" lon="11.379142"><ele>387.25</ele></trkpt>
   <trkpt lat="50.68611" lon="11.379208"><ele>387.25</ele></trkpt>
   <trkpt lat="50.685953" lon="11.379556"><ele>386.5</ele></trkpt>
   <trkpt lat="50.685676" lon="11.38002"><ele>382.5</ele></trkpt>
   <trkpt lat="50.685455" lon="11.380326"><ele>381</ele></trkpt>
   <trkpt lat="50.685304" lon="11.380513"><ele>379.25</ele></trkpt>
   <trkpt lat="50.685107" lon="11.380666"><ele>378.25</ele></trkpt>
   <trkpt lat="50.684592" lon="11.38089"><ele>377.25</ele></trkpt>
   <trkpt lat="50.684143" lon="11.381069"><ele>379.25</ele></trkpt>
   <trkpt lat="50.683582" lon="11.381346"><ele>381.75</ele></trkpt>
   <trkpt lat="50.682535" lon="11.381764"><ele>375.25</ele></trkpt>
   <trkpt lat="50.682557" lon="11.381477"><ele>375.25</ele></trkpt>
   <trkpt lat="50.682589" lon="11.381047"><ele>374.5</ele></trkpt>
   <trkpt lat="50.682885" lon="11.380535"><ele>369.75</ele></trkpt>
   <trkpt lat="50.683345" lon="11.37995"><ele>365.5</ele></trkpt>
   <trkpt lat="50.683836" lon="11.378975"><ele>362</ele></trkpt>
   <trkpt lat="50.684247" lon="11.378448"><ele>357.25</ele></trkpt>
   <trkpt lat="50.684332" lon="11.37824"><ele>356.75</ele></trkpt>
   <trkpt lat="50.68437" lon="11.377998"><ele>356.25</ele></trkpt>
   <trkpt lat="50.68437" lon="11.377795"><ele>355.75</ele></trkpt>
   <trkpt lat="50.684329" lon="11.377627"><ele>355.75</ele></trkpt>
   <trkpt lat="50.68426" lon="11.377516"><ele>355.5</ele></trkpt>
   <trkpt lat="50.684086" lon="11.377362"><ele>354.75</ele></trkpt>
   <trkpt lat="50.684003" lon="11.377173"><ele>355.75</ele></trkpt>
   <trkpt lat="50.683939" lon="11.376816"><ele>356.25</ele></trkpt>
   <trkpt lat="50.683912" lon="11.376422"><ele>359.25</ele></trkpt>
   <trkpt lat="50.683916" lon="11.376134"><ele>360.75</ele></trkpt>
   <trkpt lat="50.683957" lon="11.375927"><ele>362</ele></trkpt>
   <trkpt lat="50.683947" lon="11.375658"><ele>362</ele></trkpt>
   <trkpt lat="50.683891" lon="11.375414"><ele>362</ele></trkpt>
   <trkpt lat="50.683806" lon="11.375231"><ele>361.25</ele></trkpt>
   <trkpt lat="50.683616" lon="11.374929"><ele>362.25</ele></trkpt>
   <trkpt lat="50.683448" lon="11.374766"><ele>362.25</ele></trkpt>
   <trkpt lat="50.683078" lon="11.374599"><ele>364</ele></trkpt>
   <trkpt lat="50.682932" lon="11.374487"><ele>365</ele></trkpt>
   <trkpt lat="50.682862" lon="11.374415"><ele>364.75</ele></trkpt>
   <trkpt lat="50.682806" lon="11.374349"><ele>364.75</ele></trkpt>
   <trkpt lat="50.6826" lon="11.37416"><ele>362.5</ele></trkpt>
   <trkpt lat="50.682416" lon="11.373948"><ele>362.25</ele></trkpt>
   <trkpt lat="50.682375" lon="11.373785"><ele>362.25</ele></trkpt>
   <trkpt lat="50.68238" lon="11.373608"><ele>361.75</ele></trkpt>
   <trkpt lat="50.682465" lon="11.373339"><ele>359.75</ele></trkpt>
   <trkpt lat="50.682492" lon="11.373119"><ele>359</ele></trkpt>
   <trkpt lat="50.682449" lon="11.37291"><ele>358.5</ele></trkpt>
   <trkpt lat="50.682137" lon="11.372431"><ele>358.75</ele></trkpt>
   <trkpt lat="50.682012" lon="11.37234"><ele>359</ele></trkpt>
   <trkpt lat="50.681917" lon="11.372325"><ele>358.5</ele></trkpt>
   <trkpt lat="50.681754" lon="11.372331"><ele>358.25</ele></trkpt>
   <trkpt lat="50.681264" lon="11.372471"><ele>352.25</ele></trkpt>
   <trkpt lat="50.681102" lon="11.372552"><ele>351</ele></trkpt>
   <trkpt lat="50.68086" lon="11.372763"><ele>348.75</ele></trkpt>
   <trkpt lat="50.680639" lon="11.372995"><ele>347.25</ele></trkpt>
   <trkpt lat="50.680536" lon="11.373087"><ele>346.5</ele></trkpt>
   <trkpt lat="50.68045" lon="11.373115"><ele>345.75</ele></trkpt>
   <trkpt lat="50.680383" lon="11.373099"><ele>345.25</ele></trkpt>
   <trkpt lat="50.680305" lon="11.373011"><ele>345.25</ele></trkpt>
   <trkpt lat="50.680259" lon="11.37292"><ele>345.5</ele></trkpt>
   <trkpt lat="50.680201" lon="11.37265"><ele>347.75</ele></trkpt>
   <trkpt lat="50.680119" lon="11.37191"><ele>350</ele></trkpt>
   <trkpt lat="50.680025" lon="11.371629"><ele>349.5</ele></trkpt>
   <trkpt lat="50.679888" lon="11.371275"><ele>347.75</ele></trkpt>
   <trkpt lat="50.67978" lon="11.371002"><ele>345.5</ele></trkpt>
   <trkpt lat="50.679614" lon="11.37053"><ele>341.75</ele></trkpt>
   <trkpt lat="50.679285" lon="11.370052"><ele>338</ele></trkpt>
   <trkpt lat="50.678786" lon="11.369487"><ele>328.25</ele></trkpt>
   <trkpt lat="50.67865" lon="11.36925"><ele>323.5</ele></trkpt>
   <trkpt lat="50.678617" lon="11.369083"><ele>320.5</ele></trkpt>
   <trkpt lat="50.678564" lon="11.36867"><ele>317.75</ele></trkpt>
   <trkpt lat="50.678482" lon="11.368391"><ele>315.5</ele></trkpt>
   <trkpt lat="50.678339" lon="11.367585"><ele>303</ele></trkpt>
   <trkpt lat="50.677888" lon="11.364059"><ele>281.5</ele></trkpt>
   <trkpt lat="50.677847" lon="11.363829"><ele>278.75</ele></trkpt>
   <trkpt lat="50.67778" lon="11.363667"><ele>275.25</ele></trkpt>
   <trkpt lat="50.677584" lon="11.363344"><ele>274</ele></trkpt>
   <trkpt lat="50.677028" lon="11.362094"><ele>266.5</ele></trkpt>
   <trkpt lat="50.677142" lon="11.361913"><ele>266</ele></trkpt>
   <trkpt lat="50.677231" lon="11.361855"><ele>267</ele></trkpt>
   <trkpt lat="50.677142" lon="11.361913"><ele>266</ele></trkpt>
   <trkpt lat="50.677028" lon="11.362094"><ele>266.5</ele></trkpt>
   <trkpt lat="50.676633" lon="11.361266"><ele>261.75</ele></trkpt>
   <trkpt lat="50.676388" lon="11.360825"><ele>258.75</ele></trkpt>
   <trkpt lat="50.676231" lon="11.360554"><ele>258.5</ele></trkpt>
   <trkpt lat="50.676083" lon="11.360295"><ele>255.75</ele></trkpt>
   <trkpt lat="50.675961" lon="11.36012"><ele>255.75</ele></trkpt>
   <trkpt lat="50.675816" lon="11.359839"><ele>252</ele></trkpt>
   <trkpt lat="50.675762" lon="11.359694"><ele>251.25</ele></trkpt>
   <trkpt lat="50.675612" lon="11.359272"><ele>249</ele></trkpt>
   <trkpt lat="50.675493" lon="11.359047"><ele>246.5</ele></trkpt>
   <trkpt lat="50.675391" lon="11.358905"><ele>245.5</ele></trkpt>
   <trkpt lat="50.675092" lon="11.358608"><ele>245.75</ele></trkpt>
   <trkpt lat="50.674784" lon="11.358391"><ele>246</ele></trkpt>
   <trkpt lat="50.674583" lon="11.358322"><ele>247</ele></trkpt>
   <trkpt lat="50.674048" lon="11.358005"><ele>241.5</ele></trkpt>
   <trkpt lat="50.673886" lon="11.357951"><ele>239.75</ele></trkpt>
   <trkpt lat="50.673677" lon="11.357914"><ele>238</ele></trkpt>
   <trkpt lat="50.673572" lon="11.357905"><ele>236.75</ele></trkpt>
   <trkpt lat="50.673466" lon="11.357924"><ele>235.5</ele></trkpt>
   <trkpt lat="50.673362" lon="11.357975"><ele>235</ele></trkpt>
   <trkpt lat="50.673256" lon="11.35808"><ele>236</ele></trkpt>
   <trkpt lat="50.6731" lon="11.358262"><ele>234</ele></trkpt>
   <trkpt lat="50.672874" lon="11.358542"><ele>231.75</ele></trkpt>
   <trkpt lat="50.672318" lon="11.359335"><ele>227.75</ele></trkpt>
   <trkpt lat="50.672185" lon="11.359496"><ele>225.5</ele></trkpt>
   <trkpt lat="50.671862" lon="11.359755"><ele>220</ele></trkpt>
   <trkpt lat="50.67175" lon="11.359882"><ele>219</ele></trkpt>
   <trkpt lat="50.67154" lon="11.360164"><ele>216.5</ele></trkpt>
   <trkpt lat="50.67145" lon="11.360235"><ele>215.75</ele></trkpt>
   <trkpt lat="50.671374" lon="11.36025"><ele>214.75</ele></trkpt>
   <trkpt lat="50.671316" lon="11.360236"><ele>214.25</ele></trkpt>
   <trkpt lat="50.671187" lon="11.360145"><ele>213.5</ele></trkpt>
   <trkpt lat="50.671138" lon="11.360079"><ele>213.25</ele></trkpt>
   <trkpt lat="50.671089" lon="11.359989"><ele>212.75</ele></trkpt>
   <trkpt lat="50.671052" lon="11.359822"><ele>212.25</ele></trkpt>
   <trkpt lat="50.670964" lon="11.359222"><ele>210</ele></trkpt>
   <trkpt lat="50.67094" lon="11.358822"><ele>209</ele></trkpt>
   <trkpt lat="50.670935" lon="11.358245"><ele>208.5</ele></trkpt>
   <trkpt lat="50.670933" lon="11.358056"><ele>208.5</ele></trkpt>
   <trkpt lat="50.670943" lon="11.357972"><ele>208.5</ele></trkpt>
   <trkpt lat="50.670973" lon="11.357897"><ele>208.75</ele></trkpt>
   <trkpt lat="50.671073" lon="11.357714"><ele>208.75</ele></trkpt>
   <trkpt lat="50.671162" lon="11.357565"><ele>208.75</ele></trkpt>
   <trkpt lat="50.671227" lon="11.357373"><ele>208.5</ele></trkpt>
   <trkpt lat="50.671175" lon="11.357288"><ele>208.75</ele></trkpt>
   <trkpt lat="50.671119" lon="11.357222"><ele>208.75</ele></trkpt>
   <trkpt lat="50.671092" lon="11.357185"><ele>208.75</ele></trkpt>
   <trkpt lat="50.670985" lon="11.357036"><ele>208</ele></trkpt>
   <trkpt lat="50.670876" lon="11.356885"><ele>207.75</ele></trkpt>
   <trkpt lat="50.670674" lon="11.356587"><ele>207.25</ele></trkpt>
   <trkpt lat="50.670561" lon="11.356456"><ele>207</ele></trkpt>
   <trkpt lat="50.670498" lon="11.356407"><ele>207</ele></trkpt>
   <trkpt lat="50.670429" lon="11.356381"><ele>206.75</ele></trkpt>
   <trkpt lat="50.670344" lon="11.356408"><ele>207</ele></trkpt>
   <trkpt lat="50.670218" lon="11.356449"><ele>206.75</ele></trkpt>
   <trkpt lat="50.670052" lon="11.356498"><ele>206.5</ele></trkpt>
   <trkpt lat="50.669159" lon="11.356772"><ele>206.75</ele></trkpt>
   <trkpt lat="50.669006" lon="11.356857"><ele>206.5</ele></trkpt>
   <trkpt lat="50.668868" lon="11.356997"><ele>206.5</ele></trkpt>
   <trkpt lat="50.668793" lon="11.357111"><ele>206.25</ele></trkpt>
   <trkpt lat="50.666503" lon="11.360562"><ele>207</ele></trkpt>
   <trkpt lat="50.666472" lon="11.360612"><ele>207</ele></trkpt>
   <trkpt lat="50.666094" lon="11.361198"><ele>208</ele></trkpt>
   <trkpt lat="50.665791" lon="11.361673"><ele>208.25</ele></trkpt>
   <trkpt lat="50.665629" lon="11.361936"><ele>208.25</ele></trkpt>
   <trkpt lat="50.665403" lon="11.36226"><ele>207.5</ele></trkpt>
   <trkpt lat="50.665198" lon="11.362511"><ele>208</ele></trkpt>
   <trkpt lat="50.664935" lon="11.362792"><ele>209</ele></trkpt>
   <trkpt lat="50.664561" lon="11.363075"><ele>208.75</ele></trkpt>
   <trkpt lat="50.664055" lon="11.363396"><ele>209.25</ele></trkpt>
   <trkpt lat="50.663616" lon="11.363578"><ele>209.25</ele></trkpt>
   <trkpt lat="50.663367" lon="11.363639"><ele>210</ele></trkpt>
   <trkpt lat="50.66299" lon="11.363598"><ele>209.75</ele></trkpt>
   <trkpt lat="50.662881" lon="11.363607"><ele>209.75</ele></trkpt>
   <trkpt lat="50.662782" lon="11.363652"><ele>210</ele></trkpt>
   <trkpt lat="50.661854" lon="11.364348"><ele>209.5</ele></trkpt>
   <trkpt lat="50.661696" lon="11.364447"><ele>210</ele></trkpt>
   <trkpt lat="50.661261" lon="11.364589"><ele>209.5</ele></trkpt>
   <trkpt lat="50.661176" lon="11.364638"><ele>209.5</ele></trkpt>
   <trkpt lat="50.661113" lon="11.364686"><ele>209.75</ele></trkpt>
   <trkpt lat="50.661049" lon="11.364752"><ele>210</ele></trkpt>
   <trkpt lat="50.660992" lon="11.36483"><ele>210</ele></trkpt>
   <trkpt lat="50.660939" lon="11.364924"><ele>210</ele></trkpt>
   <trkpt lat="50.660878" lon="11.365065"><ele>210</ele></trkpt>
   <trkpt lat="50.660828" lon="11.365233"><ele>210</ele></trkpt>
   <trkpt lat="50.660752" lon="11.36555"><ele>209.25</ele></trkpt>
   <trkpt lat="50.660699" lon="11.365706"><ele>209.25</ele></trkpt>
   <trkpt lat="50.660631" lon="11.365839"><ele>209.5</ele></trkpt>
   <trkpt lat="50.660558" lon="11.365943"><ele>209.5</ele></trkpt>
   <trkpt lat="50.660486" lon="11.366022"><ele>209.25</ele></trkpt>
   <trkpt lat="50.660416" lon="11.366075"><ele>209</ele></trkpt>
   <trkpt lat="50.660328" lon="11.366119"><ele>209</ele></trkpt>
   <trkpt lat="50.660182" lon="11.366143"><ele>209</ele></trkpt>
   <trkpt lat="50.660087" lon="11.366135"><ele>209</ele></trkpt>
   <trkpt lat="50.659948" lon="11.366097"><ele>208.75</ele></trkpt>
   <trkpt lat="50.659779" lon="11.366029"><ele>209.5</ele></trkpt>
   <trkpt lat="50.659433" lon="11.365894"><ele>209.25</ele></trkpt>
   <trkpt lat="50.659225" lon="11.365815"><ele>209.75</ele></trkpt>
   <trkpt lat="50.659012" lon="11.365735"><ele>209.75</ele></trkpt>
   <trkpt lat="50.658743" lon="11.365631"><ele>210</ele></trkpt>
   <trkpt lat="50.658614" lon="11.365582"><ele>210</ele></trkpt>
   <trkpt lat="50.658085" lon="11.365384"><ele>210</ele></trkpt>
   <trkpt lat="50.658048" lon="11.36538"><ele>210</ele></trkpt>
   <trkpt lat="50.658016" lon="11.365393"><ele>210</ele></trkpt>
   <trkpt lat="50.657984" lon="11.365429"><ele>210</ele></trkpt>
   <trkpt lat="50.657959" lon="11.365475"><ele>210</ele></trkpt>
   <trkpt lat="50.657949" lon="11.365541"><ele>210</ele></trkpt>
   <trkpt lat="50.657934" lon="11.367204"><ele>210</ele></trkpt>
   <trkpt lat="50.657933" lon="11.367259"><ele>210</ele></trkpt>
   <trkpt lat="50.657922" lon="11.36766"><ele>210</ele></trkpt>
   <trkpt lat="50.657895" lon="11.367973"><ele>210</ele></trkpt>
   <trkpt lat="50.657873" lon="11.368108"><ele>209.75</ele></trkpt>
   <trkpt lat="50.657833" lon="11.368266"><ele>210</ele></trkpt>
   <trkpt lat="50.657786" lon="11.368406"><ele>210</ele></trkpt>
   <trkpt lat="50.65773" lon="11.368558"><ele>210</ele></trkpt>
   <trkpt lat="50.657679" lon="11.368667"><ele>210</ele></trkpt>
   <trkpt lat="50.657615" lon="11.368773"><ele>210</ele></trkpt>
   <trkpt lat="50.657537" lon="11.368863"><ele>210</ele></trkpt>
   <trkpt lat="50.657346" lon="11.369045"><ele>210.25</ele></trkpt>
   <trkpt lat="50.657317" lon="11.369072"><ele>210</ele></trkpt>
   <trkpt lat="50.65718" lon="11.3692"><ele>210</ele></trkpt>
   <trkpt lat="50.656967" lon="11.369399"><ele>210</ele></trkpt>
   <trkpt lat="50.656866" lon="11.369489"><ele>210</ele></trkpt>
   <trkpt lat="50.65638" lon="11.369936"><ele>211</ele></trkpt>
   <trkpt lat="50.655862" lon="11.370378"><ele>211</ele></trkpt>
   <trkpt lat="50.655704" lon="11.370513"><ele>211</ele></trkpt>
   <trkpt lat="50.654806" lon="11.371102"><ele>211</ele></trkpt>
   <trkpt lat="50.654587" lon="11.371255"><ele>211.25</ele></trkpt>
   <trkpt lat="50.654465" lon="11.371316"><ele>211.5</ele></trkpt>
   <trkpt lat="50.654401" lon="11.371322"><ele>211.75</ele></trkpt>
   <trkpt lat="50.654339" lon="11.37132"><ele>211.75</ele></trkpt>
   <trkpt lat="50.654275" lon="11.371314"><ele>211.5</ele></trkpt>
   <trkpt lat="50.654139" lon="11.371328"><ele>211.75</ele></trkpt>
   <trkpt lat="50.65391" lon="11.371391"><ele>212</ele></trkpt>
   <trkpt lat="50.653041" lon="11.371691"><ele>212</ele></trkpt>
   <trkpt lat="50.652963" lon="11.371721"><ele>212</ele></trkpt>
   <trkpt lat="50.652914" lon="11.371756"><ele>212</ele></trkpt>
   <trkpt lat="50.652859" lon="11.371798"><ele>212</ele></trkpt>
   <trkpt lat="50.652762" lon="11.371892"><ele>212</ele></trkpt>
   <trkpt lat="50.652716" lon="11.371965"><ele>212</ele></trkpt>
   <trkpt lat="50.652666" lon="11.372023"><ele>212</ele></trkpt>
   <trkpt lat="50.652635" lon="11.372039"><ele>212</ele></trkpt>
   <trkpt lat="50.652597" lon="11.372087"><ele>212</ele></trkpt>
   <trkpt lat="50.652546" lon="11.372107"><ele>212</ele></trkpt>
   <trkpt lat="50.65248" lon="11.37211"><ele>212</ele></trkpt>
   <trkpt lat="50.652431" lon="11.372117"><ele>212</ele></trkpt>
   <trkpt lat="50.652333" lon="11.372149"><ele>212</ele></trkpt>
   <trkpt lat="50.652208" lon="11.372146"><ele>211.75</ele></trkpt>
   <trkpt lat="50.652122" lon="11.372152"><ele>211.75</ele></trkpt>
   <trkpt lat="50.651985" lon="11.37218"><ele>211.75</ele></trkpt>
   <trkpt lat="50.651439" lon="11.372357"><ele>212</ele></trkpt>
   <trkpt lat="50.651244" lon="11.372421"><ele>212</ele></trkpt>
   <trkpt lat="50.651135" lon="11.372455"><ele>211.75</ele></trkpt>
   <trkpt lat="50.651046" lon="11.37244"><ele>212</ele></trkpt>
   <trkpt lat="50.650999" lon="11.372446"><ele>212.25</ele></trkpt>
   <trkpt lat="50.650935" lon="11.372448"><ele>212.5</ele></trkpt>
   <trkpt lat="50.650892" lon="11.372442"><ele>212.5</ele></trkpt>
   <trkpt lat="50.65086" lon="11.372399"><ele>212.5</ele></trkpt>
   <trkpt lat="50.6508" lon="11.372371"><ele>212.25</ele></trkpt>
   <trkpt lat="50.650752" lon="11.372384"><ele>212.25</ele></trkpt>
   <trkpt lat="50.650729" lon="11.372402"><ele>212.25</ele></trkpt>
   <trkpt lat="50.650694" lon="11.372456"><ele>212.25</ele></trkpt>
   <trkpt lat="50.650675" lon="11.372521"><ele>212.25</ele></trkpt>
   <trkpt lat="50.650671" lon="11.372556"><ele>212.25</ele></trkpt>
   <trkpt lat="50.650676" lon="11.372627"><ele>212</ele></trkpt>
   <trkpt lat="50.650697" lon="11.37269"><ele>212</ele></trkpt>
   <trkpt lat="50.650722" lon="11.372728"><ele>212</ele></trkpt>
   <trkpt lat="50.650752" lon="11.372754"><ele>212</ele></trkpt>
   <trkpt lat="50.650776" lon="11.372805"><ele>212</ele></trkpt>
   <trkpt lat="50.650807" lon="11.372904"><ele>212</ele></trkpt>
   <trkpt lat="50.650825" lon="11.372992"><ele>212</ele></trkpt>
   <trkpt lat="50.650854" lon="11.373098"><ele>212</ele></trkpt>
   <trkpt lat="50.650857" lon="11.373131"><ele>212</ele></trkpt>
   <trkpt lat="50.650882" lon="11.37334"><ele>212</ele></trkpt>
   <trkpt lat="50.650915" lon="11.37345"><ele>212</ele></trkpt>
   <trkpt lat="50.65074" lon="11.373491"><ele>212</ele></trkpt>
   <trkpt lat="50.650652" lon="11.373511"><ele>212</ele></trkpt>
  </trkseg>
 </trk>
</gpx>